tree
version=v4
num_class=1
num_tree_per_iteration=1
label_index=0
max_feature_idx=22
objective=lambdarank
feature_names=semantic_sim bm25_score retrieval_experience_score ranking_experience_score embedding_experience_score vector_db_score evaluation_framework_score production_ml_score hireability_score career_consistency_score timeline_consistency_score recruiter_interest_score startup_readiness_score leadership_score product_ownership_score synthetic_risk_score role_progression_score jd_disqualifier_penalty keyword_trap_risk github_activity_score profile_completeness avg_skill_assessment trust_score
feature_infos=[0.33056640625:0.63232421875] [0.23181019966543789:1] [0:10] [0:9.3000000000000007] none [0:8.5] none [0:10] [0.69111987871256497:7.7274178072130528] [0.25:1] none [0.14000000000000001:18] [0:5] [0:10] [0:7.1999999999999993] none [-1.25:1.25] [-1:0] none [0:0.96900000000000008] [0.25:0.97999999999999998] [0:0.92900000000000005] [0:3]
tree_sizes=3554 3500 3570 3576 3589 3584 3585 3600 3594 3603 3596 3627 3620 3625 3590 3617 3607 3645 3627 3605 3617 3601 3618 3633 3612 3632 3608 3629 3632 3642 3609 3596 3625 3605 3619 3638 3615 3619 3667 3602 3613 3635 3632 3639 3647 3636 3623 3632 3617 3639 3640 3643 3652 3651 3651 3621 3637 3656 3669 3635 3645 3670 3672 3665 3652 3683 3657 3678 3675 3657 3677 3651 3677 3677 3678 3708 3701 3697 3688 3704 3678 3696 3703 3702 3726 3699 3693 3718 3715 3729 3703 3728 3719 3738 3728 3393 2918 2924 3039 2221

Tree=0
num_leaves=31
num_cat=0
split_feature=1 13 0 21 1 1 9 1 17 1 13 9 9 1 9 0 1 1 21 1 0 9 20 13 1 1 1 9 20 11
split_gain=9.95663 1.35123 1.5047 0.463556 0.4225 0.211619 0.223391 0.0963868 0.0774807 0.0764281 0.0688409 0.050022 0.032648 0.024197 0.0180416 0.0235427 0.0169141 0.016833 0.0152263 0.0137036 0.0124725 0.0119274 0.0117685 0.0110366 0.0205051 0.00979281 0.00918327 0.00966339 0.0141553 0.0120648
threshold=0.60908405236354046 1.0000000180025095e-35 0.49475097656250006 0.46625000000000005 0.55841970335894009 0.7938570754413915 0.69047619047619058 0.61059240488531541 -1.0000000180025095e-35 0.74200107251327996 2.3500000000000005 0.81666666666666676 0.84523809523809534 0.57606335917330109 0.69047619047619058 0.43469238281250006 0.69249079469664465 0.64104479504003364 0.64333333333333342 0.67475229868080355 0.44519042968750006 0.55000000000000016 0.77350000000000019 4.7500000000000009 0.66258833491166358 0.56865154585790145 0.50706044527175165 0.69047619047619058 0.42350000000000004 17.330000000000002
decision_type=2 2 2 2 2 2 2 2 2 2 2 2 2 2 2 2 2 2 2 2 2 2 2 2 2 2 2 2 2 2
left_child=3 17 9 11 -5 6 8 -8 -4 12 20 26 14 -13 -3 -16 -17 -2 -10 -14 -6 -11 -15 24 -9 -22 -1 -28 -29 -30
right_child=1 2 5 4 10 -7 7 23 18 21 -12 13 19 22 15 16 -18 -19 -20 -21 25 -23 -24 -25 -26 -27 27 28 29 -31
leaf_value=-0.097839771555293872 0.06622175929185535 -0.08415141207759623 0.039744395143707111 -0.082057734391060511 0.082765827524161631 0.092921362621474435 0.09316465590758316 -0.040886221719832062 -0.046394192225152411 -0.055448591972728667 -0.078746806946730377 -0.077302607760745157 -0.044040572518764115 -0.050257297221869626 -0.093374371191951411 -0.058202767603311036 -0.010358226100863822 0.094802681677011946 -0.099999999999995981 0.028153020929052544 0.040327437276393673 0.027278261144560251 0.016552254745034325 0.044303168327656191 0.040616064179564766 0.0076149411628028338 -0.095610446087657619 -0.094386878777226735 -0.079596562960488365 -0.041777637898720216
leaf_weight=0.74152128931018546 0.05336753711162634 0.15474028138851259 0.022223522595595568 0.17160527591477137 0.014309225080069155 0.30592451483244076 0.11784239699773025 0.011198458945727907 0.028385260215145536 0.005213246200582943 0.013661299715749919 0.31572367448825378 0.016373596008634195 0.0264950621931348 0.039791182891349308 0.094956824977998622 0.022933858490432613 1.4855916193919254 0.024838142562657595 0.010981971034198068 0.11485973847447895 0.026529269351158291 0.0087744205084163696 0.36103905490017496 0.024825175059959292 0.028568431283929385 0.37963006996142212 0.17928610039234627 0.16879160511598457 0.024099266840494238
leaf_count=2388 122 633 77 728 27 366 4 51 133 25 68 1267 77 123 91 458 100 543 2 40 34 99 31 120 84 106 1075 306 717 105
internal_value=6.12131e-09 0.0623236 0.0241009 -0.0799731 -0.0265987 0.0591713 0.0416817 0.0534552 -0.0386691 -0.0605047 0.0289272 -0.0898996 -0.0674362 -0.0729148 -0.0720224 -0.0601197 -0.0488953 0.0938116 -0.0714108 -0.0150582 0.0382526 0.0136916 -0.0336363 0.04167 0.0152799 0.0338117 -0.0938917 -0.0899977 -0.0842725 -0.0748716
internal_weight=4.99408 2.80676 1.2678 2.18733 0.343004 0.896277 0.590352 0.514905 0.0754469 0.37152 0.171399 1.84432 0.339778 0.350993 0.312422 0.157682 0.117891 1.53896 0.0532234 0.0273556 0.157737 0.0317425 0.0352695 0.397063 0.0360236 0.143428 1.49333 0.751807 0.372177 0.192891
internal_count=10000 3025 2360 6975 963 837 471 259 212 1523 235 6012 1399 1421 1282 649 558 665 135 117 167 124 154 255 135 140 4591 2203 1128 822
is_linear=0
shrinkage=0.05


Tree=1
num_leaves=31
num_cat=0
split_feature=7 7 1 20 2 22 8 7 1 12 5 1 5 1 20 0 20 11 8 1 8 2 1 8 7 1 13 1 0 0
split_gain=16.7257 1.35557 0.636069 0.30395 0.249449 0.168819 0.180548 0.113469 0.376099 0.110135 0.0914463 0.259985 0.0804908 0.0338442 0.0287934 0.0248789 0.0232676 0.0200634 0.0388154 0.012691 0.0116361 0.0108168 0.00705524 0.00249972 0.00439517 0.00241603 0.00173429 0.00078088 0.000546145 0.000528529
threshold=1.8750000000000002 5.7750000000000012 0.99994756253435635 0.50550000000000017 2.2500000000000004 2.5000000000000004 2.5810668479078318 7.3500000000000005 0.80670242800927983 1.5500000000000003 1.0000000180025095e-35 0.6873990952604464 4.2500000000000009 0.71634998715041809 0.5395000000000002 0.43786621093750006 0.87750000000000006 14.210000000000003 3.1801089937137133 0.78346284258960497 1.4261338660595719 1.5500000000000003 0.73623722764153554 3.7200072974857066 8.1000000000000014 0.60908405236354046 1.0000000180025095e-35 0.91013736484180552 0.49475097656250006 0.54809570312500011
decision_type=2 2 2 2 2 2 2 2 2 2 2 2 2 2 2 2 2 2 2 2 2 2 2 2 2 2 2 2 2 2
left_child=4 2 3 19 12 10 -7 8 9 13 11 -5 16 -3 -13 -16 20 -12 -19 -2 21 -1 -8 24 -9 -22 -27 28 -28 -30
right_child=1 7 -4 5 -6 6 22 23 -10 -11 17 14 -14 -15 15 -17 -18 18 -20 -21 25 -23 -24 -25 -26 26 27 -29 29 -31
leaf_value=-0.093880554778781863 -0.091259511861520537 -0.089807772903244459 0.095536043664866135 -0.092302961155520932 0.10004623655925218 0.034784351766374913 -0.092558553158431284 0.08543229375926692 0.095216655543610765 0.03414778011186155 0.038694031008212927 0.048000792402857283 0.072806340920053877 -0.0028746319604271101 0.038908909168310218 9.9417810709338014e-05 0.0035746047430085907 0.040984037168940946 0.009502830178489588 -0.030260629551897251 -0.091892350175779791 -0.066217006209812773 -0.05579288435147909 0.096380341248524626 0.09620740811217153 -0.099244634935467757 -0.09309571689100038 -0.090009993236168206 -0.096521805363933511 -0.092986125531210967
leaf_weight=0.06364525062963533 0.056026502956229574 0.026728448319773057 0.35858496604487289 0.055242826842004766 0.017031036317348369 0.060663514472253044 0.05192769349378068 0.16163831341691537 0.47910356835927814 0.16416771888907533 1.2239253682200795 0.099623771267943084 0.0074049303075297548 0.019265474693384022 0.06541728728916496 0.11198605488607427 0.0063228720537152885 0.20162573723064259 0.19035132110002451 0.010057641367893666 1.6736652808613146 0.079444940725807101 0.017428126535378397 1.1368969450413713 0.2283224540296942 0.18715757405152533 0.40165881870780118 0.10890442285744939 0.38157716281421017 0.14619251077238005
leaf_count=189 118 39 19 102 6 13 64 25 33 38 23 3 3 13 5 37 11 17 52 8 6661 8 16 101 28 102 1464 117 524 161
internal_value=-9.50881e-09 0.0591146 0.0338981 0.0235905 -0.0907779 0.0269473 -0.0282156 0.0875939 0.0707548 0.0149892 0.0306289 0.00673968 -0.0918414 -0.0533941 0.0264901 0.0144104 -0.0922413 0.0355411 0.0256962 -0.0819758 -0.0924405 -0.0785215 -0.0833199 0.0951955 0.0917411 -0.0931275 -0.0948143 -0.0940157 -0.0944851 -0.0955424
internal_weight=7.79199 4.71898 2.50286 2.14428 3.073 2.07819 0.130019 2.21612 0.689265 0.210162 1.94817 0.33227 3.05597 0.0459939 0.277027 0.177403 3.04857 1.6159 0.391977 0.0660841 3.04225 0.14309 0.0693558 1.52686 0.389961 2.89916 1.22549 1.03833 0.929428 0.52777
internal_count=10000 754 477 458 9246 332 93 277 123 90 239 147 9240 52 45 42 9237 92 69 126 9226 197 80 154 53 9029 2368 2266 2149 685
is_linear=0
shrinkage=0.05


Tree=2
num_leaves=31
num_cat=0
split_feature=1 8 7 13 2 1 7 7 7 7 2 7 1 1 13 1 7 21 1 13 5 5 7 1 7 22 7 1 1 1
split_gain=15.1817 4.71917 1.08269 0.591611 0.900797 0.0568128 0.12292 1.0625 0.00223784 0.00214425 0.00152583 0.00311753 0.000565966 0.000400806 0.000667356 0.000192804 0.000165527 0.000121408 0.000225816 0.000112754 7.76369e-05 7.56153e-05 7.48933e-05 4.66419e-05 4.53701e-05 4.00544e-05 3.27258e-05 2.6473e-05 2.64277e-05 2.2933e-05
threshold=0.6719872246224976 3.7309569230685979 8.5500000000000025 1.5500000000000003 4.0000000000000009 0.86211933658959194 7.5750000000000011 7.3500000000000005 1.8750000000000002 3.2250000000000005 2.2500000000000004 8.7750000000000021 0.7938570754413915 0.60908405236354046 1.0000000180025095e-35 0.7938570754413915 7.3500000000000005 0.46416666666666667 0.55841970335894009 2.3500000000000005 1.0000000180025095e-35 1.0000000180025095e-35 6.0750000000000011 0.74200107251327996 6.0750000000000011 2.5000000000000004 1.8750000000000002 0.60173033069635184 0.50706044527175165 0.64104479504003364
decision_type=2 2 2 2 2 2 2 2 2 2 2 2 2 2 2 2 2 2 2 2 2 2 2 2 2 2 2 2 2 2
left_child=2 8 9 5 15 6 7 24 12 13 11 -7 20 17 26 -5 21 28 -19 -20 23 27 -10 -2 25 -3 -15 -11 -1 -23
right_child=1 3 -4 4 -6 10 -8 -9 22 16 -12 -13 -14 14 -16 -17 -18 18 19 -21 -22 29 -24 -25 -26 -27 -28 -29 -30 -31
leaf_value=-0.084301452313620781 -0.086259788591696057 -0.094812222649641009 0.077248648489403493 -0.087039816956741164 0.086038221294412312 0.07922207657859727 0.085987277499331438 0.086059025174274287 -0.095624443895060043 -0.08753663342874457 0.086043294853722682 0.085969899512857051 -0.091056309211732314 -0.090307240415562179 -0.085452294200457579 -0.091185332476466721 -0.097634741677941395 -0.084722641636399712 -0.088605687382569701 -0.084774577212027469 -0.089106222791514367 -0.092332352634135556 -0.098435390790374222 -0.088166962586028255 -0.096789260095002147 -0.092069944755313812 -0.092944125636932856 -0.091070764293154291 -0.084638383813863058 -0.095094080000657555
leaf_weight=1.2272522801795296 0.18033881645533245 0.059194967703661172 0.10606414850917634 0.094152777310227864 0.16568812727928162 0.28123719451832618 0.73754331469535828 0.47467322647571564 0.057865264709107578 0.0068363567697814478 1.8525174483656881 0.43735091388225555 0.12516606014105491 0.046279924252303206 0.45768983512243722 0.039948280405951664 0.016882788098882884 0.28714282464352425 0.068548595911124721 0.026680430033593439 0.035928748256992549 0.014066996533074416 0.040129308647010475 0.038988745596725494 0.0216326100344304 0.017180541588459164 0.015778003638843074 0.023559736524475738 1.1069171531562458 0.016143360699061304
leaf_count=3145 432 92 21 232 2 44 33 7 85 24 24 19 288 80 1138 97 17 727 140 68 79 32 63 88 34 41 26 62 2835 25
internal_value=-2.72437e-08 0.0587181 -0.0800035 0.0757393 0.00806491 0.0809664 0.0724923 0.0551125 -0.0900378 -0.0850367 0.0852847 0.083329 -0.0883022 -0.0848399 -0.086112 -0.0882748 -0.0932563 -0.0845965 -0.0854224 -0.0875323 -0.0869517 -0.0920366 -0.0967755 -0.0865988 -0.0947679 -0.0941954 -0.0909777 -0.0902759 -0.0844612 -0.0938081
internal_weight=8.07938 4.65954 3.41984 4.18112 0.299789 3.88133 1.31022 0.572681 0.478417 3.31378 2.57111 0.718588 0.380422 3.23629 0.519748 0.134101 0.0774892 2.71654 0.382372 0.095229 0.255256 0.0606065 0.0979946 0.219328 0.0980081 0.0763755 0.0620579 0.0303961 2.33417 0.0302104
internal_count=10000 1660 8340 625 331 294 207 174 1035 8319 87 63 887 8159 1244 329 160 6915 935 208 599 143 148 520 167 133 106 86 5980 57
is_linear=0
shrinkage=0.05


Tree=3
num_leaves=31
num_cat=0
split_feature=1 13 7 8 8 2 1 7 7 12 7 17 1 13 7 7 0 9 9 1 1 1 9 1 9 1 9 7 13 0
split_gain=15.5482 3.19849 0.672006 0.107347 0.64902 0.0274456 0.0314878 0.240572 0.00904485 0.039713 0.000921629 0.000313702 0.000268968 0.000426592 0.000151388 0.000129918 0.000125617 0.000114383 8.24427e-05 7.04354e-05 3.5555e-05 3.31804e-05 2.76429e-05 2.65769e-05 2.54138e-05 2.52397e-05 2.43752e-05 2.33983e-05 2.1672e-05 2.11611e-05
threshold=0.6899041751943692 2.3500000000000005 7.8000000000000016 3.8324834112099095 3.8168032536465661 2.2500000000000004 0.77651663100177604 7.3500000000000005 7.5750000000000011 1.8000000000000003 3.2250000000000005 -1.0000000180025095e-35 0.60908405236354046 1.0000000180025095e-35 5.7750000000000012 1.8750000000000002 0.49475097656250006 0.69047619047619058 0.81666666666666676 0.55841970335894009 0.63206937801614715 0.74200107251327996 0.69047619047619058 0.50706044527175165 0.69047619047619058 0.7938570754413915 0.69047619047619058 1.8750000000000002 4.7500000000000009 0.49475097656250006
decision_type=2 2 2 2 2 2 2 2 2 2 2 2 2 2 2 2 2 2 2 2 2 2 2 2 2 2 2 2 2 2
left_child=2 3 10 4 15 6 8 14 9 -5 12 25 18 -14 -8 -2 24 21 23 -20 -12 -13 -18 -1 -15 -3 -25 -28 -24 -19
right_child=1 11 -4 5 -6 -7 7 -9 -10 -11 20 17 13 16 -16 -17 22 29 19 -21 -22 -23 28 26 -26 -27 27 -29 -30 -31
leaf_value=-0.078821663376589871 -0.083854969813351207 -0.082826797051960277 0.063070913862729311 0.048194425895009364 0.080009178710248249 0.079978621307305889 -0.08863390003073246 0.079995422930644877 0.07992848270379567 0.076731357424679736 -0.083935736518886972 -0.079236339340888043 -0.084341157106762696 -0.079098406209988009 -0.09742351285184174 -0.088100216343097809 -0.080460213025444566 -0.08162308850261886 -0.079363246727785483 -0.080579746452968351 -0.086300293828781044 -0.08128895316215351 -0.08115886271171141 -0.078921350676168303 -0.079845714368063481 -0.084512907663487236 -0.079359279418734108 -0.081606519046355006 -0.083022264205112259 -0.083033910014186751
leaf_weight=1.1080772082495989 0.03730904625263054 0.02848401796654787 0.084636974032036849 0.1570776542357637 0.32157263159751892 2.5538304597139359 0.018648914759978541 0.11052802205085754 0.3790709525346756 0.54462175129447132 0.026952981366775819 0.073171859301510267 0.058978803834179305 0.20316056354204193 0.0066441501548979423 0.034861918014939874 0.043706070224288851 0.086133435281226411 0.62941305231652211 0.14672751483158208 0.038760276016546413 0.026935827394481748 0.030900430079782382 0.49270094418898203 0.25854474911466241 0.10052124105277471 0.5210605654574465 0.011846454261103645 0.03152036847313866 0.038440646749222651
leaf_count=2620 89 72 34 81 2 27 55 26 26 34 85 177 121 483 24 132 104 202 1514 342 107 65 73 1173 622 286 1236 30 69 89
internal_value=-4.91898e-08 0.0621792 -0.0761914 0.07444 0.0495979 0.0770343 0.0708536 0.0481627 0.0737052 0.0703433 -0.0794633 -0.0821755 -0.0793543 -0.0802938 -0.0909428 -0.0859056 -0.0798734 -0.0810471 -0.0791519 -0.0795932 -0.0853304 -0.0797886 -0.0814246 -0.0789914 -0.0795169 -0.0841406 -0.0791749 -0.0794092 -0.0820998 -0.0820584
internal_weight=8.20484 4.51785 3.68699 4.16417 0.393744 3.77042 1.21659 0.135821 1.08077 0.701699 3.60235 0.353687 3.53664 0.626811 0.0252931 0.072171 0.567832 0.224682 2.90983 0.776141 0.0657133 0.100108 0.106127 2.13369 0.461705 0.129005 1.02561 0.532907 0.0624208 0.124574
internal_count=10000 1387 8613 496 223 273 246 105 141 115 8579 891 8387 1472 79 221 1351 533 6915 1856 192 242 246 5059 1105 358 2439 1266 142 291
is_linear=0
shrinkage=0.05


Tree=4
num_leaves=31
num_cat=0
split_feature=1 13 11 2 2 7 19 7 7 1 13 1 0 22 20 20 7 0 1 1 1 13 22 1 0 17 1 1 13 13
split_gain=16.8113 1.50993 0.0506436 0.332978 0.00756467 0.0097338 0.0158951 0.00241865 0.000468905 0.000317448 0.000380776 0.000228129 0.000157498 0.000149159 0.000292072 0.000289044 7.84555e-05 6.21627e-05 5.48308e-05 4.49364e-05 3.87563e-05 5.90496e-05 2.76976e-05 2.21379e-05 1.85095e-05 1.71121e-05 1.14595e-05 1.11479e-05 1.07911e-05 1.07651e-05
threshold=0.74200107251327996 2.3500000000000005 15.710000000000003 2.2500000000000004 1.2500000000000002 8.7750000000000021 0.70650000000000013 3.2250000000000005 7.8000000000000016 0.60908405236354046 1.0000000180025095e-35 0.6899041751943692 0.49475097656250006 2.5000000000000004 0.92700000000000016 0.83250000000000013 1.8750000000000002 0.41003417968750006 0.7938570754413915 0.6873990952604464 0.55841970335894009 1.8000000000000003 2.5000000000000004 0.62864831884764616 0.49475097656250006 -1.0000000180025095e-35 0.69249079469664465 0.77651663100177604 1.1500000000000001 4.3500000000000005
decision_type=2 2 2 2 2 2 2 2 2 2 2 2 2 2 2 2 2 2 2 2 2 2 2 2 2 2 2 2 2 2
left_child=7 2 3 16 5 6 -4 9 11 20 19 23 26 14 15 -6 -2 -10 -3 -11 28 -22 -13 -9 -20 -14 -12 -18 -1 -27
right_child=1 18 4 -5 13 -7 -8 8 17 10 12 22 25 -15 -16 -17 27 -19 24 -21 21 -23 -24 -25 -26 29 -28 -29 -30 -31
leaf_value=-0.07490179071037413 -0.079455228975936237 -0.077300621460052593 0.053428014802484151 0.075554229847678636 0.073103571988913083 0.07550527176954544 0.075585658083432816 -0.078656722949598537 -0.097725349681793833 -0.079074215014503582 -0.075164881405129086 -0.085567415943300112 -0.078088430639361703 0.075500543979973245 0.075560074170736957 0.075186829985522674 -0.085149396471163277 -0.088928064279968397 -0.077061197971219894 -0.082706339495688383 -0.076004859116492074 -0.074917945392242655 -0.082638284918675614 -0.080604866460183514 -0.079349071279935235 -0.076280734940571707 -0.075716409364593645 -0.082202369828991623 -0.074679605880201033 -0.077180292573057779
leaf_weight=0.87231399284792299 0.026096932648215332 0.065910209261346497 0.18231161768198978 0.22136859595775604 0.35534743251628242 0.32187222689390182 0.14556260406970978 0.024553387338528299 0.0048875338397920132 0.054968380311038234 0.47940617127460428 0.027717299468349665 0.03048717841738835 1.9947913932264782 0.66411466896533966 0.31330216329661198 0.0089873085671570152 0.0034083685313817114 0.0097376370104029775 0.01007668994134292 0.16841912828385819 0.48424342114594765 0.011385842517483979 0.035910221107769758 0.095938760816352442 0.060360226518241689 0.11720909635187127 0.0049910481029655793 1.4630309442291034 0.074071769748115912
leaf_count=2028 69 161 87 8 32 12 4 82 6 120 1122 69 75 40 3 11 29 50 25 22 387 1125 36 110 290 141 277 31 3375 173
internal_value=2.912e-08 0.0669759 0.0728621 0.0515455 0.0742634 0.0693286 0.0632651 -0.0753065 -0.08269 -0.0750977 -0.0759649 -0.0817384 -0.0756513 0.0752269 0.0748174 0.0740797 -0.0810743 -0.094111 -0.0784324 -0.0796369 -0.0748578 -0.0751984 -0.0847145 -0.0798138 -0.0791383 -0.0770189 -0.0752732 -0.0840971 -0.0747626 -0.0767764
internal_weight=8.33278 4.41033 4.23875 0.261444 3.9773 0.649746 0.327874 3.92245 0.107863 3.81459 0.82658 0.0995668 0.761534 3.32756 1.33276 0.66865 0.0400753 0.0082959 0.171587 0.0650451 2.98801 0.652663 0.0391031 0.0604636 0.105676 0.164919 0.596615 0.0139784 2.33534 0.134432
internal_count=10000 802 326 137 189 103 91 9198 353 8845 1930 297 1788 86 46 43 129 56 476 142 6915 1512 105 192 315 389 1399 60 5403 314
is_linear=0
shrinkage=0.05


Tree=5
num_leaves=31
num_cat=0
split_feature=1 13 1 21 2 3 7 21 0 7 1 13 11 0 1 7 9 1 7 1 7 1 9 21 1 21 22 1 13 1
split_gain=15.4723 1.33885 0.0396907 0.115053 0.280893 0.00299738 0.00681496 0.00839853 0.00127917 0.00127191 0.000214806 0.000251695 0.000150023 0.00010898 9.62043e-05 0.000141155 4.13613e-05 4.12024e-05 4.08119e-05 3.75862e-05 3.25811e-05 3.23606e-05 3.07782e-05 2.95947e-05 2.67018e-05 2.45829e-05 2.3439e-05 2.1413e-05 2.81013e-05 2.02878e-05
threshold=0.74200107251327996 2.3500000000000005 0.86211933658959194 0.58640000000000014 2.2500000000000004 1.2500000000000002 9.8250000000000011 0.77350000000000019 0.52856445312500011 3.2250000000000005 0.60908405236354046 1.0000000180025095e-35 15.550000000000002 0.49475097656250006 0.6899041751943692 7.3500000000000005 0.81666666666666676 0.77651663100177604 7.8000000000000016 0.7938570754413915 1.0000000180025095e-35 0.55841970335894009 0.69047619047619058 0.46625000000000005 0.6873990952604464 0.46625000000000005 2.5000000000000004 0.55841970335894009 2.3500000000000005 0.69249079469664465
decision_type=2 2 2 2 2 2 2 2 2 2 2 2 2 2 2 2 2 2 2 2 2 2 2 2 2 2 2 2 2 2
left_child=9 2 3 4 12 6 7 -4 -5 10 16 24 20 22 15 -11 25 -14 -17 -3 -2 -18 -13 -23 -12 -1 -7 -27 -29 -24
right_child=1 19 5 8 -6 26 -8 -9 -10 14 11 13 17 -15 -16 18 21 -19 -20 -21 -22 23 29 -25 -26 27 -28 28 -30 -31
leaf_value=-0.071221028862103991 -0.07469500040524342 -0.073426252119925317 0.051362255040861143 0.066233315189276346 0.07193317661614293 0.071667850798017754 0.071946964559459189 0.071942979466488324 0.071375807071028474 -0.07525696551329876 -0.074899428715529529 -0.07134538458076152 -0.083705790873685945 -0.073183551922755968 -0.079444700752187805 -0.078549025977236647 -0.071541396672183177 -0.079729963791643432 -0.085589142463806264 -0.074957585162531135 -0.078676794557736796 -0.071979107645125606 -0.0718800386286053 -0.073669165790670885 -0.077790023084208099 -0.071478012285264722 0.071958589340655896 -0.073706446375412904 -0.07150998098799799 -0.072916666878847902
leaf_weight=2.0276698379311728 0.014850392355583497 0.065596359287155681 0.11160498944809694 0.23867932264693081 0.083489328622817993 1.0423597256303767 0.36955640465021133 0.08918086439371109 0.24511051896843128 0.054684316477505379 0.053578159539028891 0.27775954190292396 0.012477305892389268 0.16459677321836352 0.035083962517092004 0.0038957406068220735 0.65654138106037851 0.013640029734233394 0.0043652485474012792 0.10297566838562489 0.0078548236342612654 0.11573909205617383 0.27102064419887029 0.033371889236150309 0.0093893518496770412 0.15454795429832291 2.0696548521518707 0.028984032163862139 0.029264903336297721 0.057151724118739367
leaf_count=4581 37 161 52 40 1 43 6 2 8 181 120 633 29 389 127 11 1514 40 34 315 29 267 631 75 22 348 39 63 67 135
internal_value=2.45114e-08 0.0638645 0.0692852 0.0575391 0.0162228 0.0712505 0.0679183 0.0605034 0.0688387 -0.0717219 -0.0715798 -0.072291 -0.0790451 -0.0720426 -0.0773466 -0.0761772 -0.0713852 -0.0816294 -0.0822691 -0.0743617 -0.0760725 -0.0716924 -0.0717327 -0.0723574 -0.0753305 -0.0712747 0.0718612 -0.0717859 -0.0726029 -0.0720606
internal_weight=8.44468 4.46703 4.29846 0.616102 0.132312 3.68236 0.570342 0.200786 0.48379 3.97764 3.87962 0.833496 0.0488226 0.770529 0.0980293 0.0629453 3.04612 0.0261173 0.00826099 0.168572 0.0227052 0.805652 0.605932 0.149111 0.0629675 2.24047 3.11201 0.212797 0.0582489 0.328172
internal_count=10000 802 326 184 136 142 60 54 48 9198 8845 1930 135 1788 353 226 6915 69 45 476 66 1856 1399 342 142 5059 82 478 130 766
is_linear=0
shrinkage=0.05


Tree=6
num_leaves=31
num_cat=0
split_feature=2 7 13 2 9 2 21 0 7 2 7 7 0 0 14 9 8 0 13 11 13 0 13 11 8 8 9 0 13 0
split_gain=12.3758 3.15068 0.139076 0.416413 0.00663369 0.00175611 0.00302291 0.00418683 0.00148197 0.000260672 0.000125016 9.70132e-05 6.54923e-05 6.13718e-05 4.95873e-05 3.80658e-05 3.0658e-05 2.67681e-05 2.27213e-05 2.2595e-05 2.14962e-05 1.75302e-05 2.05257e-05 1.66634e-05 1.62514e-05 1.56949e-05 1.2865e-05 1.21765e-05 7.82326e-06 7.76991e-06
threshold=1.2500000000000002 7.3500000000000005 1.5500000000000003 4.0000000000000009 0.69047619047619058 2.2500000000000004 0.63525000000000009 0.58837890625000011 3.2250000000000005 1.0000000180025095e-35 1.8750000000000002 2.6250000000000004 0.50415039062500011 0.50415039062500011 1.8000000000000003 0.69047619047619058 4.6602653974291437 0.53540039062500011 2.3500000000000005 17.950000000000006 2.3500000000000005 0.49475097656250006 4.3500000000000005 16.030000000000005 3.8459950564407128 3.7725807046555047 0.84523809523809534 0.43469238281250006 3.1500000000000004 0.47058105468750006
decision_type=2 2 2 2 2 2 2 2 2 2 2 2 2 2 2 2 2 2 2 2 2 2 2 2 2 2 2 2 2 2
left_child=1 8 5 18 -3 6 7 -2 9 10 15 16 -11 14 25 17 -12 -1 -4 -16 24 26 -23 -15 -14 29 -17 -27 -28 -10
right_child=2 4 3 -5 -6 -7 -8 -9 13 12 11 -13 20 23 19 21 -18 -19 -20 -21 -22 22 -24 -25 -26 27 28 -29 -30 -31
leaf_value=-0.068451843081670585 0.055232633264409609 0.069022448420952551 -0.073683172548963616 0.069043980595006618 0.053891038076011859 0.06903806268575928 0.068730291142769753 0.069024563770084812 -0.072367948659773265 -0.069667409139077277 -0.071732000159049458 -0.069042373329370452 -0.072232695856577475 -0.075664975793146572 -0.074827205063986255 -0.068636398772803711 -0.075006464622961996 -0.070728198466965667 -0.071506714549656916 -0.078689015394221573 -0.071278064611775813 -0.068874241909870584 -0.069644523005143538 -0.079215937677133225 -0.074934665582657226 -0.073069825947604902 -0.068842133523337332 -0.074744914134489346 -0.069357902842185043 -0.073969189825885323
leaf_weight=1.4320189178979497 0.12216804391937408 0.39191781729459751 0.015228783973725402 0.19447615742683411 0.08885479997843504 2.9934569075703621 0.39605161914369091 0.10012546926736832 0.024876408046111353 0.05862309390795406 0.020126599527429678 0.034294172597583383 0.019041882711462677 0.0057472058397252113 0.0075737696024589241 1.2502240391913804 0.011085536971222609 0.013032030488829949 0.056409667711704969 0.0075768603128381073 0.051419409865047783 0.3185414689069147 0.11871632546535693 0.0077708596945740283 0.0078630823118146509 0.015747818717500195 0.63904383670887899 0.034874727251008153 0.083080253272783011 0.01089368449174799
leaf_count=3190 49 11 40 2 101 34 29 1 82 138 50 95 46 20 27 2804 29 31 184 20 150 725 275 25 20 50 1440 103 193 36
internal_value=-2.3395e-09 -0.0549789 0.0659668 0.031083 0.0662259 0.068537 0.0661112 0.0614448 -0.0689457 -0.068787 -0.0687121 -0.070878 -0.0709313 -0.0745414 -0.07412 -0.0686753 -0.072895 -0.0684724 -0.0719694 -0.0767585 -0.0718772 -0.0687969 -0.0690834 -0.0777062 -0.0730224 -0.0736573 -0.0687334 -0.0742238 -0.0689015 -0.0728556
internal_weight=8.53086 4.65294 3.87792 0.266115 0.480773 3.6118 0.618345 0.222294 4.17217 4.05711 3.92016 0.0655063 0.136947 0.115061 0.101543 3.85466 0.0312121 1.44505 0.0716385 0.0151506 0.0783244 2.40961 0.437258 0.0135181 0.026905 0.0863926 1.97235 0.0506225 0.722124 0.0357701
internal_count=10000 9661 339 226 112 113 79 50 9549 9186 8832 174 354 363 318 8658 79 3221 224 47 216 5437 1000 45 66 271 4437 153 1633 118
is_linear=0
shrinkage=0.05


Tree=7
num_leaves=31
num_cat=0
split_feature=1 8 1 11 8 5 21 3 1 13 13 21 1 11 21 1 13 9 8 17 1 1 9 13 1 13 20 9 11 9
split_gain=13.5244 1.16457 0.0507427 0.276941 0.00638047 0.012362 0.000671739 0.00108292 0.000272681 0.00056358 0.000185583 7.7573e-05 7.34785e-05 2.97961e-05 2.82409e-05 6.21023e-05 3.3123e-05 2.77045e-05 2.73978e-05 2.57037e-05 2.18519e-05 2.09849e-05 1.87429e-05 1.36797e-05 1.12705e-05 1.04238e-05 9.4249e-06 8.53202e-06 7.4057e-06 1.04555e-05
threshold=0.74200107251327996 3.8168032536465661 0.91013736484180552 16.690000000000001 5.6408539867526128 2.5000000000000004 0.54375000000000007 2.8500000000000001 0.60908405236354046 1.0000000180025095e-35 1.8000000000000003 0.42025000000000007 0.6899041751943692 16.550000000000008 0.46416666666666667 0.55841970335894009 2.3500000000000005 0.69047619047619058 3.9336862871130989 -1.0000000180025095e-35 0.7938570754413915 0.6899041751943692 0.81666666666666676 2.3500000000000005 0.57606335917330109 1.0000000180025095e-35 0.77350000000000019 0.76388888888888895 16.890000000000004 0.84523809523809534
decision_type=2 2 2 2 2 2 2 2 2 2 2 2 2 2 2 2 2 2 2 2 2 2 2 2 2 2 2 2 2 2
left_child=8 10 3 11 5 -5 7 -4 14 12 13 -3 -10 25 22 -16 28 19 -14 -11 -12 -19 -1 -22 -24 -2 -26 -15 -17 -30
right_child=1 2 6 4 -6 -7 -8 -9 9 17 20 -13 18 27 15 16 -18 21 -20 -21 23 -23 24 -25 26 -27 -28 -29 29 -31
leaf_value=-0.066035769319294294 -0.072495588873269359 -0.068644102283321781 0.06279711256008659 0.041723856333487346 0.066182319733605388 0.066581369303101087 0.066554410661025257 0.066434599807446634 -0.069333823324890562 -0.068036776768857596 -0.067655684298163501 -0.074152007541489193 -0.070483448820119254 -0.076360214458928058 -0.066210016042882666 -0.067813129747957002 -0.066239744089996749 -0.066710854210734458 -0.073066911500042131 -0.066195613379945326 -0.070629466348672912 -0.06755782688930928 -0.066275691565676351 -0.068737660710506826 -0.066672170489601432 -0.069915971093358203 -0.06818150032578893 -0.073693470499246391 -0.069870670544940547 -0.06790592537498108
leaf_weight=2.07722353830468 0.0099085601104887955 0.036889067414449417 0.34366729814792085 0.099247014906723052 0.25468778589856811 0.10083197802305222 3.020296884176787 0.50569416471989825 0.097869315039133542 0.020089875964913517 0.049256502505159006 0.00773260902496986 0.019386187341297045 0.004809758043847979 0.32916434976505105 0.044310191151453182 0.03035800060024485 0.33288492824067362 0.021805829921504483 0.33591740985866636 0.01084515659022145 0.093721811193972826 0.55734816179028701 0.080369009141577408 0.052435290213907138 0.006475359230535104 0.012884569732705131 0.0079685574455652386 0.013194417668273672 0.013909691595472395
leaf_count=4587 41 104 36 53 11 2 47 14 287 49 121 27 66 26 733 105 68 764 82 752 28 223 1266 248 121 17 30 27 31 34
internal_value=-1.63708e-08 0.0592788 0.0642693 0.0492697 0.0609331 0.0542511 0.0662051 0.0649628 -0.0663904 -0.0671463 -0.0692579 -0.0695986 -0.0700795 -0.0728875 -0.0661679 -0.0665438 -0.0676232 -0.0666252 -0.0718511 -0.0662995 -0.0685043 -0.0668969 -0.0661079 -0.0689626 -0.0663485 -0.0714761 -0.0669699 -0.0746972 -0.0682114 -0.0688624
internal_weight=8.59118 4.53868 4.36905 0.499388 0.454767 0.200079 3.86966 0.849361 4.0525 0.921675 0.169633 0.0446217 0.139061 0.0291622 3.13083 0.430937 0.101772 0.782614 0.041192 0.356007 0.140471 0.426607 2.69989 0.0912142 0.622668 0.0163839 0.0653199 0.0127783 0.0714143 0.0271041
internal_count=10000 802 294 197 66 55 97 50 9198 2223 508 131 435 111 6975 971 238 1788 148 801 397 987 6004 276 1417 58 151 53 170 65
is_linear=0
shrinkage=0.05


Tree=8
num_leaves=31
num_cat=0
split_feature=1 2 13 2 7 21 14 7 1 1 13 7 1 13 1 13 0 8 1 7 8 21 9 1 13 9 21 20 21 8
split_gain=13.0433 0.783426 0.0882455 0.3859 0.0010256 0.000385811 0.000650841 0.00138575 0.000261585 0.000151815 0.000132956 0.000117317 7.87725e-05 8.94401e-05 4.89145e-05 4.2662e-05 4.16929e-05 3.41147e-05 2.24694e-05 1.96757e-05 1.80349e-05 1.78768e-05 1.65179e-05 1.30156e-05 1.18978e-05 1.16274e-05 1.08945e-05 1.03233e-05 9.60202e-06 8.41639e-06
threshold=0.86211933658959194 2.2500000000000004 1.5500000000000003 4.0000000000000009 3.2250000000000005 0.60525000000000018 2.3500000000000005 9.8250000000000011 0.73623722764153554 0.74200107251327996 1.0000000180025095e-35 7.3500000000000005 0.60908405236354046 1.0000000180025095e-35 0.6873990952604464 2.3500000000000005 0.49475097656250006 3.8324834112099095 0.7938570754413915 7.8000000000000016 3.9336862871130989 0.58125000000000016 0.81666666666666676 0.55954648717207978 2.3500000000000005 0.69047619047619058 0.46625000000000005 0.63050000000000017 0.46625000000000005 3.87489109346342
decision_type=2 2 2 2 2 2 2 2 2 2 2 2 2 2 2 2 2 2 2 2 2 2 2 2 2 2 2 2 2 2
left_child=1 4 5 15 8 6 7 -2 12 11 -10 14 22 -14 -6 -4 25 -11 -12 -13 -16 -19 28 -24 -20 -15 -25 -7 -1 -17
right_child=2 -3 3 -5 9 27 -8 -9 10 17 18 19 13 16 20 29 -18 21 24 -21 -22 -23 23 26 -26 -27 -28 -29 -30 -31
leaf_value=-0.064040472888953467 0.058355904891353408 0.064545539104455027 -0.070093598986900388 0.064546448219424388 -0.06644603782649576 0.064362982991583481 0.064535555360707611 0.064531023067590385 -0.072056782993673046 -0.070202770025027408 -0.065471902308722282 -0.071346754231706846 -0.066554033838995538 -0.064121182375845395 -0.067520391148562994 -0.06644633629358386 -0.065262629365979388 -0.072532753612521636 -0.068015398292054538 -0.075865662264951297 -0.06992061450861646 -0.076041570005556586 -0.064241618087118091 -0.064530515601814484 -0.066340078843247233 -0.064558600321089704 -0.065565564694389317 0.064546760561716085 -0.064389592345980504 -0.067965154838550021
leaf_weight=2.0871897028409889 0.16869394568493623 0.12103251367807377 0.01133299566572521 0.27328895032405853 0.050576291600009315 1.3356755846762101 0.44041620939970016 0.19688770174980164 0.0096194661746266119 0.011832588032120839 0.085743167001055554 0.0061113099800422788 0.059706156083848216 0.28163020426291041 0.013272240525111556 0.047008075198391452 0.16049346493673511 0.010553666565101594 0.014045062998775393 0.0039759752398822457 0.019072813360253349 0.0055331828189082435 0.67719226496410545 0.11440082735498436 0.043176861538086087 0.32987372070783749 0.032686933787772432 1.7857832908630369 0.2174701465119141 0.01131718565011397
leaf_count=4581 36 3 30 2 173 19 6 10 22 51 210 24 138 624 43 156 377 35 35 56 57 25 1523 259 123 755 74 39 478 36
internal_value=8.98636e-08 -0.0608834 0.0620924 0.037769 -0.0644688 0.0642163 0.0632411 0.0616816 -0.0643353 -0.0690072 -0.0663668 -0.0680365 -0.0642571 -0.0646896 -0.0674172 -0.0672865 -0.0645454 -0.0722407 -0.065984 -0.0731279 -0.0689357 -0.0737396 -0.0641421 -0.0643342 -0.0667513 -0.0643571 -0.0647605 0.0644681 -0.0640734 -0.066741
internal_weight=8.62559 4.35519 4.2704 0.342947 4.23416 3.92746 0.805998 0.365582 4.11323 0.120928 0.152585 0.0930086 3.96064 0.831704 0.0829213 0.0696583 0.771997 0.0279194 0.142965 0.0100873 0.0323451 0.0160868 3.12894 0.82428 0.0572219 0.611504 0.147088 3.12146 2.30466 0.0583253
internal_count=10000 9666 334 224 9663 110 52 46 9199 464 390 353 8809 1894 273 222 1756 111 368 80 100 60 6915 1856 158 1379 333 58 5059 192
is_linear=0
shrinkage=0.05


Tree=9
num_leaves=31
num_cat=0
split_feature=1 2 13 2 2 20 8 1 13 1 13 8 11 1 17 13 9 0 1 13 0 1 11 8 9 9 1 9 1 20
split_gain=12.3226 0.776034 0.0802197 0.361787 0.00102805 0.00187475 0.00381593 0.000456016 0.000467978 6.53255e-05 0.000142508 4.63633e-05 3.88031e-05 5.57118e-05 3.44532e-05 3.05768e-05 1.90111e-05 1.69117e-05 1.4308e-05 2.67553e-05 2.67767e-05 9.71406e-06 6.2768e-06 6.1397e-06 6.06241e-06 5.1416e-06 4.9512e-06 4.3141e-06 4.27377e-06 3.97043e-06
threshold=0.86211933658959194 2.2500000000000004 1.5500000000000003 4.0000000000000009 2.2500000000000004 0.85750000000000004 6.0416093941841593 0.6899041751943692 1.5500000000000003 0.60908405236354046 1.0000000180025095e-35 3.8324834112099095 17.610000000000003 0.74200107251327996 -1.0000000180025095e-35 2.3500000000000005 0.69047619047619058 0.49475097656250006 0.55841970335894009 1.0000000180025095e-35 0.43029785156250006 0.74641398968546757 16.610000000000003 3.87489109346342 0.81666666666666676 0.84523809523809534 0.7938570754413915 0.69047619047619058 0.74200107251327996 0.4925000000000001
decision_type=2 2 2 2 2 2 2 2 2 2 2 2 2 2 2 2 2 2 2 2 2 2 2 2 2 2 2 2 2 2
left_child=1 7 4 15 5 6 -2 9 11 18 -11 21 29 -14 26 -4 28 -12 24 20 -20 -9 -23 -17 -1 -21 -10 -19 -16 -13
right_child=2 -3 3 -5 -6 -7 -8 8 14 10 17 12 13 -15 16 23 -18 27 19 25 -22 22 -24 -25 -26 -27 -28 -29 -30 -31
leaf_value=-0.062345293717610106 0.049530957237706764 0.062791279670065259 -0.06754822785566332 0.062790753776330574 0.062791386498999166 0.062461701476245801 0.062788419067555584 -0.065640417008040908 -0.063916367191024434 -0.064772458156877655 -0.062575550385576842 -0.06603139401146628 -0.067328498768899681 -0.072774566680903027 -0.06247137868841679 -0.064428716614443313 -0.063566044672022412 -0.062901024024757571 -0.06609284676165765 -0.062440872572831319 -0.063107087490336514 -0.066362846680355997 -0.068311294351796184 -0.065732796165482207 -0.062521054096409776 -0.062895392758971783 -0.06470165919622857 -0.063546415502364631 -0.063206885829068943 -0.067783137319371842
leaf_weight=1.7825128573749691 0.098312171467114573 0.12685671448707569 0.011072330409660824 0.27765384316444397 3.2424580454826355 0.4624690382333938 0.12118017673492432 0.019532475474988931 0.036910837632603943 0.09616511283093121 0.49258220012416132 0.0038047760899644336 0.0080761586723383516 0.011219626758247614 0.079952271480578929 0.046738071658182889 0.12315465995925479 0.045055863622110337 0.0079838907695374273 0.48876336702960543 0.1262662768131122 0.0087233934900723398 0.0078553996863774955 0.011185757728526369 0.6769377723103388 0.071296467445790768 0.043997342057991773 0.060880184581037611 0.026230020564980805 0.021589841926470399
leaf_count=3892 54 3 30 2 31 19 6 69 96 287 1105 13 33 33 180 156 293 104 25 1079 295 32 28 36 1523 161 127 142 62 84
internal_value=4.82808e-08 -0.0590659 0.0603837 0.0373277 0.0624203 0.0606556 0.0568503 -0.0627122 -0.064339 -0.0625469 -0.0629859 -0.0677283 -0.068805 -0.0704951 -0.0634563 -0.0651407 -0.0631433 -0.0626988 -0.0624503 -0.0626507 -0.0632847 -0.0663959 -0.0672861 -0.0646805 -0.0623937 -0.0624987 -0.0643434 -0.0632719 -0.0626531 -0.0675207
internal_weight=8.63742 4.36635 4.27107 0.34665 3.92442 0.681961 0.219492 4.23949 0.391047 3.84844 0.694683 0.0808017 0.0446904 0.0192958 0.310245 0.0689962 0.229337 0.598518 3.15376 0.69431 0.13425 0.0361113 0.0165788 0.0579238 2.45945 0.56006 0.0809082 0.105936 0.106182 0.0253946
internal_count=10000 9666 334 224 110 79 60 9663 1050 8613 1638 292 163 66 758 222 535 1351 6975 1560 320 129 60 192 5415 1240 223 246 242 97
is_linear=0
shrinkage=0.05


Tree=10
num_leaves=31
num_cat=0
split_feature=1 2 13 2 21 3 20 7 1 1 13 7 1 13 11 1 0 13 20 1 7 8 9 1 11 9 21 21 21 1
split_gain=11.7219 0.738355 0.074194 0.340825 0.000580886 0.00100924 0.00107581 0.000531798 0.00014074 7.60876e-05 6.59413e-05 6.11638e-05 4.40194e-05 4.9309e-05 2.76188e-05 2.61861e-05 2.35745e-05 2.23517e-05 1.819e-05 1.22897e-05 9.85734e-06 9.66706e-06 9.38868e-06 7.31614e-06 6.88354e-06 6.68761e-06 6.29818e-06 5.70128e-06 5.55685e-06 4.81351e-06
threshold=0.86211933658959194 2.2500000000000004 1.5500000000000003 4.0000000000000009 0.60525000000000018 7.7000000000000002 0.89650000000000007 3.2250000000000005 0.73623722764153554 0.74200107251327996 1.0000000180025095e-35 7.3500000000000005 0.60908405236354046 1.0000000180025095e-35 17.950000000000006 0.6873990952604464 0.49475097656250006 2.3500000000000005 0.58750000000000013 0.7938570754413915 7.8000000000000016 3.9336862871130989 0.81666666666666676 0.55954648717207978 16.690000000000001 0.69047619047619058 0.46625000000000005 0.53930000000000011 0.46625000000000005 0.55841970335894009
decision_type=2 2 2 2 2 2 2 2 2 2 2 2 2 2 2 2 2 2 2 2 2 2 2 2 2 2 2 2 2 2
left_child=1 7 4 17 5 6 -2 8 12 11 -10 15 22 -14 -11 -9 25 -4 -6 -12 -13 -17 28 -24 -21 -15 -25 -16 -1 -30
right_child=2 -3 3 -5 18 -7 -8 9 10 14 19 20 13 16 27 21 -18 -19 -20 24 -22 -23 23 26 -26 -27 -28 -29 29 -31
leaf_value=-0.06089620769227766 0.055195106376616225 0.061289207478906121 -0.065396034182477775 0.061289394994268526 0.061041315708779499 0.061280517488324561 0.06065126945886843 -0.062698698112206006 -0.066760335381048849 -0.065483543180222897 -0.061973001190391779 -0.06639418201938467 -0.062777093529955461 -0.060956035071972461 -0.067602820437736522 -0.063499935571354901 -0.061816724682948791 -0.062923091719752466 0.061288505100264117 -0.062609009916400976 -0.069723423429858197 -0.065283164556613357 -0.061048411151011506 -0.061263117135204416 -0.063892205322487933 -0.061287596614058373 -0.062051931438405941 -0.069839656440561587 -0.061018587206875086 -0.061548086610232158
leaf_weight=2.093035713740393 0.19445810533943619 0.12669034302234639 0.010865119809750357 0.27879586815834045 1.2328660858329388 0.44583322107791901 0.16873895557364449 0.049910425412235671 0.0090222180588169776 0.014726409455761313 0.085254418663680553 0.005815935175633058 0.058871448301942908 0.28225331020075828 0.0055025769688654691 0.012989038572413847 0.15977166456286795 0.057461807213257998 1.8778098970651624 0.042487957369303331 0.0035993375931866467 0.018318732851184905 0.67829407734097902 0.1143700021202676 0.013860661681974307 0.32977106038015336 0.032494555052835494 0.0059064507950097322 0.15885920668370079 0.058810860820813105
leaf_count=4581 43 3 30 2 14 3 6 173 22 66 210 24 138 624 18 43 377 192 44 123 56 57 1523 259 35 755 74 27 348 130
internal_value=-6.51923e-08 -0.057651 0.058918 0.0367623 0.0608801 0.0596866 0.05773 -0.06121 -0.0611156 -0.0645374 -0.0626158 -0.063852 -0.0610586 -0.0613823 -0.0669142 -0.0634098 -0.0612759 -0.0633163 0.0611905 -0.0623517 -0.0676669 -0.0645433 -0.0609729 -0.0611177 -0.0629247 -0.0611347 -0.0614376 -0.0687608 -0.0609212 -0.0611616
internal_weight=8.62745 4.36062 4.26683 0.347123 3.91971 0.80903 0.363197 4.23393 4.11716 0.116769 0.150625 0.0906335 3.96653 0.830667 0.0261354 0.0812182 0.771796 0.0683269 3.11068 0.141603 0.00941527 0.0313078 3.13586 0.825159 0.0563486 0.612024 0.146865 0.011409 2.31071 0.21767
internal_count=10000 9666 334 224 110 52 49 9663 9199 464 390 353 8809 1894 111 273 1756 222 58 368 80 100 6915 1856 158 1379 333 45 5059 478
is_linear=0
shrinkage=0.05


Tree=11
num_leaves=31
num_cat=0
split_feature=1 2 13 2 21 7 1 1 13 7 20 1 13 11 1 0 13 1 9 7 1 11 9 21 21 21 9 17 1 13
split_gain=11.1867 0.704881 0.0691559 0.323106 0.000560937 0.000393183 0.000105493 5.58141e-05 4.82406e-05 4.46019e-05 3.84465e-05 3.34079e-05 3.72969e-05 1.99782e-05 1.95391e-05 1.79244e-05 1.65795e-05 9.23074e-06 7.15692e-06 7.07246e-06 5.55964e-06 5.11401e-06 5.09634e-06 4.78506e-06 4.22981e-06 4.12475e-06 3.72154e-06 3.93465e-06 3.65288e-06 5.09438e-06
threshold=0.86211933658959194 2.2500000000000004 1.5500000000000003 4.0000000000000009 0.54375000000000007 3.2250000000000005 0.73623722764153554 0.74200107251327996 1.0000000180025095e-35 7.3500000000000005 0.58750000000000013 0.60908405236354046 1.0000000180025095e-35 17.950000000000006 0.6873990952604464 0.49475097656250006 2.3500000000000005 0.7938570754413915 0.81666666666666676 7.8000000000000016 0.55954648717207978 16.690000000000001 0.69047619047619058 0.46625000000000005 0.46625000000000005 0.56525000000000014 0.69047619047619058 -1.0000000180025095e-35 0.55841970335894009 2.3500000000000005
decision_type=2 2 2 2 2 2 2 2 2 2 2 2 2 2 2 2 2 2 2 2 2 2 2 2 2 2 2 2 2 2
left_child=1 5 4 16 -2 6 11 9 -8 14 -6 18 -13 -9 -7 22 -4 -10 24 -11 -20 -19 -14 -22 -1 -15 27 -17 -26 -30
right_child=2 -3 3 -5 10 7 8 13 17 19 -12 12 15 25 -16 26 -18 21 20 -21 23 -23 -24 -25 28 -27 -28 -29 29 -31
leaf_value=-0.059645218876744843 0.058486429579328307 0.059998225528586635 -0.063561361941520872 0.060000101087905704 0.059607854230812884 -0.061219084208689739 -0.064726868309423938 -0.063638881938479469 -0.06058645797994066 -0.064430647307607822 0.060000145076936511 -0.061287783354905923 -0.059697655861094913 -0.06566562866340489 -0.062821811768272853 -0.060829885599814143 -0.061415270141333994 -0.06114126511481599 -0.059778419927452003 -0.067293078998408057 -0.059966140590756313 -0.062252547077489208 -0.059987587203949491 -0.060655578207299811 -0.059752321656159846 -0.067632949628088329 -0.060662790259063439 -0.059958287520282864 -0.060693562114890298 -0.059761129441917429
leaf_weight=2.0869941143027986 0.95428430999163572 0.12621474266052235 0.010686360503313952 0.27933806926012039 0.89732077642111141 0.049513242265675106 0.0088218451419378452 0.014474996889475733 0.084780011675320566 0.005694380437489599 2.0547561645507812 0.058395504864165448 0.28141164517728612 0.0065881370101124048 0.030873758340021595 0.017230819037649781 0.057009064446901903 0.042140617093537003 0.67609984660521139 0.0034747286990750581 0.11395377301960252 0.013724358112085611 0.32849592142156325 0.032301262544933707 0.15833098322036665 0.0044734387192875147 0.089608859474537894 0.052098355285124853 0.028498813917394727 0.030141591152641922
leaf_count=4581 41 3 30 2 17 173 22 66 210 24 52 138 624 23 100 42 192 123 1523 56 259 35 755 74 348 22 215 120 63 67
internal_value=4.04315e-08 -0.0564333 0.05764 0.0362497 0.0595402 -0.0599172 -0.0598363 -0.0627995 -0.0611402 -0.0622115 0.0598809 -0.059787 -0.0600696 -0.0648614 -0.0618346 -0.0599771 -0.0617541 -0.0609153 -0.0597123 -0.0655154 -0.0598389 -0.0614143 -0.0598538 -0.0601184 -0.0596671 -0.0664612 -0.06045 -0.0601749 -0.0598772 -0.0602143
internal_weight=8.59773 4.34434 4.25339 0.347033 3.90636 4.21812 4.10303 0.115093 0.149467 0.0895561 2.95208 3.95356 0.827241 0.0255366 0.080387 0.768846 0.0676954 0.140645 3.12632 0.00916911 0.822355 0.055865 0.609908 0.146255 2.30397 0.0110616 0.158938 0.0693292 0.216971 0.0586404
internal_count=10000 9666 334 224 110 9663 9199 464 390 353 69 8809 1894 111 273 1756 222 368 6915 80 1856 158 1379 333 5059 45 377 162 478 130
is_linear=0
shrinkage=0.05


Tree=12
num_leaves=31
num_cat=0
split_feature=2 7 2 7 13 7 0 0 0 14 13 7 8 21 17 7 8 14 11 0 7 0 0 13 8 8 13 8 21 21
split_gain=10.2949 1.06653 0.0831756 0.411635 0.000613881 0.000375227 0.000343351 8.21389e-05 7.07889e-05 7.77008e-05 4.96506e-05 4.46935e-05 3.72867e-05 3.80018e-05 1.57988e-05 1.57139e-05 1.55517e-05 1.01387e-05 7.34743e-06 6.5626e-06 6.12367e-06 4.66795e-06 4.04506e-06 3.87609e-06 2.70037e-06 5.18461e-06 2.54273e-06 2.35837e-06 2.07391e-06 1.80365e-06
threshold=1.2500000000000002 8.7750000000000021 2.2500000000000004 9.3000000000000025 1.5500000000000003 3.2250000000000005 0.54516601562500011 0.54321289062500011 0.50610351562500011 1.1500000000000001 1.8000000000000003 1.8750000000000002 4.6602653974291437 0.54775000000000007 -1.0000000180025095e-35 7.3500000000000005 3.5926061176129456 1.8000000000000003 17.950000000000006 0.50170898437500011 2.6250000000000004 0.49475097656250006 0.45690917968750006 2.3500000000000005 3.651887178919957 4.4734753148157331 4.3500000000000005 4.0491629270070097 0.60525000000000018 0.46625000000000005
decision_type=2 2 2 2 2 2 2 2 2 2 2 2 2 2 2 2 2 2 2 2 2 2 2 2 2 2 2 2 2 2
left_child=1 5 3 4 6 7 16 11 15 -10 -9 14 20 -14 19 17 -2 22 -19 -1 -13 29 27 -6 -24 -26 -23 -7 -17 -16
right_child=2 -3 -4 -5 23 8 -8 10 9 -11 -12 12 13 -15 21 28 -18 18 -20 -21 -22 26 24 -25 25 -27 -28 -29 -30 -31
leaf_value=-0.058926075608550933 -0.061441743019552401 0.058313025995078718 0.058892931192025356 0.058877248209294568 -0.060922480592148436 -0.060151871701427086 -0.077712956207667702 -0.064082655445347372 -0.070521742564513407 -0.06214385381432002 -0.060002114355881958 -0.059976635947138326 -0.059774889432478578 -0.064785437993320719 -0.058640789243732228 -0.062778576854298981 -0.065778278725883238 -0.06117134370149431 -0.063513588149731723 -0.059854176008261234 -0.058910274190229296 -0.058742607519452851 -0.060665942305329026 -0.059996807592618599 -0.062599871920159741 -0.061021936163830559 -0.05897261593647625 -0.060881243444198312 -0.064486955457387668 -0.058757399536695093
leaf_weight=0.036946826177882364 0.0043479986779856317 0.20379557978594665 3.693648673593998 0.37868160009384155 0.014252595166908577 0.022241642756853142 0.0087274280958808959 0.0089297049562445663 0.0044570946774911135 0.0073009658954106271 0.045130323385819793 0.023270355712156632 0.0079555044358130544 0.007217207021312789 2.8919217983784629 0.0049016500124707809 0.0039416438376065344 0.0068152766616549343 0.0065815955167636275 0.039314548281254247 0.031944397458573803 0.44173930777469639 0.013719226961256936 0.054753801989136264 0.0078204149031080306 0.015569672774290666 0.16505491008865647 0.0220904947782401 0.0027863148134201765 0.37455077751656052
leaf_count=85 13 47 36 17 40 77 21 20 13 38 134 61 25 18 6440 39 28 27 20 106 87 996 50 184 23 52 383 73 16 831
internal_value=5.56878e-08 -0.0533844 0.0563847 0.0364483 -0.0622855 -0.0588194 -0.0707911 -0.0587401 -0.061645 -0.0653196 -0.0606761 -0.0587141 -0.059963 -0.0621583 -0.0586919 -0.0612236 -0.0635037 -0.0610474 -0.062322 -0.0594045 -0.0593597 -0.0586778 -0.0608377 -0.060188 -0.0612229 -0.0615495 -0.0588052 -0.0605153 -0.0633977 -0.0586542
internal_weight=8.55041 4.39206 4.15835 0.464705 0.0860235 4.18826 0.0170171 4.07398 0.114284 0.0117581 0.05406 4.01992 0.0703875 0.0151727 3.94953 0.102526 0.00828964 0.0948383 0.0133969 0.0762614 0.0552148 3.87327 0.0814415 0.0690064 0.0371093 0.0233901 0.606794 0.0443321 0.00768796 3.26647
internal_count=10000 9661 339 303 286 9614 62 9186 428 51 154 9032 191 43 8841 377 41 322 47 191 148 8650 275 224 125 75 1379 150 55 7271
is_linear=0
shrinkage=0.05


Tree=13
num_leaves=31
num_cat=0
split_feature=2 7 2 7 13 7 8 2 5 7 8 9 12 9 8 7 12 17 9 17 7 8 11 12 13 19 5 13 21 20
split_gain=9.96063 0.952548 0.0769345 0.386374 0.000369127 0.000277881 0.000184709 5.5688e-05 4.59737e-05 2.70134e-05 2.69883e-05 2.10696e-05 3.53991e-05 1.28837e-05 2.16235e-05 1.02022e-05 8.31348e-06 6.04314e-06 5.58926e-06 5.15486e-06 4.16271e-06 3.87237e-06 3.4435e-06 3.14131e-06 2.9381e-06 2.48658e-06 2.0508e-06 1.82785e-06 1.57776e-06 1.53946e-06
threshold=1.2500000000000002 8.7750000000000021 2.2500000000000004 9.3000000000000025 1.5500000000000003 3.2250000000000005 3.7877837951846764 1.0000000180025095e-35 1.3000000000000003 1.8750000000000002 4.6602653974291437 0.76388888888888895 1.1500000000000001 0.63333333333333341 3.9029887640186876 7.3500000000000005 1.0000000180025095e-35 -1.0000000180025095e-35 0.69047619047619058 -1.0000000180025095e-35 2.6250000000000004 3.5926061176129456 15.570000000000002 1.8000000000000003 2.3500000000000005 0.076500000000000012 1.0000000180025095e-35 2.3500000000000005 0.60525000000000018 0.46750000000000008
decision_type=2 2 2 2 2 2 2 2 2 2 2 2 2 2 2 2 2 2 2 2 2 2 2 2 2 2 2 2 2 2
left_child=1 5 3 4 6 7 -2 9 -3 18 20 12 -7 14 29 16 26 27 19 -1 -11 -18 -23 -24 -6 -25 -13 -15 -17 -9
right_child=2 8 -4 -5 24 11 -8 13 -10 10 -12 15 -14 17 -16 28 21 -19 -20 -21 -22 22 23 25 -26 -27 -28 -29 -30 -31
leaf_value=-0.058494452264654717 -0.062930231125393241 0.056308439185672465 0.05789629418104561 0.057885486987299783 -0.059686538901826236 -0.059219022762369969 -0.073886803380825525 -0.05946431464985609 0.057884850019421646 -0.058811478008988553 -0.060764149808598913 -0.059004315073919858 -0.064595219778211435 -0.059372138370060314 -0.061747891741057583 -0.061279383463352904 -0.059697860541292815 -0.058136975317523855 -0.057764786884733715 -0.057629968386078534 -0.057874985986293273 -0.059832095320950657 -0.060299966597942178 -0.06212008460780151 -0.058876206035811833 -0.060798243387805123 -0.059741931772211654 -0.058701091255931349 -0.062804057973884872 -0.05857653210017956
leaf_weight=0.017454771703341865 0.0091759896604343139 0.081985914439428487 3.6818374246358871 0.37604083865880966 0.014090996410232037 0.0054701080953235559 0.0066230088996235273 0.0069925676798446848 0.10610702633857727 0.019070030859438591 0.01325118204113096 0.020893029024591669 0.0069545965525321662 0.014760287333047017 0.0088645343203097582 0.0044702753366436801 0.01805337899713777 0.054162435873877257 2.40302229358349 1.4293644930003218 0.031411521864356473 0.010640764172421768 0.011977232847129926 0.0065001497569028297 0.054261844052234665 0.0078598552208859473 0.017165142518933862 0.032474417530465871 0.0027348567673470825 0.016186663444386795
leaf_count=43 25 40 36 17 40 20 37 19 7 50 38 74 32 39 22 39 67 130 5437 3178 86 38 39 21 184 25 57 102 16 42
internal_value=-2.80055e-08 -0.0528608 0.0554872 0.0362125 -0.0606353 -0.0578374 -0.0675233 -0.0577692 0.0571977 -0.0577349 -0.0587559 -0.0602861 -0.0622283 -0.0587736 -0.0596476 -0.0600455 -0.0599052 -0.0584974 -0.057718 -0.0576404 -0.0582288 -0.0602981 -0.0605912 -0.0608979 -0.0590433 -0.0613966 -0.059337 -0.0589108 -0.0618581 -0.0588444
internal_weight=8.48986 4.34783 4.14203 0.460193 0.0841518 4.15973 0.015799 4.04702 0.188093 3.91357 0.0637327 0.112719 0.0124247 0.133441 0.0320438 0.100295 0.0930896 0.101397 3.84984 1.44682 0.0504816 0.0550314 0.036978 0.0263372 0.0683528 0.01436 0.0380582 0.0472347 0.00720513 0.0231792
internal_count=10000 9661 339 303 286 9614 62 9186 47 8832 174 428 52 354 83 376 321 271 8658 3221 136 190 123 85 224 46 131 141 55 61
is_linear=0
shrinkage=0.05


Tree=14
num_leaves=31
num_cat=0
split_feature=3 7 0 3 3 3 7 7 0 13 5 0 0 7 0 0 0 7 19 7 0 0 14 16 7 7 7 8 13 8
split_gain=7.94615 2.76006 0.0146331 0.0218513 0.137386 0.000293868 0.000435225 0.000178036 0.000105329 0.000106164 2.22301e-05 2.10603e-05 2.36689e-05 1.83399e-05 1.60102e-05 1.23365e-05 1.13427e-05 1.03333e-05 8.095e-06 7.93239e-06 5.44997e-06 5.07386e-06 3.94965e-06 2.87598e-06 2.74086e-06 3.21842e-06 2.59566e-06 2.35976e-06 1.94574e-06 1.70456e-06
threshold=1.0000000180025095e-35 8.7750000000000021 0.50463867187500011 7.7000000000000002 1.2500000000000002 2.8500000000000001 9.8250000000000011 3.2250000000000005 0.54321289062500011 1.5500000000000003 1.0000000180025095e-35 0.50610351562500011 0.51684570312500011 1.8750000000000002 0.54516601562500011 0.50610351562500011 0.46594238281250006 1.8750000000000002 0.35150000000000009 7.3500000000000005 0.45812988281250006 0.49475097656250006 1.8000000000000003 -1.0416666666666665 1.8750000000000002 2.6250000000000004 1.8750000000000002 3.8459950564407128 4.3500000000000005 4.3729694921891662
decision_type=2 2 2 2 2 2 2 2 2 2 2 2 2 2 2 2 2 2 2 2 2 2 2 2 2 2 2 2 2 2
left_child=1 7 3 4 17 6 -4 8 10 -10 21 19 -13 15 -3 -12 -15 -2 -7 20 -9 24 -22 -23 -1 -26 28 -11 -25 -17
right_child=2 14 5 -5 -6 18 -8 11 9 27 13 12 -14 16 -16 29 -18 -19 -20 -21 22 23 -24 26 25 -27 -28 -29 -30 -31
leaf_value=-0.056850369514327176 -0.056936121819921776 0.056506732282713329 0.054798121246958209 0.057027131157028205 0.057022352180110897 0.057031286448484965 0.057031464896697019 -0.058323024496235082 -0.063357537935285813 -0.057873504625487841 -0.057021888302589807 -0.064195780315934731 -0.059123801026609225 -0.057915566624277173 0.057020192448457879 -0.057677075994191342 -0.06044206005311812 -0.058771044299448294 0.056848408890796655 -0.060458171528591301 -0.058869787526643048 -0.057656171720497362 -0.060066708273563113 -0.056921994497941546 -0.057847409227824192 -0.056904078147780437 -0.05781322494374215 -0.058521780998126854 -0.057127889908502053 -0.058318502010203777
leaf_weight=3.072005277645077 0.021739253046689888 0.28118055628146965 0.45580259597045403 0.19156265258789062 0.11797135323286057 1.1653194949030878 0.41837568581104279 0.043753859208663815 0.010467418964253628 0.064977396599715576 0.19166637794114638 0.0040788430778775364 0.005274804076179862 0.012253155495272949 0.32999154925346375 0.059846055053640157 0.0069690715463366351 0.011857571138534695 1.2587300500599665 0.0070385635772254309 0.032350746565498412 0.017090546491090208 0.0087583331624045968 0.38456489329109889 0.015005488647147902 0.022750323521904647 0.0095890762167982757 0.017905730026541278 0.16354124885401689 0.012525337282568216
leaf_count=6939 50 43 36 1 12 18 13 151 21 208 444 16 29 33 4 164 19 46 23 52 115 38 32 881 41 63 28 57 387 36
internal_value=1.90433e-08 -0.0424358 0.0556306 0.0458036 0.0316186 0.0566529 0.055867 -0.0570043 -0.0569527 -0.0586128 -0.0569136 -0.0590752 -0.0613355 -0.0573405 0.056784 -0.0572319 -0.0588316 -0.0575837 0.0569363 -0.0588452 -0.0587114 -0.0568808 -0.0591248 -0.0570173 -0.0568556 -0.057279 -0.0569977 -0.0580136 -0.0569834 -0.0577881
internal_weight=8.41494 4.77358 3.64136 0.343131 0.151568 3.29823 0.874178 4.16241 4.06116 0.0933505 3.96781 0.101255 0.00935365 0.28326 0.611172 0.264038 0.0192222 0.0335968 2.42405 0.0919015 0.0848629 3.68455 0.0411091 0.574786 3.10976 0.0377558 0.557695 0.0828831 0.548106 0.0723714
internal_count=10000 9801 199 109 108 90 49 9754 9359 286 9073 395 45 696 47 644 52 96 41 350 298 8377 147 1334 7043 104 1296 265 1268 200
is_linear=0
shrinkage=0.05


Tree=15
num_leaves=31
num_cat=0
split_feature=1 2 13 2 21 14 21 7 1 12 7 1 7 13 1 13 11 1 0 13 1 9 1 21 9 11 21 9 17 1
split_gain=9.47632 0.666379 0.0564695 0.270487 0.000479157 0.000726747 0.00125801 0.000145234 3.64756e-05 2.97659e-05 2.49159e-05 2.41932e-05 1.59816e-05 1.57934e-05 1.20671e-05 1.34354e-05 6.72516e-06 6.65137e-06 6.4158e-06 5.75084e-06 3.13484e-06 2.82242e-06 2.14212e-06 1.92033e-06 1.88393e-06 1.76201e-06 1.59781e-06 1.39515e-06 1.34907e-06 1.31771e-06
threshold=0.86211933658959194 2.2500000000000004 1.5500000000000003 4.0000000000000009 0.6096666666666668 2.3500000000000005 0.60525000000000018 3.2250000000000005 0.73623722764153554 1.0000000180025095e-35 7.5750000000000011 0.74200107251327996 8.7750000000000021 1.0000000180025095e-35 0.60908405236354046 1.0000000180025095e-35 17.950000000000006 0.6899041751943692 0.49475097656250006 2.3500000000000005 0.7938570754413915 0.81666666666666676 0.55954648717207978 0.46625000000000005 0.69047619047619058 16.690000000000001 0.46625000000000005 0.69047619047619058 -1.0000000180025095e-35 0.63206937801614715
decision_type=2 2 2 2 2 2 2 2 2 2 2 2 2 2 2 2 2 2 2 2 2 2 2 2 2 2 2 2 2 2
left_child=1 7 4 19 5 6 -2 8 14 -6 11 17 -12 -10 21 -16 -13 29 24 -4 -15 26 -23 -24 -17 -22 -1 28 -20 -9
right_child=2 -3 3 -5 9 -7 -8 10 13 -11 12 16 -14 20 15 18 -18 -19 27 -21 25 22 23 -25 -26 -27 -28 -29 -30 -31
leaf_value=-0.056052153847163978 0.050929267634541767 0.056276752598150508 -0.058424000070200169 0.056274939909079627 0.056281199162221199 0.056279122342698489 0.056274426936234447 -0.056816763342484748 -0.059075784621341665 0.055947016081755147 -0.059733399110249774 -0.058525951567552852 -0.066237121425862536 -0.056627736007036272 -0.057059577382557104 -0.056085487147602524 -0.060216332779471193 -0.058056410422107088 -0.056764472368244723 -0.057124994310001065 -0.056956775500827984 -0.056137260088631992 -0.056253737965569428 -0.056697715061400339 -0.056264527597076036 -0.057624416850048522 -0.056196975718270363 -0.05667737568905621 -0.056244869300891204 -0.057323842838075748
leaf_weight=2.0244435800123046 0.23805111949332092 0.13602255284786213 0.010091881820699089 0.27376651763916016 1.8468801677227022 0.43456358462572098 0.20476415753364563 0.022240325808524974 0.0082493863010312252 1.0424225914757697 0.0032522177498321972 0.013743458781391382 0.0013312069931998849 0.081830378621816635 0.056019618088612222 0.27295074518769979 0.010289086931152269 0.028627092484384775 0.016601524519501254 0.054708444251446053 0.040468229126418009 0.65566541062435124 0.1104228223557584 0.031247494101990014 0.31822699890471995 0.013075420429231599 0.21023611666169006 0.086465735017554834 0.050464334577554837 0.030220308632124215
leaf_count=4581 46 3 30 2 18 7 3 82 22 36 39 55 41 210 138 624 37 103 42 192 123 1523 259 74 755 35 478 215 120 107
internal_value=4.60183e-09 -0.0525948 0.0540917 0.0345319 0.0558499 0.0548265 0.0534009 -0.056219 -0.0561695 0.0561606 -0.0580137 -0.0578563 -0.0616223 -0.0569518 -0.0561402 -0.0563128 -0.0592497 -0.0574434 -0.0562567 -0.0573273 -0.0568224 -0.0560946 -0.0561754 -0.0563517 -0.0561819 -0.0571198 -0.0560658 -0.0565446 -0.0563735 -0.0571089
internal_weight=8.32734 4.22209 4.10525 0.338567 3.76668 0.877379 0.442815 4.08607 3.97637 2.8893 0.109704 0.10512 0.00458342 0.143623 3.83274 0.800729 0.0240325 0.0810877 0.744709 0.0648003 0.135374 3.03202 0.797336 0.14167 0.591178 0.0535436 2.23468 0.153532 0.0670659 0.0524606
internal_count=10000 9666 334 224 110 56 49 9663 9199 54 464 384 80 390 8809 1894 92 292 1756 222 368 6915 1856 333 1379 158 5059 377 162 189
is_linear=0
shrinkage=0.05


Tree=16
num_leaves=31
num_cat=0
split_feature=1 2 13 2 21 7 7 1 20 7 1 13 7 1 13 1 11 0 13 1 21 1 13 11 1 7 22 1 19 1
split_gain=9.09684 0.684274 0.053876 0.260022 0.000584718 0.000906274 0.000111646 2.82639e-05 2.74332e-05 1.86396e-05 1.85461e-05 1.21391e-05 1.19001e-05 9.38332e-06 1.04347e-05 5.1404e-06 5.13469e-06 4.99129e-06 4.43324e-06 2.42836e-06 1.71271e-06 3.34722e-06 2.0585e-06 1.36104e-06 1.02149e-06 7.40157e-07 7.38488e-07 6.9729e-07 6.30352e-07 6.05505e-07
threshold=0.86211933658959194 2.2500000000000004 1.5500000000000003 4.0000000000000009 0.6096666666666668 4.1250000000000009 3.2250000000000005 0.73623722764153554 0.63050000000000017 7.5750000000000011 0.74200107251327996 1.0000000180025095e-35 8.7750000000000021 0.60908405236354046 1.0000000180025095e-35 0.6899041751943692 17.950000000000006 0.49475097656250006 2.3500000000000005 0.7938570754413915 0.46416666666666667 0.55841970335894009 2.3500000000000005 16.690000000000001 0.63206937801614715 6.0750000000000011 2.5000000000000004 0.64104479504003364 0.076500000000000012 0.66709134459288133
decision_type=2 2 2 2 2 2 2 2 2 2 2 2 2 2 2 2 2 2 2 2 2 2 2 2 2 2 2 2 2 2
left_child=1 6 4 18 5 -2 7 13 -6 10 15 -9 -11 20 27 24 28 -16 -4 -13 -1 -22 -23 -21 -8 -26 -17 -15 -12 -19
right_child=2 -3 3 -5 8 -7 9 11 -10 12 16 19 -14 14 17 26 -18 29 -20 23 21 22 -24 -25 25 -27 -28 -29 -30 -31
leaf_value=-0.055433948097189267 0.052059803573035184 0.055622111511487486 -0.057512904814453925 0.055618394748136395 0.055303052364767194 0.05533883372236581 -0.056089732113386151 -0.058087501542366519 0.055618728321477275 -0.058667703853088643 -0.05718336134442728 -0.05592223664043533 -0.064366096687333146 -0.05612444157640565 -0.05552635775868231 -0.057361666452778015 -0.05909390323827049 -0.055757557386249046 -0.056363246857922558 -0.056214042392641883 -0.055468281316630036 -0.05598573387593539 -0.055473444575477607 -0.056805064435332425 -0.05640838841035431 -0.057013778678440333 -0.056810888559374696 -0.056479732175870379 -0.057880785424503978 -0.055958346805554816
leaf_weight=2.592427586030682 0.35432339843828264 0.14330527186393727 0.0099284561292732887 0.27039331197738647 1.1707515030284414 0.5199341633124277 0.021942747058346757 0.0081046931736635797 1.6698703467845915 0.0031910621619317672 0.0053853643476031729 0.080776319693541154 0.0012851833598688245 0.027150416484800988 0.58398218033835292 0.019290686264866963 0.010080993262818083 0.083012970950221643 0.053953818045556545 0.039912598324008286 0.31458038598066185 0.059268760029226542 0.029304825584404171 0.01288595111691393 0.023350599833065644 0.0064416714012622825 0.0088909676414914429 0.02810512570431456 0.0081324177153874189 0.068554552301065996
leaf_count=5980 15 3 30 2 18 41 82 22 36 39 22 210 41 63 1379 67 37 202 192 123 727 140 68 35 85 22 36 75 33 175
internal_value=-2.65538e-08 -0.0517466 0.0534105 0.0341838 0.0551406 0.0540099 -0.0555588 -0.0555152 0.0554886 -0.0571449 -0.0570083 -0.0562086 -0.0603038 -0.0554893 -0.0556425 -0.0566446 -0.0582399 -0.0555927 -0.0565419 -0.0560946 -0.0554489 -0.0555447 -0.0558162 -0.0563583 -0.0563486 -0.0565393 -0.0571879 -0.0563052 -0.0576029 -0.0558484
internal_weight=8.22852 4.17936 4.04915 0.334276 3.71488 0.874258 4.03606 3.92807 2.84062 0.107992 0.103515 0.14168 0.00447625 3.78639 0.790805 0.0799167 0.0235988 0.73555 0.0638823 0.133575 2.99558 0.403154 0.0885736 0.0527985 0.051735 0.0297923 0.0281817 0.0552555 0.0135178 0.151568
internal_count=10000 9666 334 224 110 56 9663 9199 54 464 384 390 80 8809 1894 292 92 1756 222 368 6915 935 208 158 189 107 103 138 55 377
is_linear=0
shrinkage=0.05


Tree=17
num_leaves=31
num_cat=0
split_feature=2 8 19 2 20 13 8 5 12 8 11 11 21 2 13 12 9 8 13 11 21 12 9 9 17 9 9 20 20 13
split_gain=8.63328 0.584095 0.197077 0.0612605 0.34147 0.000383874 0.000199395 4.09447e-05 2.81931e-05 2.74213e-05 2.93487e-05 3.94875e-05 1.41411e-05 9.29606e-06 6.33965e-06 1.81962e-05 1.06029e-05 4.86903e-06 3.14493e-06 7.05631e-06 2.45482e-06 1.68252e-06 1.68096e-06 1.34725e-06 1.29563e-06 1.24079e-06 3.35145e-06 1.14227e-06 1.1197e-06 1.05238e-06
threshold=1.2500000000000002 5.6408539867526128 0.51250000000000007 2.2500000000000004 0.86050000000000015 1.5500000000000003 3.7877837951846764 1.0000000180025095e-35 1.0000000180025095e-35 3.9173273040301857 16.030000000000005 17.910000000000004 0.7652500000000001 1.0000000180025095e-35 1.0000000180025095e-35 1.5500000000000003 0.76388888888888895 3.6375874440553155 1.5500000000000003 15.350000000000003 0.44825000000000004 1.5500000000000003 0.69047619047619058 0.84523809523809534 -1.0000000180025095e-35 0.84523809523809534 0.76388888888888895 0.56850000000000012 0.44750000000000006 2.3500000000000005
decision_type=2 2 2 2 2 2 2 2 2 2 2 2 2 2 2 2 2 2 2 2 2 2 2 2 2 2 2 2 2 2
left_child=1 7 -3 4 5 6 -2 12 13 21 27 -12 14 -9 15 20 -17 -18 19 -15 -1 -10 24 -19 -16 26 -22 -11 -28 -7
right_child=3 2 -4 -5 -6 29 -8 8 9 10 11 -13 -14 18 22 16 17 23 -20 -21 25 -23 -24 -25 -26 -27 28 -29 -30 -31
leaf_value=-0.054956508446031317 -0.059459322654009605 -0.05503243921306087 0.052039008641675655 0.055048102100674956 0.054964565075923635 -0.056124520952387139 -0.070593127995444968 -0.055138047237706822 -0.055430762064312813 -0.055264304497645515 -0.061764859703031971 -0.056569660494769573 -0.056997006154382371 -0.057542699077420517 -0.055421156942229911 -0.055000008498359981 -0.055883389588273491 -0.057738003938667119 -0.055610275456141278 -0.055530033516347214 -0.055028519068780229 -0.056315819544369108 -0.054937984380552501 -0.056728478259581307 -0.054855884475069533 -0.055068752092027967 -0.055195531079647212 -0.056267755745302329 -0.055905350735719554 -0.055625886733870603
leaf_weight=0.51180320398998569 0.0092532769485845767 0.056643075746251159 0.17811710687237792 3.4856793507933617 0.40121137149981223 0.013315160031197593 0.0071120854699984184 0.2066068315762094 0.029732582654105499 0.0050742606399580836 0.0074096493772231042 0.0072230901278089732 0.0083567977708297603 0.0076204795332159838 0.010220837284577899 0.012585548538481817 0.0088927449542097747 0.0091412077890709043 0.046308841818245128 0.010162301827222109 0.038431281223893166 0.0065533429733477524 1.6012596112850586 0.0051762849034275868 1.2347534714208452 0.11334584455471486 0.0073428768664598456 0.0064296809141524136 0.022827723965747282 0.051541322696721181
leaf_count=1224 27 149 16 36 13 40 39 519 94 14 23 30 22 18 27 38 39 39 143 28 93 33 3801 20 2877 285 21 29 79 184
internal_value=2.70444e-08 -0.0504009 0.0262047 0.0527369 0.0360378 -0.0574549 -0.0642979 -0.0549919 -0.0555221 -0.05648 -0.0577148 -0.0592004 -0.0549426 -0.0553012 -0.0549378 -0.0550693 -0.0561686 -0.0568023 -0.0558273 -0.0563925 -0.0550126 -0.0555906 -0.0549041 -0.057373 -0.0548605 -0.0551703 -0.0553382 -0.0558251 -0.0557326 -0.0557283
internal_weight=8.12013 4.15202 0.23476 3.96811 0.482433 0.0812218 0.0163654 3.91726 0.333121 0.0624226 0.0261367 0.0146327 3.58414 0.270698 3.57578 0.729547 0.0357958 0.0232102 0.0640916 0.0177828 0.693751 0.0362859 2.84623 0.0143175 1.24497 0.181948 0.0686019 0.0115039 0.0301706 0.0648565
internal_count=10000 9661 165 339 303 290 66 9496 931 223 96 53 8565 708 8543 1838 136 98 189 46 1702 127 6705 59 2904 478 193 43 100 224
is_linear=0
shrinkage=0.05


Tree=18
num_leaves=31
num_cat=0
split_feature=1 8 2 7 3 13 1 13 1 7 7 1 13 7 7 0 1 13 9 8 1 21 13 1 21 1 9 21 1 1
split_gain=8.47659 0.693924 0.0340244 0.313369 0.000341475 9.02543e-05 0.000100257 8.32168e-05 0.000122211 3.6878e-05 1.31783e-05 6.14527e-06 7.07574e-06 4.88747e-06 5.16982e-06 3.21918e-06 3.18963e-06 2.20056e-06 1.40434e-06 1.2736e-06 1.22531e-06 1.19308e-06 1.05553e-06 1.05341e-06 9.84855e-07 9.61754e-07 9.59397e-07 7.62046e-07 7.49157e-07 6.75255e-07
threshold=0.74200107251327996 3.8168032536465661 2.2500000000000004 8.7750000000000021 1.0000000180025095e-35 1.5500000000000003 0.7938570754413915 1.5500000000000003 0.86211933658959194 3.2250000000000005 7.3500000000000005 0.60908405236354046 1.0000000180025095e-35 7.8000000000000016 8.7750000000000021 0.49475097656250006 0.6873990952604464 2.3500000000000005 0.81666666666666676 3.9336862871130989 0.7938570754413915 0.53930000000000011 2.3500000000000005 0.55954648717207978 0.46625000000000005 0.86211933658959194 0.69047619047619058 0.46625000000000005 0.6873990952604464 0.69249079469664465
decision_type=2 2 2 2 2 2 2 2 2 2 2 2 2 2 2 2 2 2 2 2 2 2 2 2 2 2 2 2 2 2
left_child=9 7 3 4 5 6 21 8 -2 11 16 18 28 -12 -15 26 -11 -7 27 -18 -9 -3 -22 -20 -25 -19 -14 -1 -13 -28
right_child=1 2 -4 -5 -6 17 -8 20 -10 10 13 12 15 14 -16 -17 19 25 23 -21 22 -23 -24 24 -26 -27 29 -29 -30 -31
leaf_value=-0.054340153111196721 -0.055865591767710769 -0.056337950770439231 0.054521127080223053 0.05452151580706615 -0.068965736996590463 -0.055992608612178973 -0.064172495536445676 -0.054745346897887674 -0.063871336512627427 -0.05500304003155379 -0.056357689211095102 -0.055001091879449952 -0.054363408863439822 -0.057355308536278453 -0.061416591310468442 -0.054692153826139046 -0.055284208975836552 -0.054866658774365196 -0.05440135479362266 -0.05596895440932749 -0.055473909453616535 -0.057257431355423265 -0.054990046007030217 -0.054483223348314846 -0.054807711095358085 -0.055438114831896271 -0.054459349681458658 -0.054442196282506329 -0.055532342246822186 -0.054655438907505932
leaf_weight=1.945739649032477 0.016247348539763951 0.0073187261004931115 3.4528448581695557 0.54943642020225525 0.0059884580259677014 0.0070501363661605856 0.0067937542044091961 0.045871033566072583 0.0067464397288858882 0.045497766084736102 0.005065058619948104 0.047141016257228219 0.26595509721664712 0.0021943153988104314 0.0012188366963528097 0.15142836103041191 0.011686576122883707 0.026159265224123374 0.63004649407230306 0.01620954362442717 0.013360446551814675 0.0068114118184894323 0.072071415313985199 0.10604570597934071 0.029998767422512174 0.010246739780995995 0.25676514299993869 0.20194804725178972 0.0077233473421074441 0.052958904445404187
leaf_count=4581 68 23 28 24 34 22 24 123 30 173 24 120 633 26 30 389 43 76 1523 57 39 26 248 259 74 37 631 478 22 135
internal_value=4.7973e-08 0.0486416 0.0525849 0.0417982 -0.0575454 -0.0564831 -0.0591811 -0.0554397 -0.0582145 -0.0544271 -0.0554767 -0.0544039 -0.0545283 -0.0573432 -0.0588056 -0.054487 -0.0552611 -0.0551841 -0.0543705 -0.0556821 -0.0549538 -0.0567812 -0.0550657 -0.0544286 -0.0545548 -0.0550275 -0.0544331 -0.0543497 -0.0550759 -0.0544929
internal_weight=8.00457 4.22695 4.07265 0.619805 0.0703685 0.06438 0.0209239 0.154297 0.0229938 3.77762 0.0818721 3.69575 0.781972 0.00847821 0.00341315 0.727108 0.0733939 0.0434561 2.91378 0.0278961 0.131303 0.0141301 0.0854319 0.766091 0.136044 0.036406 0.575679 2.14769 0.0548644 0.309724
internal_count=10000 802 294 266 242 208 73 508 98 9198 353 8845 1930 80 56 1788 273 135 6915 100 410 49 287 1856 333 113 1399 5059 142 766
is_linear=0
shrinkage=0.05


Tree=19
num_leaves=31
num_cat=0
split_feature=1 8 1 8 21 21 8 5 13 1 1 13 11 0 1 19 19 1 21 13 8 0 1 0 13 9 11 9 1 9
split_gain=8.20983 0.669482 0.0312772 0.201193 0.000470427 0.00144605 0.00168509 0.00385982 6.26193e-05 9.23653e-05 1.09106e-05 2.22718e-05 8.55078e-06 2.52448e-06 2.35615e-06 1.89882e-06 1.45198e-06 1.19443e-06 2.7017e-06 1.44238e-06 1.12617e-06 1.11844e-06 9.58662e-07 9.28701e-07 8.2379e-07 7.52979e-07 6.38157e-07 5.41825e-07 5.29554e-07 5.25441e-07
threshold=0.74200107251327996 3.8168032536465661 0.91013736484180552 5.4769837862724229 0.65050000000000008 0.54375000000000007 6.3061214547812314 7.9000000000000012 1.5500000000000003 0.86211933658959194 0.60908405236354046 1.0000000180025095e-35 17.510000000000005 0.49475097656250006 0.6899041751943692 0.063500000000000015 0.25050000000000006 0.55841970335894009 0.46416666666666667 2.3500000000000005 3.9336862871130989 0.41320800781250006 0.7938570754413915 0.44519042968750006 2.3500000000000005 0.69047619047619058 15.750000000000002 0.84523809523809534 0.69249079469664465 0.69047619047619058
decision_type=2 2 2 2 2 2 2 2 2 2 2 2 2 2 2 2 2 2 2 2 2 2 2 2 2 2 2 2 2 2
left_child=10 8 3 12 5 6 7 -4 9 26 17 14 15 25 21 -3 -17 27 -19 23 -16 -12 -10 -20 -24 -13 -2 -1 -27 -15
right_child=1 2 4 -5 -6 -7 -8 -9 22 -11 11 13 -14 29 20 16 -18 18 19 -21 -22 -23 24 -25 -26 28 -28 -29 -30 -31
leaf_value=-0.053891737100447125 -0.054936970207613435 -0.054569909260680761 0.039799540279500611 0.052208951042902164 0.053997289469772752 0.054006254983410031 0.054058933916127816 0.054042426768573605 -0.054254162572509736 -0.062318194185454534 -0.055399276017025628 -0.053913245725182371 -0.05637624202940944 -0.054100310409203357 -0.054814261046028226 -0.055994323701730256 -0.05482394119240315 -0.05394205678013772 -0.054875749066726071 -0.05393674947403565 -0.055388828400947533 -0.054578298947341355 -0.054903499744098486 -0.054295297659194046 -0.054472436417853133 -0.053998908796913436 -0.055569259296084667 -0.053946690410962256 -0.054173923470977207 -0.054289529032112371
leaf_weight=1.6322413898160459 0.0080019174492916845 0.028355032234685384 0.094961368013173564 0.35322428159997799 2.5468497874680907 0.72215262227109633 0.14717540889978409 0.095309719443321228 0.045151310303481296 0.0065117737976834169 0.0043720609974114968 0.26194828379084356 0.010755124996649101 0.065273549349512905 0.016482472303323448 0.0048249420942738652 0.0058788209862541407 0.54206846952729382 0.0078603550209663808 0.028075388341676444 0.017672087240498513 0.081134389038197696 0.013136779773049057 0.055880139916553162 0.070909095142269507 0.25285486810025759 0.0079605212376918644 0.61852485421695735 0.05213296867441386 0.083780321321683004
leaf_count=3893 33 92 46 30 30 17 3 1 123 30 16 633 35 168 66 16 24 1322 27 68 82 271 39 143 248 631 35 1522 135 221
internal_value=-6.58773e-08 0.048252 0.0521527 0.0389425 0.053629 0.0527436 0.0500415 0.046934 -0.0548637 -0.0572996 -0.05397 -0.0541291 -0.0551279 -0.0540236 -0.0547605 -0.0547841 -0.0553515 -0.0539239 -0.0539845 -0.0542354 -0.0551116 -0.0546203 -0.05444 -0.0543669 -0.0545398 -0.0539754 -0.0552523 -0.0539068 -0.0540288 -0.0542067
internal_weight=7.88146 4.16116 4.00949 0.403038 3.60645 1.0596 0.337446 0.190271 0.151671 0.0224742 3.7203 0.835651 0.0498139 0.71599 0.119661 0.0390588 0.0107038 2.88465 0.633884 0.0918159 0.0341546 0.0855065 0.129197 0.0637405 0.0840459 0.566936 0.0159624 2.25077 0.304988 0.149054
internal_count=10000 802 294 197 97 67 50 47 508 98 9198 2223 167 1788 435 132 40 6975 1560 238 148 287 410 170 287 1399 68 5415 766 389
is_linear=0
shrinkage=0.05


Tree=20
num_leaves=31
num_cat=0
split_feature=1 2 21 3 7 7 11 8 1 1 7 1 7 7 11 5 1 5 8 0 16 11 8 8 8 21 1 2 7 1
split_gain=8.12954 0.434274 0.0499394 0.258809 0.00010775 4.30876e-05 4.02248e-05 5.33065e-05 1.08616e-05 6.1878e-06 8.00083e-06 3.55662e-06 2.93783e-06 3.10253e-06 2.24441e-06 1.98807e-06 1.95267e-06 1.87245e-06 2.2655e-06 1.41542e-06 1.39214e-06 1.19083e-06 2.09569e-06 7.88006e-07 7.78846e-07 6.62501e-07 1.30758e-06 5.54098e-07 5.45796e-07 3.71335e-07
threshold=0.86211933658959194 2.2500000000000004 0.48425000000000007 2.0500000000000003 5.4750000000000005 3.2250000000000005 15.890000000000002 3.6076403959519769 0.73623722764153554 0.74200107251327996 7.3500000000000005 0.60908405236354046 7.8000000000000016 8.7750000000000021 17.950000000000006 1.0000000180025095e-35 0.6873990952604464 1.0000000180025095e-35 3.87489109346342 0.49475097656250006 -0.56249999999999989 16.690000000000001 3.9029887640186876 4.1494115194913954 3.9336862871130989 0.46416666666666667 0.55841970335894009 1.0000000180025095e-35 1.8750000000000002 0.59909858698655705
decision_type=2 2 2 2 2 2 2 2 2 2 2 2 2 2 2 2 2 2 2 2 2 2 2 2 2 2 2 2 2 2
left_child=1 5 3 6 -4 8 17 -8 11 10 16 25 -12 -14 -11 19 29 -2 20 28 -19 -10 27 -16 -18 -1 -27 -23 -13 -7
right_child=2 -3 4 -5 -6 9 7 -9 21 14 12 15 13 -15 23 -17 24 18 -20 -21 -22 22 -24 -25 -26 26 -28 -29 -30 -31
leaf_value=-0.053510465554128896 -0.055291356358606318 0.05363695791373229 0.053084027721102246 0.053106862351001795 0.053642171852819921 -0.05373518539822502 -0.05478682947965139 -0.060095493261176261 -0.053926675160635429 -0.054909750934942707 -0.055106764122685226 -0.053581958404810559 -0.055901465405103906 -0.059120161338322243 -0.055451461443707252 -0.053956768143860495 -0.054248167946334303 -0.054921970806659004 -0.055162041478539953 -0.053772242430777786 -0.054080478380255419 -0.053811359987480434 -0.054981202018433678 -0.05636238009587026 -0.054792860077459975 -0.053532248569308806 -0.053756440062113803 -0.054331152276081256 -0.0539903876707475 -0.054097265992092337
leaf_weight=2.4419711864611622 0.0078707851062066458 0.096832856535911449 1.6383346765069293 0.31899283162783831 1.8311911225318906 0.008869193639838957 0.0099444120423868299 0.0090161678672302514 0.10410366629366752 0.012709016591543332 0.0048933218931779265 0.56122725574823551 0.0021127273212186992 0.0011596046970225871 0.0045639680174645036 0.047247188485926017 0.011294270836515352 0.0061280533263928785 0.0086569823615718633 0.12744682175980415 0.02482876266003553 0.012293040606891736 0.0079398278321605176 0.0049481972819194198 0.015665755898226053 0.29622498832759436 0.083335464194533415 0.0087952731992118061 0.0083006688946625218 0.03512124071130529
leaf_count=5980 23 3 30 15 59 36 37 23 310 66 24 1403 26 30 23 131 43 21 31 333 95 32 22 22 57 727 208 26 27 137
internal_value=5.93376e-09 -0.0509257 0.0514818 0.0344076 0.0533786 -0.0535901 -0.0553643 -0.0573112 -0.0535622 -0.0546073 -0.0544002 -0.0535457 -0.0558823 -0.0570421 -0.0553445 -0.0536429 -0.0542296 -0.054587 -0.054447 -0.0536216 -0.0542471 -0.0540056 -0.0542888 -0.0559253 -0.0545647 -0.05352 -0.0535815 -0.0540281 -0.0535879 -0.0540243
internal_weight=7.75202 3.89706 3.85496 0.385438 3.46953 3.80022 0.0664452 0.0189606 3.69889 0.101337 0.0791161 3.56575 0.00816565 0.00327233 0.0222212 0.744222 0.0709505 0.0474846 0.0396138 0.696975 0.0309568 0.133132 0.0290281 0.00951217 0.02696 2.82153 0.37956 0.0210883 0.569528 0.0439904
internal_count=10000 9666 334 245 89 9663 230 60 9199 464 353 8809 80 56 111 1894 273 170 147 1763 116 390 80 45 100 6915 935 58 1430 173
is_linear=0
shrinkage=0.05


Tree=21
num_leaves=31
num_cat=0
split_feature=1 2 13 2 8 19 20 14 7 1 1 7 13 1 13 7 7 8 1 0 8 1 8 13 1 13 13 1 1 1
split_gain=7.8604 0.43554 0.0413883 0.226261 0.00050993 0.00119702 0.00148014 7.90448e-05 3.37031e-05 8.5349e-06 4.83939e-06 6.2025e-06 3.6397e-06 2.79825e-06 3.13481e-06 2.2632e-06 2.3865e-06 1.76417e-06 1.53047e-06 1.4863e-06 1.27875e-06 7.19815e-07 6.10027e-07 5.95284e-07 4.16775e-07 6.33588e-07 3.70156e-07 3.57014e-07 2.92033e-07 2.17608e-07
threshold=0.86211933658959194 2.2500000000000004 1.5500000000000003 4.0000000000000009 4.9092118923290018 0.58350000000000002 0.6805000000000001 1.5500000000000003 3.2250000000000005 0.73623722764153554 0.74200107251327996 7.3500000000000005 1.0000000180025095e-35 0.60908405236354046 1.0000000180025095e-35 7.8000000000000016 8.7750000000000021 4.0081007622730604 0.6873990952604464 0.49475097656250006 3.8324834112099095 0.7938570754413915 3.9336862871130989 2.6000000000000005 0.55841970335894009 2.1500000000000004 2.3500000000000005 0.77651663100177604 0.59909858698655705 0.64104479504003364
decision_type=2 2 2 2 2 2 2 2 2 2 2 2 2 2 2 2 2 2 2 2 2 2 2 2 2 2 2 2 2 2
left_child=1 8 4 17 5 6 -2 -6 9 13 11 18 -11 24 29 -13 -17 23 28 -16 -12 -14 -20 -4 -1 -26 -23 -22 -10 -15
right_child=2 -3 3 -5 7 -7 -8 -9 10 12 20 15 21 14 19 16 -18 -19 22 -21 27 26 -24 -25 25 -27 -28 -29 -30 -31
leaf_value=-0.053152980845734665 0.045450490234750007 0.053274144275747053 -0.054136333370679225 0.053280575119057774 0.052738088467527505 0.053281694728807505 0.052469991350164419 0.053285687598698894 -0.053355810220713597 -0.054671865656020405 -0.054357127156172518 -0.054581840581597568 -0.053435248875873143 -0.053546510622903026 -0.053207204483062487 -0.055290431908016871 -0.058149790445950304 -0.054393758448672974 -0.053814811482411185 -0.053390058426440359 -0.055328095491480371 -0.053927309262036038 -0.054301440346482238 -0.053647557129547642 -0.053271296873651675 -0.053163044093299527 -0.053604785143119005 -0.054763178816994565 -0.053679846858016994 -0.053753305675338849
leaf_weight=2.1709471973736094 0.14215033163782287 0.098533682525157817 0.0073785996792138367 0.28068286925554276 1.1210083973128351 0.42343690246343613 0.15920764661859721 1.5990048944950102 0.0087097396462921806 0.0074369218491482361 0.0094948392361402512 0.0047968379803933203 0.074585394118912518 0.025024259317433351 0.54011658333183732 0.0020679897861555219 0.0011276460136286914 0.012392292788717896 0.011088111001299694 0.13992170404526405 0.0079688819823786616 0.011717703775502741 0.015363287529908121 0.039995651080971584 0.20532300461491093 0.39558370139275212 0.036944305815268308 0.0043090929393656561 0.034477030174457468 0.025875491992337629
leaf_count=5403 26 3 25 2 33 16 17 18 36 22 51 24 210 63 1379 26 30 43 43 377 35 35 57 154 521 991 123 25 137 75
internal_value=-7.92912e-08 -0.0504869 0.0511023 0.0344714 0.052746 0.0515675 0.0491589 0.05306 -0.0532258 -0.0532009 -0.0541341 -0.0539494 -0.0535977 -0.0531861 -0.0532732 -0.0552686 -0.0562994 -0.0538626 -0.0537979 -0.0532448 -0.0547929 -0.0535329 -0.0540975 -0.0537237 -0.0531632 -0.0532 -0.0536824 -0.0551298 -0.0536145 -0.0536516
internal_weight=7.61667 3.83141 3.78526 0.340449 3.44481 0.724795 0.301358 2.72001 3.73288 3.63348 0.0994035 0.0776306 0.130684 3.50279 0.730938 0.00799247 0.00319564 0.0597665 0.0696382 0.680038 0.0217728 0.123247 0.0264514 0.0473743 2.77185 0.600907 0.048662 0.012278 0.0431868 0.0508998
internal_count=10000 9666 334 224 110 59 43 51 9663 9199 464 353 390 8809 1894 80 56 222 273 1756 111 368 100 179 6915 1512 158 60 173 138
is_linear=0
shrinkage=0.05


Tree=22
num_leaves=31
num_cat=0
split_feature=1 5 11 3 3 21 21 13 12 1 13 1 13 1 11 0 0 0 1 13 9 21 9 21 1 13 1 21 1 1
split_gain=7.57953 0.449116 0.0504279 0.18635 0.00177118 0.0040983 0.00597435 0.000144605 2.31772e-05 1.564e-05 1.57013e-05 2.49843e-06 6.14408e-06 2.09947e-06 1.79443e-06 1.46747e-06 1.40747e-06 5.64389e-07 5.45781e-07 5.06014e-07 4.86853e-07 4.59411e-07 4.19412e-07 4.05333e-07 4.90007e-07 5.1147e-07 3.98765e-07 3.91194e-07 2.43863e-07 2.39278e-07
threshold=0.86211933658959194 2.5000000000000004 16.110000000000003 1.2500000000000002 1.2500000000000002 0.65050000000000008 0.60525000000000018 1.5500000000000003 1.0000000180025095e-35 0.6899041751943692 1.0000000180025095e-35 0.60042747489695947 1.0000000180025095e-35 0.74200107251327996 17.610000000000003 0.41320800781250006 0.49841308593750006 0.49475097656250006 0.7938570754413915 2.3500000000000005 0.81666666666666676 0.56525000000000014 0.69047619047619058 0.46625000000000005 0.55841970335894009 2.3500000000000005 0.55841970335894009 0.46625000000000005 0.63206937801614715 0.74200107251327996
decision_type=2 2 2 2 2 2 2 2 2 2 2 2 2 2 2 2 2 2 2 2 2 2 2 2 2 2 2 2 2 2
left_child=1 9 3 7 5 6 -4 -2 -6 11 13 20 15 -11 -15 -13 22 -14 -18 -9 23 -16 29 -1 -25 -26 -22 -28 -17 -12
right_child=2 -3 4 -5 8 -7 -8 19 -10 10 16 12 17 14 21 28 18 -19 -20 -21 26 -23 -24 24 25 -27 27 -29 -30 -31
leaf_value=-0.052825519919348668 -0.061496097135448617 0.051332131619219672 0.033834155357961873 0.050542730801727859 0.052968786460495999 0.052955898918807691 0.051155479874874024 -0.053840009998098882 0.052667532877222749 -0.053695389284633771 -0.05283938206091239 -0.054201321722636121 -0.052871520139736033 -0.053946677571740265 -0.054518158721720993 -0.053196299438812093 -0.053121604019949246 -0.052999004568198942 -0.053351532675415071 -0.053363465721103745 -0.052864474030184662 -0.055170897669435906 -0.053055611486881163 -0.052856602738099917 -0.053193686651337883 -0.052856984619736175 -0.052915984915198069 -0.053132821287618037 -0.053364232200118739 -0.053030945169457368
leaf_weight=1.7545831821626068 0.006311663950328116 0.10634796277736303 0.083215236256365066 0.21385344839654863 1.8976780325174334 0.37579672038555145 0.1239042897359468 0.0064729857840575269 0.96218971488997329 0.031989912095013895 0.058710852943477221 0.0046279956586657836 0.48891495085263159 0.015566734029562213 0.0068692495406139642 0.039745553382090293 0.073036951158428565 0.10556148938485421 0.039913129978231154 0.039954866646439768 0.58646905829664309 0.004436707851709798 0.076635899022221565 0.13846228615147982 0.025597674728487618 0.020163446024525911 0.092508305649971589 0.026833711919607595 0.047398572583915666 0.022566890154848807
leaf_count=4427 10 10 55 25 19 7 3 22 38 147 152 17 1265 77 27 123 213 285 136 155 1523 23 211 351 69 51 244 75 179 61
internal_value=6.1038e-08 -0.0499578 0.0507331 0.0297831 0.0523554 0.0498434 0.0441962 -0.0543952 0.0528674 -0.0529004 -0.0532289 -0.0528679 -0.0529529 -0.0539691 -0.0542949 -0.0533337 -0.0530681 -0.0528942 -0.0532029 -0.0534299 -0.0528459 -0.0547743 -0.0529717 -0.0528329 -0.0529035 -0.0530453 -0.0528814 -0.0529647 -0.0532876 -0.0528926
internal_weight=7.47632 3.76694 3.70938 0.266593 3.44278 0.582916 0.20712 0.0527395 2.85987 3.66059 0.329726 3.33087 0.686249 0.0588626 0.0268727 0.0917721 0.270864 0.594476 0.11295 0.0464279 2.64462 0.011306 0.157914 1.93881 0.184223 0.0457611 0.705811 0.119342 0.0871441 0.0812777
internal_count=10000 9666 334 212 122 65 58 187 57 9656 1047 8609 1869 274 127 319 773 1550 349 177 6740 50 424 4898 471 120 1842 319 302 213
is_linear=0
shrinkage=0.05


Tree=23
num_leaves=31
num_cat=0
split_feature=2 7 2 7 19 1 13 13 1 7 1 13 1 1 13 7 13 11 1 0 1 13 17 1 13 11 1 7 22 11
split_gain=7.45859 0.331472 0.0462922 0.297719 0.000346696 0.000164767 0.000274785 5.28722e-05 6.29978e-05 1.87724e-05 4.04343e-06 3.73348e-06 3.47641e-06 1.6502e-06 1.85685e-06 1.54818e-06 1.48193e-06 1.06881e-06 9.21103e-07 8.59337e-07 5.32216e-07 7.42796e-07 3.28374e-07 2.54873e-07 3.86781e-07 2.33927e-07 1.81569e-07 1.49564e-07 1.42797e-07 1.25066e-07
threshold=1.2500000000000002 8.7750000000000021 2.2500000000000004 9.3000000000000025 0.49450000000000005 0.87812770045192978 1.0000000180025095e-35 1.5500000000000003 0.86211933658959194 3.2250000000000005 0.73623722764153554 3.1500000000000004 0.74200107251327996 0.60908405236354046 1.0000000180025095e-35 7.3500000000000005 1.8000000000000003 17.650000000000002 0.6873990952604464 0.49475097656250006 0.86211933658959194 2.3500000000000005 -1.0000000180025095e-35 0.55841970335894009 2.1500000000000004 16.850000000000005 0.59909858698655705 1.8750000000000002 2.5000000000000004 16.690000000000001
decision_type=2 2 2 2 2 2 2 2 2 2 2 2 2 2 2 2 2 2 2 2 2 2 2 2 2 2 2 2 2 2
left_child=1 5 3 4 7 9 -7 8 -2 10 13 -8 15 23 27 18 -12 -14 26 -16 -9 -22 29 -1 -25 -23 -11 -15 -20 -18
right_child=2 -3 -4 -5 -6 6 11 20 -10 12 16 -13 17 14 19 -17 22 -19 28 -21 21 25 -24 24 -26 -27 -28 -29 -30 -31
leaf_value=-0.052552134416208089 -0.053421264208034405 0.0511735009011186 0.052679188023627033 0.052675746668049188 -0.067064673008266545 -0.065261162520439286 -0.054491345645384229 -0.052908493423886011 -0.060685470268814705 -0.052715292640723825 -0.053492953633492095 -0.053074537447620321 -0.053546467050109271 -0.052892159620468393 -0.052595728147058096 -0.053872568050257287 -0.052899047982021136 -0.054264339790766426 -0.053387131019980986 -0.052739344562080709 -0.053755143189852819 -0.053044203269193693 -0.05276076200019883 -0.052646601285537012 -0.052560241591903381 -0.053409782948404143 -0.0529763047746609 -0.053088772830301202 -0.053129128680487719 -0.053115142277843155
leaf_weight=2.087761704708103 0.0065726197208281212 0.078581415291409829 3.1647786796092987 0.42390897870063782 0.0052081766625633455 0.0067590207909232749 0.007370255669229663 0.024877503194147721 0.0054673248087055981 0.0083715300279435523 0.0093292771198320024 0.012597076551173814 0.011381834439816885 0.034239856337080599 0.51899021831923164 0.0065926130919251582 0.028562559047713876 0.0095232512103393674 0.017368082568282261 0.13031143456464633 0.005323871911969035 0.023471328284358606 0.059942632244201377 0.19669025385519479 0.38040780136361718 0.0053785215422976753 0.032644259845255874 0.013480798865202814 0.0077589272113982579 0.0087458434863947332
leaf_count=5403 20 47 36 17 19 15 23 89 25 36 28 48 57 90 1378 50 96 39 67 364 18 95 171 519 991 20 135 45 32 27
internal_value=6.57506e-08 -0.0504117 0.0504451 0.0363105 -0.0546124 -0.052636 -0.0565472 -0.0537001 -0.0567199 -0.0526067 -0.0525878 -0.0535975 -0.0533052 -0.0525782 -0.0526467 -0.0531419 -0.052891 -0.0538735 -0.0530691 -0.0526246 -0.0530844 -0.0532125 -0.0528332 -0.0525603 -0.0525897 -0.0531124 -0.052923 -0.0529477 -0.0533075 -0.0529497
internal_weight=7.3324 3.66741 3.66499 0.500208 0.0762993 3.58883 0.0267264 0.0710912 0.0120399 3.5621 3.46846 0.0199673 0.0936405 3.36188 0.697022 0.0727354 0.10658 0.0209051 0.0661428 0.649302 0.0590512 0.0341737 0.097251 2.66486 0.577098 0.0288498 0.0410158 0.0477207 0.025127 0.0373084
internal_count=10000 9661 339 303 286 9614 86 267 45 9528 9112 71 416 8790 1877 320 322 96 270 1742 222 133 294 6913 1510 115 171 135 99 123
is_linear=0
shrinkage=0.05


Tree=24
num_leaves=31
num_cat=0
split_feature=1 7 21 3 13 20 7 1 7 1 21 13 7 7 1 13 13 0 1 8 8 1 8 21 1 13 13 1 12 1
split_gain=7.21291 0.341919 0.0506625 0.233489 0.000126102 0.00010435 1.72079e-05 4.1888e-06 2.9368e-06 3.202e-06 2.04388e-06 1.81302e-06 1.75419e-06 2.15834e-06 1.37721e-06 1.55966e-06 8.35916e-07 7.28714e-07 7.2344e-07 5.80436e-07 5.56248e-07 3.51846e-07 3.22457e-07 2.58128e-07 5.0806e-07 3.16132e-07 1.81711e-07 1.61948e-07 1.35135e-07 1.13555e-07
threshold=0.86211933658959194 9.8250000000000011 0.54375000000000007 2.0500000000000003 1.5500000000000003 0.58450000000000013 3.2250000000000005 0.73623722764153554 7.3500000000000005 0.74200107251327996 0.67790000000000006 1.0000000180025095e-35 7.8000000000000016 8.7750000000000021 0.60908405236354046 1.0000000180025095e-35 2.3500000000000005 0.49475097656250006 0.6899041751943692 3.8324834112099095 3.87489109346342 0.7938570754413915 3.9336862871130989 0.46416666666666667 0.55841970335894009 2.3500000000000005 2.3500000000000005 0.59909858698655705 1.1500000000000001 0.64104479504003364
decision_type=2 2 2 2 2 2 2 2 2 2 2 2 2 2 2 2 2 2 2 2 2 2 2 2 2 2 2 2 2 2
left_child=1 6 3 4 -2 -4 7 14 9 18 -7 -9 -10 -14 23 29 -6 -17 27 -11 -18 -13 -20 -1 -25 -26 -23 -8 -21 -16
right_child=2 -3 5 -5 16 10 8 11 12 19 -12 21 13 -15 15 17 20 -19 22 28 -22 26 -24 24 25 -27 -28 -29 -30 -31
leaf_value=-0.05229845245551118 -0.059206813311271103 0.052396036170796551 0.051740813034955903 0.050780394992747113 -0.053303041746745577 0.052310245506461739 -0.052443717291379199 -0.05339988945711141 -0.053327253552565047 -0.05317995799238108 0.05240868360586555 -0.052500939447361408 -0.053839250989438564 -0.056544255706021423 -0.052580946755525083 -0.052336423654607403 -0.052681408260151566 -0.052468374037901937 -0.052767982987679513 -0.053522575744646528 -0.053113189947749863 -0.05285607927755781 -0.053149045155874999 -0.052312643311574231 -0.052529243350115808 -0.052314137382353222 -0.052623031175687063 -0.052690942396893016 -0.05386820712359517 -0.05273489968554506
leaf_weight=2.2610532911057839 0.0090795325813818328 0.07967352122068394 0.90715937857748974 0.30994752736296505 0.0086154835880734026 0.81631704897154156 0.0082010031910612069 0.0069994809455237164 0.00450713958707638 0.008950113071477972 1.4894541054964063 0.070209993340540677 0.0019385443010833114 0.0011901925317943096 0.023544370458694064 0.50890595855889842 0.037553126370767131 0.13171664415858686 0.0094527737819589674 0.0050276436668355018 0.0093077322235330939 0.011014747884473763 0.013452044862788171 0.27423225191887457 0.051526964496588334 0.025550227190251462 0.034760927606839687 0.034451487474143505 0.0064639528281986713 0.024380496484809555
leaf_count=5980 22 23 21 19 29 32 36 22 28 41 24 210 34 21 63 1379 152 377 39 21 35 35 53 727 140 68 123 145 26 75
internal_value=2.41175e-08 -0.0500302 0.0501665 0.0327627 -0.0537444 0.0521951 -0.0523502 -0.0523319 -0.0530189 -0.0529355 0.0523738 -0.0526184 -0.0539587 -0.0548683 -0.0523212 -0.0523841 -0.0528504 -0.0523636 -0.0527651 -0.0534819 -0.0527672 -0.0525713 -0.0529918 -0.0523046 -0.0523445 -0.0524579 -0.0526791 -0.0526434 -0.053717 -0.0526593
internal_weight=7.18464 3.5972 3.58743 0.374503 0.0645559 3.21293 3.51753 3.4239 0.0936349 0.085999 2.30577 0.122985 0.00763588 0.00312874 3.30091 0.688547 0.0554763 0.640623 0.0655573 0.0204417 0.0468609 0.115986 0.0229048 2.61236 0.351309 0.0770772 0.0457757 0.0426525 0.0114916 0.0479249
internal_count=10000 9666 334 257 238 77 9643 9199 444 361 56 390 83 55 8809 1894 216 1756 273 88 187 368 92 6915 935 208 158 181 47 138
is_linear=0
shrinkage=0.05


Tree=25
num_leaves=31
num_cat=0
split_feature=2 7 2 7 19 1 13 13 1 7 1 13 1 1 13 7 13 1 0 1 13 9 17 1 9 9 1 1 1 14
split_gain=7.02586 0.304772 0.0431324 0.280518 0.000315203 0.000130201 0.000219328 3.08345e-05 3.74122e-05 1.163e-05 2.51356e-06 2.25463e-06 2.14754e-06 1.02828e-06 1.15538e-06 9.56298e-07 9.17277e-07 5.71477e-07 5.35577e-07 3.85092e-07 5.34638e-07 2.68796e-07 2.04514e-07 1.96602e-07 1.76452e-07 1.45463e-07 1.2223e-07 1.13048e-07 1.06558e-07 1.78663e-07
threshold=1.2500000000000002 8.7750000000000021 2.2500000000000004 9.3000000000000025 0.49850000000000005 0.87812770045192978 1.0000000180025095e-35 1.5500000000000003 0.86211933658959194 3.2250000000000005 0.73623722764153554 3.1500000000000004 0.74200107251327996 0.60908405236354046 1.0000000180025095e-35 7.3500000000000005 1.8000000000000003 0.6873990952604464 0.49475097656250006 0.86211933658959194 2.3500000000000005 0.81666666666666676 -1.0000000180025095e-35 0.55954648717207978 0.69047619047619058 0.69047619047619058 0.69249079469664465 0.59909858698655705 0.77651663100177604 1.1500000000000001
decision_type=2 2 2 2 2 2 2 2 2 2 2 2 2 2 2 2 2 2 2 2 2 2 2 2 2 2 2 2 2 2
left_child=1 5 3 4 7 9 -7 8 -2 10 13 -8 15 21 -15 17 -12 27 24 -9 -21 -1 -18 -23 -16 -20 -26 -11 29 -14
right_child=2 -3 -4 -5 -6 6 11 19 -10 12 16 -13 28 14 18 -17 22 -19 25 20 -22 23 -24 -25 26 -27 -28 -29 -30 -31
leaf_value=-0.052066406219342824 -0.052769727943611955 0.050472228441394922 0.052178221712141565 0.052175353754276621 -0.065855900846445797 -0.06332201379797113 -0.053622245570576592 -0.052356874988199721 -0.058520226717244508 -0.052201082089323281 -0.05282684119831918 -0.052497410056448236 -0.053058275484113897 -0.05238840379720338 -0.052072598620983061 -0.053132142901613881 -0.052390066763688951 -0.052677986742633957 -0.052158630696285159 -0.053089340747482207 -0.05253434163010974 -0.052090703160803969 -0.052237716987218664 -0.052161593361274364 -0.052117565116009935 -0.052267562441348052 -0.052209754341710907 -0.052411467399997906 -0.052986017280848986 -0.053442887087430772
leaf_weight=1.8844700854679128 0.006288891876465974 0.073916552995797136 3.0319880321621895 0.41199685633182526 0.0051134076347807414 0.0068779048160648717 0.0070557260332861907 0.023830327016185038 0.0051401950768195093 0.0080238661321344606 0.0089215947373303406 0.012085614973329939 0.007025360842817463 0.045699120120843761 0.2301197604247136 0.0062955013127066186 0.035727787573705427 0.024044934863923118 0.053953906332026236 0.0051365312829148016 0.02795594786584843 0.55277068568102539 0.057448695893981494 0.11882880477060098 0.2248094368405873 0.070944529274129309 0.042800131792319007 0.031265035417163745 0.007651885403902269 0.0052954254206269979
leaf_count=5058 20 47 36 17 18 15 23 89 25 36 28 48 29 135 624 50 123 99 155 18 116 1523 171 332 630 209 124 135 43 24
internal_value=-8.7371e-08 -0.049983 0.0499627 0.0361257 -0.0538818 -0.0521402 -0.0556638 -0.052986 -0.055356 -0.0521134 -0.0520983 -0.052912 -0.0526755 -0.0520905 -0.0521457 -0.0525444 -0.0523425 -0.052486 -0.0521279 -0.0525101 -0.0526205 -0.0520761 -0.0522961 -0.0521032 -0.0521047 -0.0522205 -0.0521323 -0.0523685 -0.0531326 -0.0532236
internal_weight=7.03348 3.51603 3.51745 0.485462 0.0734653 3.44212 0.0260192 0.0683519 0.0114291 3.4161 3.32649 0.0191413 0.089602 3.2244 0.668327 0.0696293 0.102098 0.0633338 0.622628 0.0569228 0.0330925 2.55607 0.0931765 0.671599 0.497729 0.124898 0.26761 0.0392889 0.0199727 0.0123208
internal_count=10000 9661 339 303 286 9614 86 268 45 9528 9112 71 416 8790 1877 320 322 270 1742 223 134 6913 294 1855 1378 364 754 171 96 53
is_linear=0
shrinkage=0.05


Tree=26
num_leaves=31
num_cat=0
split_feature=1 7 11 7 22 3 7 13 7 14 1 7 1 7 7 13 1 13 11 0 1 1 9 13 1 9 11 9 1 17
split_gain=6.76965 0.339821 0.0449515 0.17506 0.0015888 0.00428315 0.0123792 0.000166505 1.11868e-05 4.11626e-06 2.60834e-06 2.53573e-06 1.98281e-06 1.71862e-06 2.29313e-06 1.12578e-06 8.59189e-07 9.71964e-07 5.2245e-07 4.54813e-07 4.50971e-07 2.19527e-07 2.13741e-07 1.77095e-07 1.57971e-07 1.3941e-07 1.14063e-07 1.04728e-07 1.0044e-07 9.97664e-08
threshold=0.86211933658959194 9.8250000000000011 16.110000000000003 4.1250000000000009 2.5000000000000004 2.8500000000000001 8.7750000000000021 1.5500000000000003 3.2250000000000005 1.0000000180025095e-35 0.73623722764153554 7.3500000000000005 0.74200107251327996 7.8000000000000016 8.7750000000000021 1.0000000180025095e-35 0.60908405236354046 1.0000000180025095e-35 17.650000000000002 0.49475097656250006 0.6899041751943692 0.7938570754413915 0.81666666666666676 2.3500000000000005 0.55954648717207978 0.69047619047619058 16.690000000000001 0.69047619047619058 0.59909858698655705 -1.0000000180025095e-35
decision_type=2 2 2 2 2 2 2 2 2 2 2 2 2 2 2 2 2 2 2 2 2 2 2 2 2 2 2 2 2 2
left_child=1 8 3 7 5 6 -4 -2 10 -6 16 12 20 -13 -15 -12 22 -18 -14 25 28 -17 -1 -9 -24 -19 -23 29 -10 -21
right_child=2 -3 4 -5 9 -7 -8 23 11 -11 15 13 18 14 -16 21 17 19 -20 27 -22 26 24 -25 -26 -27 -28 -29 -30 -31
leaf_value=-0.051861932431454982 -0.060077494459056684 0.051950512222233153 0.027793250181125537 0.050637378167198467 0.051833654090628359 0.05195509810599605 0.051952639507163681 -0.052513128345287124 -0.051982955983415569 0.051964394472698086 -0.052754238627019792 -0.052694981139518031 -0.052582824576000879 -0.053108010711902409 -0.055861218284163197 -0.052029112324617738 -0.052156976578567993 -0.051867475427684245 -0.053102568640322735 -0.052068683033334229 -0.052425085245119532 -0.052127277335109627 -0.051883756573385287 -0.052218544415181561 -0.051947920407955275 -0.051921122338016157 -0.052315453463074937 -0.052043080052045922 -0.052182012738198863 -0.051912677314125293
leaf_weight=1.8439305134961634 0.0081007422413680308 0.080646634101867565 0.080422138271388 0.19548685161862522 1.0376083569572077 0.47742468118667603 0.15562836080789566 0.0059223229764029375 0.0078470878943334155 1.4341564103960989 0.0066800635977414249 0.0042991582886315874 0.010626198913087137 0.0018468227062840015 0.0012807934544980526 0.067168713329010643 0.045816407189704367 0.22512725673732348 0.0088720290368655697 0.013607992877950892 0.021880756437894888 0.033123189699836075 0.54075803760497354 0.03682603663764894 0.11661186577111948 0.26207438073470257 0.010639717351295985 0.070912776762270369 0.032933744631009176 0.04150605270115193
leaf_count=5059 9 23 52 26 24 15 9 22 36 22 22 28 50 34 21 210 138 624 38 42 92 123 1523 155 333 755 35 215 145 120
internal_value=-4.82532e-08 -0.0494787 0.0497181 0.0291402 0.0513096 0.0492311 0.0437216 -0.0535049 -0.0519077 0.0519095 -0.0518926 -0.052459 -0.052379 -0.0533437 -0.0542355 -0.0521238 -0.051884 -0.0519348 -0.0528193 -0.0519182 -0.052242 -0.0520859 -0.0518707 -0.0522594 -0.0518951 -0.0518963 -0.052173 -0.0520029 -0.0521437 -0.0519512
internal_weight=6.87977 3.44819 3.43158 0.246336 3.18524 0.713475 0.23605 0.0508491 3.36754 2.47176 3.27796 0.0895866 0.0821598 0.00742677 0.00312762 0.117612 3.16035 0.659045 0.0194982 0.613228 0.0626616 0.110932 2.5013 0.0427484 0.65737 0.487202 0.0437629 0.126027 0.0407808 0.055114
internal_count=10000 9666 334 212 122 76 61 186 9643 46 9199 444 361 83 55 390 8809 1894 88 1756 273 368 6915 177 1856 1379 158 377 181 162
is_linear=0
shrinkage=0.05


Tree=27
num_leaves=31
num_cat=0
split_feature=2 7 2 7 19 20 13 7 0 0 9 0 0 13 7 2 7 0 7 7 9 0 13 9 19 14 0 13 21 7
split_gain=6.62252 0.274786 0.0413638 0.265696 0.000223665 3.61887e-05 2.24554e-05 2.17807e-05 1.31548e-05 3.63862e-05 1.69471e-05 5.50148e-06 2.62441e-06 1.47349e-06 8.35435e-07 4.7862e-07 3.77895e-07 2.80991e-07 2.6253e-07 2.40902e-07 2.21564e-07 1.777e-07 1.67621e-07 1.18348e-07 1.00663e-07 1.00397e-07 9.14668e-08 9.00139e-08 8.84226e-08 8.05142e-08
threshold=1.2500000000000002 8.7750000000000021 2.2500000000000004 9.3000000000000025 0.49850000000000005 0.87950000000000006 1.5500000000000003 1.8750000000000002 0.48352050781250006 0.48449707031250006 0.69047619047619058 0.53979492187500011 0.54321289062500011 1.8000000000000003 3.2250000000000005 1.0000000180025095e-35 7.3500000000000005 0.49768066406250006 4.5750000000000011 2.6250000000000004 0.69047619047619058 0.45812988281250006 2.3500000000000005 0.84523809523809534 0.32950000000000007 1.1500000000000001 0.49475097656250006 4.3500000000000005 0.56070833333333348 6.0750000000000011
decision_type=2 2 2 2 2 2 2 2 2 2 2 2 2 2 2 2 2 2 2 2 2 2 2 2 2 2 2 2 2 2
left_child=1 5 3 4 6 7 11 12 14 -10 -11 -2 15 -14 19 20 21 -17 23 -9 -1 -16 -8 28 -23 -20 -22 -28 -12 -27
right_child=2 -3 -4 -5 -6 -7 22 8 9 10 18 -13 13 -15 16 17 -18 -19 25 -21 26 24 -24 -25 -26 29 27 -29 -30 -31
leaf_value=-0.05168017298062149 -0.053412876793310388 0.049805946909820244 0.051774397194324723 0.051771339499052861 -0.063484217475042112 -0.055394692492780687 -0.052243626340411603 -0.051969758118109458 -0.058187297097304108 -0.054843490484780634 -0.051997684305197606 -0.055632694241431191 -0.05278799827289208 -0.051971625860594388 -0.052045538961559938 -0.051737188558812708 -0.05254567904106644 -0.051941949625868303 -0.052148824360282377 -0.051719357486254017 -0.051702946499242834 -0.052154710695797801 -0.052027860826215945 -0.051816124444720058 -0.052398674097110978 -0.052576617135092832 -0.051716029440639202 -0.051774121945003908 -0.052262348656382886 -0.052217736959739997
leaf_weight=1.1376317682152173 0.0055365037260347583 0.067996863683219888 2.9016672968864441 0.39373061805963516 0.004971893591573461 0.0067617409076773374 0.011342460158630274 0.020487762943957821 0.0032378480536863199 0.007175387436291202 0.0082040007691830397 0.0056289052299689502 0.0065654545032883807 0.034953668146044947 0.036613987249438651 0.036041120445588493 0.005473948593134991 0.031310077538364567 0.0047518202773062512 0.018083166141877882 1.5555633837357161 0.013262307387776673 0.043608560095890425 0.0050919243221869684 0.0062072481377981594 0.0043721911642933264 0.24945529701653857 0.091010174262919463 0.0051286502421135092 0.0024322392273461446
leaf_count=3201 28 47 36 17 18 21 40 71 8 21 33 17 19 132 160 106 40 107 27 62 4437 59 183 20 25 17 718 271 20 39
internal_value=-3.4945e-08 -0.0496842 0.0495561 0.0357086 -0.0532568 -0.0517406 -0.0524878 -0.0517331 -0.0523421 -0.0531037 -0.0526608 -0.054532 -0.0517058 -0.0521007 -0.0520348 -0.0517005 -0.0521491 -0.0518324 -0.0521384 -0.0518524 -0.0516976 -0.0521104 -0.0520724 -0.0520212 -0.0522325 -0.0523252 -0.0517081 -0.0517316 -0.0520995 -0.0524483
internal_weight=6.7243 3.35781 3.36649 0.464819 0.0710883 3.28982 0.0661164 3.28305 0.140522 0.0403941 0.0371562 0.0111654 3.14253 0.0415191 0.100128 3.10101 0.0615575 0.0673512 0.0299808 0.0385709 3.03366 0.0560835 0.054951 0.0184246 0.0194696 0.0115563 1.89603 0.340465 0.0133327 0.00680443
internal_count=10000 9661 339 303 286 9614 268 9593 602 185 177 45 8991 151 417 8840 284 213 156 133 8627 244 223 73 84 83 5426 989 53 56
is_linear=0
shrinkage=0.05


Tree=28
num_leaves=31
num_cat=0
split_feature=2 7 2 7 19 1 17 11 1 7 0 1 1 1 7 11 5 0 1 0 9 0 11 9 0 9 1 7 1 1
split_gain=6.42955 0.26118 0.0398086 0.256317 0.000168001 7.32439e-05 9.42233e-05 7.83943e-06 9.49598e-06 5.69937e-06 4.63724e-06 1.291e-06 1.05253e-06 5.09152e-07 4.68943e-07 3.2421e-07 2.94182e-07 2.86372e-07 2.82521e-07 2.46685e-07 2.41144e-07 1.67189e-07 1.6091e-07 1.33135e-07 1.32102e-07 1.06184e-07 9.7394e-08 6.19361e-08 5.61058e-08 5.25718e-08
threshold=1.2500000000000002 8.7750000000000021 2.2500000000000004 9.3000000000000025 0.49850000000000005 0.87812770045192978 -1.0000000180025095e-35 15.890000000000002 0.87812770045192978 3.2250000000000005 0.54809570312500011 0.73623722764153554 0.74200107251327996 0.60908405236354046 7.3500000000000005 17.650000000000002 1.0000000180025095e-35 0.56811523437500011 0.6873990952604464 0.55200195312500011 0.69047619047619058 0.49475097656250006 16.890000000000004 0.81666666666666676 0.49011230468750006 0.81666666666666676 0.55954648717207978 1.0000000180025095e-35 0.59909858698655705 0.91013736484180552
decision_type=2 2 2 2 2 2 2 2 2 2 2 2 2 2 2 2 2 2 2 2 2 2 2 2 2 2 2 2 2 2
left_child=1 5 3 4 7 9 19 17 -9 11 -10 13 14 23 18 -14 20 29 28 -7 -15 25 -13 -1 -24 -22 -25 -18 -11 -2
right_child=2 -3 -4 -5 -6 6 -8 8 10 12 -12 22 15 16 -16 -17 27 -19 -20 -21 21 -23 24 26 -26 -27 -28 -29 -30 -31
leaf_value=-0.051513895987487394 -0.051758416988621242 0.049352033537421604 0.051599494780499348 0.051596499105391158 -0.061991174274490225 -0.05190107875399104 -0.058668246105230193 -0.051906890759901653 -0.055044919120511987 -0.051610825703613944 -0.053003563488730171 -0.051686612815886157 -0.052097079834318799 -0.051526580650639801 -0.052287690147380564 -0.052516667575240698 -0.051668404371216253 -0.052143665300260204 -0.051958411366510526 -0.052288517890611334 -0.051558696833266797 -0.051662713031639822 -0.051668494381494678 -0.051531597715331806 -0.051949462665199703 -0.051640562796571067 -0.051583255301706092 -0.051812870888841178 -0.051764363269896335 -0.051888455570617768
leaf_weight=1.7588757521007234 0.024934414119343606 0.065413916599936672 2.8346211835741997 0.38446195796132088 0.0047417405003216109 0.0077761895809089756 0.0081853031006174914 0.0099175304640084505 0.0056207225134130567 0.0074767835612873359 0.0055085390486055985 0.076886621609446482 0.010125268076080829 0.25524647683778301 0.0058561797486618153 0.0084426220855675638 0.026280680016498081 0.0072268623480340457 0.022411353405914269 0.0087104893027571961 0.21758618301828392 0.065616449399385601 0.006432437847252003 0.51588388539676078 0.011965179975959472 0.048423702086438425 0.1108498979738215 0.010337307889130898 0.029138075347873382 0.011292152732494287
leaf_count=5058 102 47 36 17 18 34 18 38 22 36 20 263 57 746 50 39 81 29 99 34 655 206 20 1523 39 150 332 39 135 57
internal_value=7.59998e-08 -0.0495552 0.0493985 0.0356476 -0.0529077 -0.0515692 -0.054283 -0.0522399 -0.053032 -0.0515482 -0.0540345 -0.0515372 -0.0519559 -0.0515315 -0.0518609 -0.0522879 -0.0515717 -0.0518563 -0.0518186 -0.0521058 -0.0515631 -0.0515912 -0.0517184 -0.0515209 -0.0518512 -0.0515736 -0.0515407 -0.0517092 -0.051733 -0.051799
internal_weight=6.56625 3.27792 3.28833 0.453704 0.069242 3.21251 0.024672 0.0645002 0.0210468 3.18783 0.0111293 3.10438 0.0834503 3.0091 0.0648824 0.0185679 0.623491 0.0434534 0.0590262 0.0164867 0.586873 0.331626 0.0952842 2.38561 0.0183976 0.26601 0.626734 0.036618 0.0366149 0.0362266
internal_count=10000 9661 339 303 286 9614 86 268 80 9528 42 9112 416 8790 320 96 1877 188 270 68 1757 1011 322 6913 59 805 1855 120 171 159
is_linear=0
shrinkage=0.05


Tree=29
num_leaves=31
num_cat=0
split_feature=2 7 2 7 19 20 13 7 16 21 9 2 7 9 13 20 7 7 14 17 9 7 17 13 12 7 21 21 5 12
split_gain=6.24047 0.248373 0.0383687 0.247485 0.00012667 1.43542e-05 1.4007e-05 1.31846e-05 7.32796e-06 1.61538e-05 4.64839e-06 1.3934e-06 5.77652e-07 4.1615e-07 5.30566e-07 2.61121e-07 1.9274e-07 1.87041e-07 1.38897e-07 1.34968e-07 1.27608e-07 1.12639e-07 1.07725e-07 1.04311e-07 5.65396e-08 4.29263e-08 4.17e-08 4.14596e-08 4.05238e-08 2.95959e-08
threshold=1.2500000000000002 8.7750000000000021 2.2500000000000004 9.3000000000000025 0.49850000000000005 0.87750000000000006 1.5500000000000003 1.8750000000000002 0.32291666666666669 0.62050000000000016 0.55000000000000016 1.0000000180025095e-35 3.2250000000000005 0.69047619047619058 1.8000000000000003 0.61450000000000016 7.3500000000000005 2.6250000000000004 1.8000000000000003 -1.0000000180025095e-35 0.69047619047619058 3.2250000000000005 -1.0000000180025095e-35 2.3500000000000005 1.0000000180025095e-35 4.8000000000000016 0.58125000000000016 0.42250000000000004 1.0000000180025095e-35 1.0000000180025095e-35
decision_type=2 2 2 2 2 2 2 2 2 2 2 2 2 2 2 2 2 2 2 2 2 2 2 2 2 2 2 2 2 2
left_child=1 5 3 4 6 7 15 11 10 21 -9 20 17 14 -13 -2 18 29 24 -15 22 -10 -1 -8 28 -26 -20 -27 -14 -12
right_child=2 -3 -4 -5 -6 -7 23 8 9 -11 12 13 16 19 -16 -17 -18 -19 26 -21 -22 -23 -24 -25 25 27 -28 -29 -30 -31
leaf_value=-0.051510641001646443 -0.053444516022948065 0.048874101423709182 0.051442201476525611 0.05143979559501264 -0.060677439840087832 -0.05331745672217672 -0.05182225479074392 -0.053272588876220051 -0.051522257218233648 -0.054566668307617396 -0.051572052161079129 -0.052051339262670117 -0.051590667945672998 -0.051591541326306049 -0.051605245383342768 -0.053941388489319342 -0.052060311118719421 -0.051415565105467236 -0.051817172016819429 -0.051421048679028997 -0.051389321178023473 -0.051818663107466661 -0.051365930362707347 -0.05164769269330214 -0.051691313874340318 -0.051944144206227984 -0.052021221380671195 -0.051750523107424284 -0.051719250256859133 -0.051691851063855432
leaf_weight=0.013015901873586588 0.0057219474110755675 0.062976159795652964 2.7667252235114574 0.37509477511048317 0.004529646204900927 0.009883882972644531 0.010782378245494328 0.0047028040426083653 0.0052013302774867052 0.0077514664881164199 0.011153195286169648 0.0082070074713554986 0.013999826507642865 0.017637732380535454 0.035484798441757448 0.0049158677866216749 0.0049190950230695299 0.02093119578785263 0.0060335121961543337 0.033955699735088274 1.8062651757209094 0.0083517257589846849 1.0770487726404119 0.041483553111902438 0.013184859708417207 0.0043998082401230931 0.004279963715816848 0.0074398982687853277 0.01089708783547394 0.0095868638454703614
leaf_count=43 22 47 36 17 18 32 40 14 21 27 39 23 67 73 132 23 55 78 33 106 5428 42 3178 183 60 18 22 38 49 36
internal_value=4.69421e-08 -0.0494397 0.0492557 0.0355857 -0.0526018 -0.051415 -0.0520203 -0.051409 -0.0518964 -0.0527461 -0.0517341 -0.0513874 -0.0516664 -0.0515755 -0.051689 -0.0536741 -0.0517594 -0.051521 -0.0517348 -0.0514793 -0.0513812 -0.0517049 -0.0513677 -0.0516837 -0.0517003 -0.0517534 -0.0519018 -0.0518225 -0.0516469 -0.0516274
internal_weight=6.40656 3.19731 3.20925 0.442528 0.0674334 3.13433 0.0629037 3.12445 0.132833 0.0213045 0.111528 2.99162 0.106825 0.0952852 0.0436918 0.0106378 0.0651541 0.0416713 0.060235 0.0515934 2.89633 0.0135531 1.09006 0.0522659 0.0499215 0.0250246 0.0103135 0.0118397 0.0248969 0.0207401
internal_count=10000 9661 339 303 286 9614 268 9582 599 90 509 8983 495 334 155 45 342 153 287 179 8649 63 3221 223 232 116 55 56 116 75
is_linear=0
shrinkage=0.05


Tree=30
num_leaves=31
num_cat=0
split_feature=2 21 8 2 21 3 5 1 13 8 13 1 13 13 1 13 19 19 1 1 8 9 8 21 9 1 21 13 21 1
split_gain=6.05513 0.219219 0.0390458 0.154237 0.00216069 0.003469 0.00631017 3.51548e-05 6.85259e-05 9.22486e-06 7.59219e-06 2.05678e-06 2.2378e-06 7.1085e-07 5.31405e-07 1.6439e-06 3.57655e-07 1.62834e-06 2.78262e-07 2.02623e-07 1.72778e-07 9.27985e-08 8.61255e-08 8.04675e-08 7.50518e-08 5.70703e-08 5.9385e-08 5.5195e-08 5.16118e-08 5.63454e-08
threshold=1.2500000000000002 0.77350000000000019 3.87489109346342 7.7000000000000002 0.60525000000000018 2.0500000000000003 2.5000000000000004 0.87812770045192978 1.0000000180025095e-35 5.8569200955820877 1.5500000000000003 0.6899041751943692 1.0000000180025095e-35 3.1500000000000004 0.60042747489695947 1.0000000180025095e-35 0.21650000000000005 0.30150000000000005 0.74200107251327996 0.7938570754413915 3.8324834112099095 0.63333333333333341 3.9336862871130989 0.58125000000000016 0.81666666666666676 0.55841970335894009 0.46625000000000005 2.3500000000000005 0.46625000000000005 0.55841970335894009
decision_type=2 2 2 2 2 2 2 2 2 2 2 2 2 2 2 2 2 2 2 2 2 2 2 2 2 2 2 2 2 2
left_child=1 7 3 10 5 6 -4 11 -9 -6 -2 14 18 -10 24 16 -16 -18 22 21 -20 -14 -13 -22 28 -26 -27 -21 -1 -30
right_child=2 -3 4 -5 9 -7 -8 8 13 -11 -12 12 19 -15 15 -17 17 -19 20 27 23 -23 -24 -25 25 26 -28 -29 29 -31
leaf_value=-0.051229703963622766 -0.053114606192196316 0.041330416223175348 0.03064263466882591 0.051302618113988709 0.051108803850076427 0.05048124446796274 0.051294283700461435 -0.058372970570803144 -0.052169123296642875 0.051302363895041406 -0.051457531771155265 -0.05150971908641519 -0.051264362349107473 -0.051501798306680328 -0.051419445882490145 -0.05125897769996806 -0.052299924954806114 -0.051439363680504238 -0.051678168697810049 -0.051587036738921711 -0.051882663056489434 -0.051337969825892872 -0.05169501387479556 -0.052156171429542153 -0.051246471395390181 -0.051267753758120704 -0.051362040160090876 -0.051415024499925889 -0.051242966339284934 -0.051313686195581125
leaf_weight=1.4647680034540846 0.0084332080004972942 0.065272045685560331 0.072559104679385533 0.16234444081783295 1.2025251323211705 0.30863610818050802 0.075453117489814758 0.0050580730312502755 0.0063366194808622813 1.2610960677266121 0.038327774527715519 0.01214923194493156 0.071847596598672681 0.010778961586765945 0.04546299845969759 0.49473358094110154 0.0071715196827426544 0.023540946916909888 0.0082183664926560596 0.0057184397446690119 0.0078877272171666846 0.10597994987620041 0.012961544067366049 0.0040802708535920837 0.48843439036863845 0.076808867815998383 0.021339905099011958 0.025281936366809532 0.11500508815515775 0.037300524694728665
leaf_count=4427 38 21 68 1 30 16 2 21 23 13 171 63 227 48 183 1546 27 106 51 20 41 355 77 24 1520 243 73 99 349 117
internal_value=2.51997e-08 -0.0493365 0.0491278 0.0282562 0.0506223 0.0474633 0.0411704 -0.0512763 -0.0532599 0.0512079 -0.0517564 -0.0512617 -0.0513979 -0.0517489 -0.0512493 -0.0512923 -0.0515085 -0.0516403 -0.0517165 -0.0513288 -0.0518547 -0.0513082 -0.0516054 -0.0519759 -0.0512381 -0.0512535 -0.0512883 -0.0514468 -0.0512326 -0.0512603
internal_weight=6.24551 3.11614 3.12937 0.209105 2.92027 0.456648 0.148012 3.05086 0.0221737 2.46362 0.046761 3.02869 0.254125 0.0171156 2.77457 0.570909 0.0761755 0.0307125 0.0452971 0.208828 0.0201864 0.177828 0.0251108 0.011968 2.20366 0.586583 0.0981488 0.0310004 1.61707 0.152306
internal_count=10000 9661 339 210 129 86 70 9640 92 43 209 9548 957 71 8591 1862 316 133 256 701 116 582 140 65 6729 1836 316 119 4893 466
is_linear=0
shrinkage=0.05


Tree=31
num_leaves=31
num_cat=0
split_feature=3 7 0 3 3 8 7 5 7 0 13 8 12 9 0 0 5 7 8 11 7 7 0 8 9 7 11 9 8 8
split_gain=4.77584 1.43878 0.00746015 0.0238856 0.0759077 0.000224973 0.000562126 3.55448e-05 6.13925e-06 5.88219e-06 9.51218e-06 5.15423e-06 6.93292e-06 1.88366e-06 4.13928e-07 7.51913e-07 4.33619e-07 4.08783e-07 2.93671e-07 1.62631e-07 1.53073e-07 1.38467e-07 1.26384e-07 1.24806e-07 1.07922e-07 9.94305e-08 6.73513e-08 6.42044e-08 6.16331e-08 7.75615e-08
threshold=1.0000000180025095e-35 8.7750000000000021 0.50659179687500011 2.8500000000000001 1.2500000000000002 6.0416093941841593 5.4750000000000005 1.3000000000000003 1.8750000000000002 0.54516601562500011 1.5500000000000003 5.5560014234527317 1.0000000180025095e-35 0.55000000000000016 0.50024414062500011 0.50073242187500011 1.0000000180025095e-35 3.2250000000000005 3.87489109346342 15.690000000000003 1.8750000000000002 7.3500000000000005 0.45812988281250006 4.3729694921891662 0.69047619047619058 2.6250000000000004 16.150000000000002 0.69047619047619058 3.651887178919957 4.1494115194913954
decision_type=2 2 2 2 2 2 2 2 2 2 2 2 2 2 2 2 2 2 2 2 2 2 2 2 2 2 2 2 2 2
left_child=1 8 3 4 20 6 -4 -3 9 14 -11 13 -13 -10 27 -16 -17 25 26 -20 -2 22 -19 -18 -25 -15 -12 -1 -24 -30
right_child=2 7 5 -5 -6 -7 -8 -9 11 10 18 12 -14 17 15 16 23 21 19 -21 -22 -23 28 24 -26 -27 -28 -29 29 -31
leaf_value=-0.051113763669757221 -0.051153057825419512 0.050221036545421122 0.048905682059013848 0.051181183646539466 0.051175994327798194 0.051179987579866006 0.051176697480058347 0.051177163981407273 -0.0522683339015576 -0.05315541371758388 -0.051280900777324827 -0.051345850728409484 -0.054077398239594565 -0.051315416003953299 -0.0516392535774301 -0.05114387023325509 -0.0512556291306068 -0.051344513326162494 -0.051440460872133581 -0.051809492880811582 -0.051412551934176945 -0.051694011820412257 -0.051393267311766466 -0.051595595124684979 -0.051287421261890898 -0.051159699379880054 -0.051417498561304044 -0.051130369694638113 -0.051691381202596802 -0.051477151845976225
leaf_weight=0.9468333936383736 0.017626807559281921 0.17935281456448127 0.47565102713997476 0.21812725067138672 0.059423893690109253 1.2715520411729813 0.63790881261229515 0.21222209185361862 0.0060611647786571457 0.0086287473823175587 0.033366816438501701 0.0049245969421463087 0.0043970348924631253 0.020715524922707118 0.008751231522182823 0.28658406398608349 0.051904099411331117 0.029428391746478155 0.0072255065460922197 0.0050876148598035797 0.0083872404211433604 0.0049450760998297474 0.010938067454844713 0.0055746559373801574 0.0057931959599955007 0.020294979272875935 0.012369223652058281 1.5108915734308537 0.0059997037169523528 0.014283513228292577
leaf_count=2941 56 40 25 4 10 14 44 7 20 20 152 24 19 79 25 923 196 143 31 19 46 57 58 22 21 80 49 4772 27 76
internal_value=-1.64954e-08 -0.0394098 0.0497859 0.0424035 0.0199935 0.0507256 0.0502066 0.0507392 -0.051157 -0.0511423 -0.0516064 -0.0515044 -0.0526343 -0.0514109 -0.0511313 -0.0511815 -0.05117 -0.0513622 -0.0513762 -0.0515929 -0.0512367 -0.0514396 -0.0514189 -0.0512885 -0.0514385 -0.0512384 -0.0513178 -0.051124 -0.0514889 -0.0515405
internal_weight=6.08525 3.39657 2.68868 0.303565 0.0854379 2.38511 1.11356 0.391575 3.005 2.88301 0.0666779 0.121988 0.00932163 0.112666 2.81633 0.358607 0.349856 0.106605 0.0580492 0.0123131 0.026014 0.0655948 0.0606497 0.063272 0.0113679 0.0410105 0.045736 2.45772 0.0312213 0.0202832
internal_count=10000 9801 199 116 112 83 69 47 9754 9171 271 583 43 540 8900 1187 1162 520 251 50 102 361 304 239 43 159 201 7713 161 103
is_linear=0
shrinkage=0.05


Tree=32
num_leaves=31
num_cat=0
split_feature=1 7 21 3 20 11 7 7 0 21 7 1 1 1 11 14 11 11 11 5 1 9 0 11 0 9 1 21 9 21
split_gain=5.60312 0.300237 0.0363185 0.18849 0.000109622 6.31521e-06 4.77015e-06 5.38468e-06 4.41162e-06 2.58953e-06 1.96499e-06 6.87968e-07 5.41384e-07 2.11184e-07 1.49184e-07 1.42465e-07 1.50722e-07 2.11848e-07 1.57344e-07 1.25525e-07 1.17197e-07 9.48518e-08 7.11338e-08 7.09887e-08 6.44526e-08 5.69312e-08 4.18866e-08 4.29659e-08 4.18595e-08 2.99046e-08
threshold=0.86211933658959194 9.8250000000000011 0.54375000000000007 2.0500000000000003 0.58750000000000013 15.890000000000002 7.3500000000000005 8.7750000000000021 0.55004882812500011 0.65050000000000008 3.2250000000000005 0.73623722764153554 0.74200107251327996 0.60908405236354046 17.650000000000002 1.0000000180025095e-35 10.970000000000002 13.110000000000003 15.110000000000003 1.0000000180025095e-35 0.6899041751943692 0.69047619047619058 0.49475097656250006 16.690000000000001 0.49011230468750006 0.81666666666666676 0.56062835938462541 0.46625000000000005 0.81666666666666676 0.46625000000000005
decision_type=2 2 2 2 2 2 2 2 2 2 2 2 2 2 2 2 2 2 2 2 2 2 2 2 2 2 2 2 2 2
left_child=1 6 3 5 -4 15 10 -8 -7 -6 11 13 20 25 -14 16 -2 -18 -19 21 -12 -15 28 -13 -25 29 -27 -28 -23 -1
right_child=2 -3 4 -5 9 8 7 -9 -10 -11 12 23 14 19 -16 -17 17 18 -20 -21 -22 22 -24 24 -26 26 27 -29 -30 -31
leaf_value=-0.051002954534177504 -0.051233186523532148 0.051063093919652441 0.05032272218102906 0.049385006030558051 0.050944647885832167 -0.053151698224815039 -0.051530187484305184 -0.054713480891092084 -0.051520680232632191 0.051069872878874635 -0.051157344326703061 -0.051127844615800215 -0.051399700605606183 -0.0510141100814753 -0.051698401552195752 -0.051171959413993433 -0.051684974320390736 -0.051194486590745061 -0.051575375810775148 -0.051134823142716501 -0.051311958196711374 -0.051034701867108394 -0.051105368726665115 -0.051110988395322646 -0.051291100664438441 -0.051017447167782976 -0.051035819066000444 -0.051115976218332915 -0.051088865767405581 -0.051026491795875012
leaf_weight=1.4365046380553419 0.009215000129188744 0.073847092688083538 0.80384702931041863 0.29686904232949018 0.64237287428113621 0.010369884534156881 0.0052931707468814029 0.0017735798610374331 0.0069076017534825942 1.1553581394255159 0.035041823633946367 0.079181082051945739 0.0091495836968533695 0.2306210696697234 0.0076962690800428382 0.0091519561974564567 0.0075566721352515734 0.0069307097583077848 0.0044537746871355921 0.035900883551221341 0.018849044194212183 0.19602295795630198 0.060164787530084141 0.007561200429336167 0.014477047297987156 0.46814525203080837 0.075675917338230647 0.021458232920849696 0.043605996426776983 0.14893950120313082
leaf_count=4581 43 23 22 19 24 36 62 21 29 31 181 310 50 748 38 46 30 34 20 131 92 655 210 26 54 1533 251 72 150 478
internal_value=-7.54491e-08 -0.0484931 0.04877 0.0336837 0.0508081 -0.0517093 -0.0510317 -0.0523291 -0.0524996 0.0510251 -0.0510285 -0.0510219 -0.0512888 -0.0510172 -0.0515362 -0.0513433 -0.051399 -0.0514797 -0.0513435 -0.0510443 -0.0512114 -0.0510382 -0.0510568 -0.0511499 -0.0512293 -0.05101 -0.0510236 -0.0510535 -0.0510446 -0.0510052
internal_weight=5.92294 2.96991 2.95303 0.351455 2.60158 0.0545856 2.89606 0.00706675 0.0172775 1.79773 2.889 2.81826 0.0707367 2.71704 0.0168459 0.0373081 0.0281562 0.0189412 0.0113845 0.566316 0.0538909 0.530415 0.299794 0.101219 0.0220382 2.15072 0.565279 0.0971342 0.239629 1.58544
internal_count=10000 9666 334 257 77 238 9643 83 65 55 9560 9199 361 8809 88 173 127 84 54 1894 273 1763 1015 390 80 6915 1856 323 805 5059
is_linear=0
shrinkage=0.05


Tree=33
num_leaves=31
num_cat=0
split_feature=2 21 8 2 21 3 2 1 13 8 13 1 13 13 1 13 0 1 11 1 8 9 8 0 9 11 1 21 1 11
split_gain=5.50022 0.199023 0.0431406 0.131958 0.00243971 0.00344105 0.0114746 2.65605e-05 5.19169e-05 1.64183e-05 3.66866e-06 1.02558e-06 1.14578e-06 3.41308e-07 2.94452e-07 9.78111e-07 2.49867e-06 1.53452e-07 1.25732e-07 1.00265e-07 5.35355e-08 4.61633e-08 4.28033e-08 4.19098e-08 3.87347e-08 3.6243e-08 2.8671e-08 3.1412e-08 2.81241e-08 4.86651e-08
threshold=1.2500000000000002 0.77350000000000019 3.87489109346342 7.7000000000000002 0.60525000000000018 2.8500000000000001 2.2500000000000004 0.87812770045192978 1.0000000180025095e-35 6.0416093941841593 1.5500000000000003 0.6899041751943692 1.0000000180025095e-35 3.1500000000000004 0.60042747489695947 1.0000000180025095e-35 0.41320800781250006 0.74200107251327996 17.650000000000002 0.7938570754413915 4.6445683978793353 0.63333333333333341 3.9336862871130989 0.49475097656250006 0.81666666666666676 16.690000000000001 0.55841970335894009 0.46625000000000005 0.86211933658959194 15.910000000000004
decision_type=2 2 2 2 2 2 2 2 2 2 2 2 2 2 2 2 2 2 2 2 2 2 2 2 2 2 2 2 2 2
left_child=1 7 3 10 5 6 -4 11 -9 -6 -2 14 17 -10 24 16 -16 22 -19 21 -20 -14 -13 -17 -1 -21 -26 -28 -12 -30
right_child=2 -3 4 -5 9 -7 -8 8 13 -11 28 12 19 -15 15 23 -18 18 20 25 -22 -23 -24 -25 26 -27 27 -29 29 -31
leaf_value=-0.050908201821856562 -0.05227901175564878 0.040000409039391921 0.026116721355135042 0.050973138912248431 0.050707756238696659 0.050973342501634183 0.050974766099107394 -0.057044270484130355 -0.051591059474056004 0.050975242763157916 -0.051025374299050512 -0.05111133031705372 -0.050931459379682159 -0.051109002428470177 -0.05227933423138964 -0.05092053947923425 -0.051050749190150402 -0.05126264712442026 -0.051412946566851275 -0.051032008287320164 -0.05167539276351233 -0.050985567606551145 -0.051247461137602618 -0.050960370236604546 -0.050918667613358316 -0.051160726759506107 -0.050933982349186904 -0.05100541633888489 -0.051074295360577143 -0.05126336825110981
leaf_weight=1.4892963571328457 0.00772499568120144 0.061474319925764465 0.072773054998834019 0.11762925237417221 1.0896941105602309 0.22531415149569511 0.1282174251973629 0.0052080343884880467 0.0058164698275504625 1.2114371061325073 0.015348835644545034 0.011188030330231302 0.066154437823570333 0.0099588005105033517 0.0044155889190732314 0.37539966811891645 0.065937157298321836 0.010720960824983194 0.0045447107841027901 0.021190416213357821 0.0033944586466532201 0.097541126524447463 0.011933482324820943 0.080140292135183699 0.44987679448968254 0.0073709236312424755 0.070721880838391371 0.019669825764140114 0.015683055389672518 0.0043465056514833114
leaf_count=4893 38 21 71 1 32 12 3 21 23 11 70 63 227 48 17 1264 299 70 28 91 18 355 77 282 1520 28 243 73 81 20
internal_value=-1.55698e-07 -0.0489968 0.0487215 0.0235489 0.0502049 0.0467306 0.0419744 -0.0509435 -0.0527158 0.0508486 -0.0512919 -0.0509302 -0.0510304 -0.0512867 -0.050921 -0.0509543 -0.0511279 -0.0512677 -0.0513743 -0.0509788 -0.0515252 -0.0509637 -0.0511816 -0.0509275 -0.0509124 -0.0510652 -0.0509238 -0.0509495 -0.0510763 -0.0511153
internal_weight=5.76012 2.87195 2.88817 0.160733 2.72744 0.426305 0.20099 2.81048 0.0209833 2.30113 0.0431034 2.7895 0.234039 0.0157753 2.55546 0.525893 0.0703527 0.0417816 0.0186601 0.192257 0.00793917 0.163696 0.0231215 0.45554 2.02956 0.0285613 0.540269 0.0903917 0.0353784 0.0200296
internal_count=10000 9661 339 210 129 86 74 9640 92 43 209 9548 957 71 8591 1862 316 256 116 701 46 582 140 1546 6729 119 1836 316 171 101
is_linear=0
shrinkage=0.05


Tree=34
num_leaves=31
num_cat=0
split_feature=1 0 8 3 11 20 3 3 13 1 13 1 13 0 1 11 11 0 21 8 1 8 0 9 9 8 1 21 21 1
split_gain=5.22641 0.281419 0.0400439 0.12655 0.00347647 0.00514449 0.00715339 3.63297e-05 1.87162e-05 1.00359e-06 1.07722e-06 2.34321e-07 7.98496e-07 1.94428e-06 1.47011e-07 1.50708e-07 1.00017e-07 9.70574e-08 6.83191e-08 5.47047e-08 4.01097e-08 3.94613e-08 3.41054e-08 3.05965e-08 2.57549e-08 2.42904e-08 2.24304e-08 2.42312e-08 2.08065e-08 2.17182e-08
threshold=0.86211933658959194 0.57153320312500011 3.87489109346342 6.4000000000000012 17.990000000000006 0.71850000000000014 7.7000000000000002 4.0500000000000007 1.5500000000000003 0.6899041751943692 1.0000000180025095e-35 0.60042747489695947 1.0000000180025095e-35 0.41320800781250006 0.74200107251327996 17.610000000000003 16.110000000000003 0.49841308593750006 0.76100000000000012 4.1339936883905439 0.7938570754413915 3.9336862871130989 0.49475097656250006 0.81666666666666676 0.69047619047619058 3.9029887640186876 0.55841970335894009 0.46625000000000005 0.46625000000000005 0.55841970335894009
decision_type=2 2 2 2 2 2 2 2 2 2 2 2 2 2 2 2 2 2 2 2 2 2 2 2 2 2 2 2 2 2
left_child=1 9 3 8 5 6 -4 -6 -2 11 14 18 13 -13 21 -16 -10 24 23 -17 -19 -11 -14 28 -12 -22 -25 -28 -1 -30
right_child=2 -3 4 -5 7 -7 -8 -9 16 10 17 12 22 -15 15 19 -18 20 -20 -21 25 -23 -24 26 -26 -27 27 -29 29 -31
leaf_value=-0.050818979528519881 -0.053973223941758623 0.044062817372875457 0.026811019343778154 0.050884588686318011 0.050472396758709265 0.049466213802093054 0.050889407703411799 0.050886298180833359 -0.050964601097138101 -0.051010985405272082 -0.050837778941264393 -0.052053396019462052 -0.050832048411981703 -0.050953054778937468 -0.051142185839650502 -0.051269161036518351 -0.051173263562911797 -0.050906351093355451 -0.050984864450628192 -0.051521547190329177 -0.050954783016940869 -0.051138725263006363 -0.050868456326762707 -0.050830378370664203 -0.050884591578914978 -0.051065788694935027 -0.050844487945546239 -0.050908894680912288 -0.050828126736258375 -0.050874630921178804
leaf_weight=1.3100972212851054 0.0062837550649422749 0.08041213490650978 0.070944388789940027 0.11422376334667206 0.86924945237115059 0.27936276888067368 0.054574150592088699 1.3590637594461439 0.027519806739292108 0.01165306702023361 0.060614915026235394 0.0042791068990480899 0.36479525240429211 0.064949674779199995 0.011814057434094138 0.0037050173705210909 0.0072572349890833712 0.052822133016888984 0.0066770147532225757 0.0051056706579402089 0.020920102106174454 0.012564711549202912 0.078093950971378945 0.43508221591764606 0.057020963373361155 0.0064468276104889801 0.068992958957096562 0.01852422978845425 0.10197721391159564 0.033305714765447192
leaf_count=4427 30 25 59 2 30 20 1 18 142 66 213 17 1265 303 78 26 32 206 22 27 93 82 283 1514 211 30 244 71 346 117
internal_value=-1.51069e-08 -0.0481265 0.0484954 0.0238218 0.0499504 0.0456883 0.0372801 0.0507248 -0.0514619 -0.0508425 -0.0509395 -0.050833 -0.0508632 -0.0510211 -0.0511608 -0.0512589 -0.0510081 -0.0508894 -0.0508252 -0.0514154 -0.0509318 -0.0510773 -0.0508385 -0.0508247 -0.0508605 -0.0509809 -0.050835 -0.0508581 -0.0508209 -0.0508396
internal_weight=5.59833 2.80985 2.78848 0.155285 2.63319 0.404881 0.125519 2.22831 0.0410608 2.72944 0.242667 2.48677 0.512118 0.0692288 0.0448425 0.0206247 0.034777 0.197825 1.97466 0.00881069 0.0801891 0.0242178 0.442889 1.96798 0.117636 0.0273669 0.522599 0.0875172 1.44538 0.135283
internal_count=10000 9666 334 206 128 80 60 48 204 9641 1032 8609 1868 320 279 131 174 753 6741 53 329 148 1548 6719 424 123 1829 315 4890 463
is_linear=0
shrinkage=0.05


Tree=35
num_leaves=31
num_cat=0
split_feature=2 7 2 7 19 1 1 11 13 1 7 8 1 1 1 13 7 1 13 13 11 1 0 9 17 8 1 21 9 11
split_gain=5.13817 0.209482 0.0394934 0.219455 0.000174521 3.41249e-05 9.19587e-06 1.06159e-05 3.9693e-06 5.40937e-06 1.22941e-06 7.40288e-07 2.64954e-07 2.38602e-07 1.92469e-07 1.87837e-07 1.09706e-07 9.88241e-08 1.14746e-07 9.53533e-08 7.9416e-08 6.09294e-08 5.34576e-08 2.94852e-08 2.69051e-08 2.37891e-08 2.22585e-08 2.26348e-08 1.70494e-08 1.52368e-08
threshold=1.2500000000000002 8.7750000000000021 2.2500000000000004 9.3000000000000025 0.5445000000000001 0.95378196326636899 0.87812770045192978 16.030000000000005 1.5500000000000003 0.86211933658959194 3.2250000000000005 3.9029887640186876 0.73623722764153554 0.74200107251327996 0.87812770045192978 3.5500000000000003 7.3500000000000005 0.60908405236354046 1.0000000180025095e-35 1.8000000000000003 17.650000000000002 0.6899041751943692 0.49475097656250006 0.81666666666666676 -1.0000000180025095e-35 3.9336862871130989 0.56252755703614421 0.46625000000000005 0.69047619047619058 16.310000000000006
decision_type=2 2 2 2 2 2 2 2 2 2 2 2 2 2 2 2 2 2 2 2 2 2 2 2 2 2 2 2 2 2
left_child=1 5 3 4 8 6 10 15 9 -2 12 29 17 16 -13 -8 21 23 -19 -14 -15 -12 28 -1 -21 -23 -25 -28 -20 -10
right_child=2 -3 -4 -5 -6 -7 7 -9 11 -11 13 14 19 20 -16 -17 -18 18 22 24 -22 25 -24 26 -26 -27 27 -29 -30 -31
leaf_value=-0.050742043360037251 -0.051037991681809891 0.047787177626817785 0.050805996597350689 0.050804264352139687 -0.060278906603345256 -0.054390445838413348 -0.05134623467199334 -0.053925803635093694 -0.050864952411873735 -0.053423639390812142 -0.050853545698575142 -0.051078924209990884 -0.051021211299407614 -0.051035795414479182 -0.051464344485197905 -0.05092137202422331 -0.051142613053241616 -0.050857479435794196 -0.050744182753039081 -0.050865520522045661 -0.051262710600376266 -0.050901012913455973 -0.050797264690176452 -0.050751475704345253 -0.050802641057138415 -0.051020401648558561 -0.05076575238155065 -0.050828993247265863 -0.050765334779401178 -0.050946874469647289
leaf_weight=1.4519891902891711 0.0052103949565210916 0.055026856076437869 2.3632336147129536 0.30163798481225967 0.0058341807016404337 0.0065117528283734618 0.0044960579398319878 0.0048293190775439152 0.026217010337859392 0.0043682488612830639 0.031745315209263825 0.0052151226846035579 0.006920056650414951 0.0084259776485851035 0.0085490679921349511 0.006173705609398894 0.004904971632640808 0.035169247756129951 0.17727817170089111 0.027678890532115474 0.0071090890996856624 0.0071684606082271776 0.096050247972016223 0.43653192810597818 0.044143915685708635 0.0099832893756683916 0.06274983445473481 0.018267851701239124 0.20593630670919083 0.0072442052623955524
leaf_count=5058 21 47 36 17 13 25 18 11 137 28 179 22 28 57 31 32 50 135 624 123 39 39 364 1561 171 52 227 67 754 34
internal_value=-6.17461e-08 -0.0487733 0.0484438 0.0331193 -0.0520437 -0.0507753 -0.0507664 -0.0519808 -0.0511979 -0.0521259 -0.0507593 -0.0510097 -0.0507537 -0.050967 -0.0513183 -0.0511004 -0.0509172 -0.0507508 -0.0507703 -0.050844 -0.0511396 -0.0508946 -0.0507639 -0.0507457 -0.0508269 -0.0509705 -0.0507559 -0.05078 -0.0507555 -0.0508827
internal_weight=5.4366 2.70909 2.72751 0.364276 0.0626382 2.65406 2.64755 0.0154991 0.0568041 0.00957864 2.63205 0.0472254 2.56272 0.0693371 0.0137642 0.0106698 0.053802 2.48397 0.514434 0.0787429 0.0155351 0.0488971 0.479265 1.96954 0.0718228 0.0171517 0.51755 0.0810177 0.383214 0.0334612
internal_count=10000 9661 339 303 286 9614 9589 61 273 49 9528 224 9112 416 53 50 320 8790 1877 322 96 270 1742 6913 294 91 1855 294 1378 171
is_linear=0
shrinkage=0.05


Tree=36
num_leaves=31
num_cat=0
split_feature=1 7 21 3 22 13 7 7 0 7 8 1 1 13 1 13 11 11 1 0 11 0 9 8 8 1 21 21 9 21
split_gain=4.9535 0.214881 0.0346473 0.167772 0.000224332 1.03507e-05 2.55675e-06 2.97283e-06 1.06222e-06 8.06769e-07 4.11816e-07 3.16509e-07 2.17999e-07 1.24109e-07 8.47113e-08 9.70563e-08 6.89758e-08 6.2549e-08 4.87238e-08 4.843e-08 4.40066e-08 3.50793e-08 2.34142e-08 2.06503e-08 2.03652e-08 1.78418e-08 1.77407e-08 1.40442e-08 1.34635e-08 1.19906e-08
threshold=0.86211933658959194 9.8250000000000011 0.54375000000000007 2.0500000000000003 2.5000000000000004 1.5500000000000003 7.3500000000000005 8.7750000000000021 0.57690429687500011 3.2250000000000005 3.87489109346342 0.73623722764153554 0.74200107251327996 1.0000000180025095e-35 0.60908405236354046 1.0000000180025095e-35 16.110000000000003 17.650000000000002 0.6899041751943692 0.49475097656250006 15.110000000000003 0.49890136718750006 0.81666666666666676 3.8636680655559492 3.9336862871130989 0.56252755703614421 0.46625000000000005 0.60525000000000018 0.69047619047619058 0.46625000000000005
decision_type=2 2 2 2 2 2 2 2 2 2 2 2 2 2 2 2 2 2 2 2 2 2 2 2 2 2 2 2 2 2
left_child=1 6 3 5 -4 -2 9 27 -6 11 16 14 18 -13 22 -16 -7 -14 -11 28 -12 -15 29 -23 -20 -24 -27 -8 -17 -1
right_child=2 -3 4 -5 8 10 7 -9 -10 12 20 13 17 21 15 19 -18 -19 24 -21 -22 23 25 -25 -26 26 -28 -29 -30 -31
leaf_value=-0.050668954803054195 -0.052972160855947914 0.050718515516927354 0.049569733914696115 0.048562749246563848 0.050654846359815854 -0.050777742745112923 -0.050968850070059128 -0.053446357644709723 0.050733195764043781 -0.05077401640119205 -0.0510828358478898 -0.05101145428107319 -0.05093551686002204 -0.050723132177497049 -0.050777135360958493 -0.05067236350648751 -0.050957029621455353 -0.051140168791207377 -0.050813912874257849 -0.050722425945021625 -0.051283344005605191 -0.050769625327467149 -0.050678946881253489 -0.050847277427093732 -0.05092557995572046 -0.050692086811330521 -0.050748914981817078 -0.05114917637799437 -0.050691444469667696 -0.050684767937589074
leaf_weight=1.2762581560818964 0.0070706093392803862 0.05332157015800465 0.59786349534988414 0.266167510766536 0.88561597082298249 0.025009419550769962 0.0030898984987287595 0.0017425685073249042 0.84569608420133591 0.031194872819469199 0.0063567697943653911 0.0051801958907161652 0.0081620058190310374 0.037421723158331588 0.034987150153028668 0.17194520216435194 0.0068296060926513738 0.0068814364349236721 0.0069480049860430873 0.096186501948977821 0.0048049455654108897 0.036652703725849278 0.42338528671825759 0.011171185338753276 0.0099017472530249506 0.061150070818257518 0.017711322085233405 0.0016597027133684605 0.19995650323107839 0.1323070675425696
leaf_count=4581 22 23 37 19 32 138 44 21 8 181 28 22 50 148 138 624 32 38 39 377 18 168 1561 52 53 228 67 18 755 478
internal_value=3.77198e-08 -0.0486308 0.0482963 0.032767 0.0504048 -0.0511993 -0.0506889 -0.0516799 0.0506931 -0.0506864 -0.0509078 -0.050682 -0.050863 -0.0507738 -0.0506786 -0.0506968 -0.0508162 -0.0510291 -0.050811 -0.0506908 -0.0511692 -0.0507594 -0.0506737 -0.0507878 -0.0508795 -0.050683 -0.0507048 -0.0510319 -0.0506826 -0.0506704
internal_weight=5.27263 2.62721 2.64541 0.316239 2.32918 0.0500714 2.57389 0.00649217 1.73131 2.5674 0.0430007 2.50431 0.0630881 0.0904258 2.41389 0.503075 0.031839 0.0150434 0.0480446 0.468088 0.0111617 0.0852456 1.91081 0.0478239 0.0168498 0.502247 0.0788614 0.0047496 0.371902 1.40857
internal_count=10000 9666 334 257 77 238 9643 83 40 9560 216 9199 361 390 8809 1894 170 88 273 1756 46 368 6915 220 92 1856 295 62 1379 5059
is_linear=0
shrinkage=0.05


Tree=37
num_leaves=31
num_cat=0
split_feature=1 5 21 3 8 8 8 13 1 13 8 1 13 0 1 11 17 11 11 21 8 8 9 8 0 9 1 21 21 1
split_gain=4.77826 0.207139 0.0342548 0.160673 0.000130684 0.000191781 0.00041119 8.10473e-06 5.09937e-07 4.95828e-07 3.24427e-07 1.31933e-07 4.73211e-07 1.46788e-06 6.96165e-08 6.82882e-08 6.52837e-08 5.44717e-08 3.46425e-08 3.36174e-08 2.89584e-08 2.36596e-08 2.25966e-08 1.84958e-08 1.78349e-08 1.50897e-08 1.1069e-08 1.19718e-08 1.02878e-08 1.07512e-08
threshold=0.86211933658959194 2.5000000000000004 0.54375000000000007 2.0500000000000003 5.8569200955820877 4.9092118923290018 4.5104222072709783 1.5500000000000003 0.6899041751943692 1.0000000180025095e-35 3.87489109346342 0.60042747489695947 1.0000000180025095e-35 0.41320800781250006 0.74200107251327996 17.610000000000003 -1.0000000180025095e-35 16.110000000000003 15.110000000000003 0.76100000000000012 4.1494115194913954 3.8168032536465661 0.69047619047619058 3.9336862871130989 0.49475097656250006 0.81666666666666676 0.55841970335894009 0.46625000000000005 0.46625000000000005 0.55841970335894009
decision_type=2 2 2 2 2 2 2 2 2 2 2 2 2 2 2 2 2 2 2 2 2 2 2 2 2 2 2 2 2 2
left_child=1 8 3 7 5 6 -4 -2 11 14 17 19 13 -13 23 -16 21 -9 -12 25 -17 -11 -18 -10 -14 28 -27 -28 -1 -30
right_child=2 -3 4 -5 -6 -7 -8 10 9 16 18 12 24 -15 15 20 22 -19 -20 -21 -22 -23 -24 -25 -26 26 27 -29 29 -31
leaf_value=-0.050604804684994564 -0.052680819988533648 0.048353492868708825 0.047359341264407093 0.04822725311977355 0.050667874872310038 0.050391712043704143 0.05066159717782618 -0.050703005517875377 -0.050746119385896488 -0.050690466049738626 -0.050978420041177468 -0.051685420049014857 -0.050614420824421164 -0.050703241673759919 -0.050843006938492877 -0.050927697610589087 -0.050620396889100389 -0.050864955840159792 -0.051159344468743956 -0.050726727796858655 -0.051122887528873742 -0.050773187599017104 -0.050661232768245607 -0.05083818478977925 -0.050641921425273517 -0.0506131907629929 -0.050623570803382305 -0.050671005351043144 -0.050611538349013864 -0.050645814561518558
leaf_weight=1.1941951162007178 0.0068119304487485035 0.054007410624762886 0.19021608670300338 0.25623327656649053 1.1739018782973289 0.70826039416715503 0.18688244000077248 0.024211926138377748 0.010611642632284091 0.037108721560798585 0.006149137276224792 0.0040655541961313038 0.33246547506132629 0.059147122679860331 0.010570855767582543 0.0033486024331068611 0.063715116833918728 0.0066095389047404743 0.0046439294819720089 0.0060824869287899866 0.0043931429245276377 0.01126878903596662 0.07233784809068311 0.011227034105104394 0.07166384655283764 0.39655306641361687 0.062871490095858462 0.016871199826709926 0.092944672462181077 0.030347380001330748
leaf_count=4427 22 10 36 19 16 19 6 138 66 175 28 17 1265 302 77 25 247 32 18 22 25 54 297 81 285 1514 244 70 346 117
internal_value=6.33414e-09 -0.0485229 0.0481799 0.0324418 0.0503022 0.0499067 0.0489959 -0.0510821 -0.0506226 -0.0506945 -0.0508203 -0.0506155 -0.0506392 -0.0507664 -0.0508537 -0.0509256 -0.0506598 -0.0507377 -0.0510563 -0.0506094 -0.0510385 -0.0507097 -0.0506421 -0.0507934 -0.0506193 -0.050609 -0.0506166 -0.0506336 -0.0506062 -0.05062
internal_weight=5.10972 2.5458 2.56392 0.30466 2.25926 1.08536 0.377099 0.0484265 2.49179 0.224582 0.0416145 2.26721 0.467342 0.0632127 0.0401513 0.0183126 0.18443 0.0308215 0.0107931 1.79987 0.00774175 0.0483775 0.136053 0.0218387 0.404129 1.79378 0.476296 0.0797427 1.31749 0.123292
internal_count=10000 9666 334 257 77 61 42 238 9656 1047 216 8609 1869 319 274 127 773 170 46 6740 50 229 544 147 1550 6718 1828 314 4890 463
is_linear=0
shrinkage=0.05


Tree=38
num_leaves=31
num_cat=0
split_feature=2 7 2 7 3 20 21 7 16 21 13 13 9 21 2 7 11 9 20 20 7 14 17 7 9 17 13 16 11 12
split_gain=4.63725 0.185353 0.0341615 0.205133 0.000166749 1.63102e-05 6.67258e-06 2.28671e-06 3.90915e-06 7.17242e-06 1.75783e-06 9.00261e-07 6.75936e-07 2.48869e-07 1.96834e-07 7.27079e-08 5.9555e-08 5.82803e-08 6.55756e-08 5.81491e-08 2.61664e-08 2.00812e-08 1.96585e-08 1.93365e-08 1.59751e-08 1.45221e-08 1.13972e-08 1.09431e-08 1.08486e-08 8.5525e-09
threshold=1.2500000000000002 8.7750000000000021 2.2500000000000004 9.3000000000000025 2.0500000000000003 0.87950000000000006 0.77650000000000008 1.8750000000000002 0.45833333333333343 0.62050000000000016 1.5500000000000003 1.0000000180025095e-35 0.55000000000000016 0.42025000000000007 1.0000000180025095e-35 3.2250000000000005 17.010000000000005 0.69047619047619058 0.40050000000000008 0.33350000000000002 2.6250000000000004 1.8000000000000003 -1.0000000180025095e-35 7.3500000000000005 0.69047619047619058 -1.0000000180025095e-35 2.3500000000000005 -1.0000000180025095e-35 17.950000000000006 1.0000000180025095e-35
decision_type=2 2 2 2 2 2 2 2 2 2 2 2 2 2 2 2 2 2 2 2 2 2 2 2 2 2 2 2 2 2
left_child=1 5 3 4 10 6 7 14 12 -10 11 -2 -9 16 24 20 26 18 19 -16 -14 23 -19 29 25 -1 -12 -20 -23 -17
right_child=2 -3 -4 -5 -6 -7 -8 8 9 -11 13 -13 15 -15 17 21 -18 22 27 -21 -22 28 -24 -25 -26 -27 -28 -29 -30 -31
leaf_value=-0.050608643463051495 -0.050941778400878934 0.047233261398095826 0.050608782139078094 0.050607846282827197 -0.059465506902600988 -0.053209344110984741 -0.052307351791199233 -0.051363662140918531 -0.050679149028153882 -0.053479085199491488 -0.050754370792329022 -0.051966467267661964 -0.050656292886281741 -0.051126998091779632 -0.050685437692921137 -0.050659754214843547 -0.05085782507487531 -0.050645021731606593 -0.050717376803330209 -0.050941037830697956 -0.050567642729285003 -0.050719502473305603 -0.050570994408382357 -0.050805156625696193 -0.050557594389786048 -0.050548130524344127 -0.050680503015783751 -0.050628837389607009 -0.050826308788394885 -0.050705272127988921
leaf_weight=0.01003464731911663 0.0036794669285885595 0.049427623627707251 2.1258401051163673 0.30002176761627197 0.0063708731904625884 0.0058728658186736329 0.0055213733430717884 0.0036699226766357942 0.0059445778315421194 0.0037176114710746333 0.006566474199644289 0.0051348669512663037 0.016992450939142145 0.0042548722994979462 0.0048998077400027595 0.020121729365200736 0.0068722964788321397 0.013655622315127403 0.0042006524454336605 0.0040763649594737217 0.016316748704412021 0.004775224399054423 0.026126784840016626 0.003521402570186182 1.3892993563640628 0.82839042141859209 0.025501773066935129 0.020624316472094506 0.0047349302913062274 0.021184553072089329
leaf_count=43 35 47 36 17 15 21 16 14 36 14 31 12 80 17 23 122 32 73 19 18 79 50 106 34 5430 3178 144 95 35 128
internal_value=3.59887e-08 -0.0486148 0.0482013 0.0339215 -0.0518305 -0.0505776 -0.0505712 -0.0505672 -0.0508001 -0.0517564 -0.0508952 -0.0515387 -0.0506989 -0.0507639 -0.050557 -0.050671 -0.0507243 -0.0506374 -0.0506857 -0.0508015 -0.0506129 -0.0507067 -0.0505964 -0.0506927 -0.0505543 -0.0505489 -0.0506956 -0.0506438 -0.0507727 -0.0506831
internal_weight=4.94735 2.46311 2.48424 0.358402 0.0583806 2.41368 2.40781 2.40229 0.100979 0.00966219 0.0520097 0.00881433 0.091317 0.0431954 2.30131 0.087647 0.0389405 0.0735835 0.0338011 0.00897617 0.0333092 0.0543378 0.0397824 0.0448277 2.22772 0.838425 0.0320682 0.024825 0.00951015 0.0413063
internal_count=10000 9661 339 303 286 9614 9593 9577 592 50 271 47 542 224 8985 528 207 334 155 41 159 369 179 284 8651 3221 175 114 85 250
is_linear=0
shrinkage=0.05


Tree=39
num_leaves=31
num_cat=0
split_feature=3 7 8 7 3 21 8 9 0 0 7 8 21 0 0 9 16 17 8 8 7 9 8 7 0 0 20 0 16 0
split_gain=3.6761 1.06824 0.00706445 0.0141169 0.0678263 0.000678959 0.00135623 0.00213033 5.60718e-05 3.18882e-05 1.74121e-06 3.74538e-06 4.88701e-06 1.37407e-06 9.11647e-07 4.04104e-07 2.85684e-07 1.59291e-07 1.01613e-07 7.4245e-08 6.56413e-08 6.10203e-08 4.71659e-08 2.37853e-08 2.05868e-08 2.01741e-08 1.92238e-08 1.91692e-08 7.21735e-08 1.78002e-08
threshold=1.0000000180025095e-35 8.7750000000000021 4.68239567366376 6.6000000000000005 6.4000000000000012 0.63525000000000009 6.3061214547812314 0.55000000000000016 0.54516601562500011 0.51879882812500011 1.8750000000000002 5.5560014234527317 0.58825000000000005 0.54516601562500011 0.54663085937500011 0.55000000000000016 -0.74999999999999989 -1.0000000180025095e-35 3.87489109346342 4.3729694921891662 3.2250000000000005 0.69047619047619058 4.3167093310642022 7.3500000000000005 0.56811523437500011 0.45812988281250006 0.48350000000000004 0.49475097656250006 -1.0416666666666665 0.49230957031250006
decision_type=2 2 2 2 2 2 2 2 2 2 2 2 2 2 2 2 2 2 2 2 2 2 2 2 2 2 2 2 2 2
left_child=1 10 3 4 9 6 7 -4 -3 -2 13 15 -13 17 -15 -12 -16 19 24 29 -17 -21 -20 25 -18 -22 -26 -19 -29 -1
right_child=2 8 5 -5 -6 -7 -8 -9 -10 -11 11 12 -14 14 16 20 18 27 22 21 23 -23 -24 -25 26 -27 -28 28 -30 -31
leaf_value=-0.050509105673411131 -0.050564896274911592 0.049159037015361562 0.050544847101923474 0.050193558502667573 0.050543524859755273 0.050520826485043295 0.050545590238155857 0.040321829761192252 0.050541459037520275 -0.055155772135934977 -0.051077275347726839 -0.050630646680459003 -0.053117646858806794 -0.051436332492644968 -0.051035901987273084 -0.050551662248722096 -0.05058870801402246 -0.05049958669356587 -0.050917928964494812 -0.050822046985686514 -0.050599451450368975 -0.05057910057520848 -0.050698127179473418 -0.050761505490358953 -0.050754998717811452 -0.05066459991642467 -0.05061139459793973 -0.050647180850085821 -0.050508601514823198 -0.050575631710348734
leaf_weight=0.013594935997390922 0.016912045233766659 0.13032742880750436 0.098211850970983616 0.14534684678073972 0.064041905105113983 1.399545010863221 0.29392117261886597 0.10591850435594097 0.16777974739670753 0.0048721959756221614 0.0048480808909515663 0.0043280851823510602 0.0036336602788651362 0.0045567633642348273 0.0055234379105968392 0.0321321391093079 0.024363938515307382 1.8086488579865547 0.004368916546809487 0.0053596667858073488 0.023066261608619243 0.0049918133299797773 0.0055298303777817637 0.0038966050342423833 0.0042222550109727308 0.024509362992830575 0.0052014119428349659 0.0096740473818499595 0.32632709755853273 0.038615331170149148
leaf_count=56 82 43 4 31 3 24 7 37 4 11 20 27 16 17 23 159 135 7233 18 25 143 22 28 57 20 161 30 36 1335 193
internal_value=-4.17657e-08 -0.0392417 0.0489513 0.0406989 0.0246197 0.0499566 0.0483712 0.0452404 0.0499371 -0.0515917 -0.0505189 -0.050727 -0.0517657 -0.05051 -0.0507597 -0.0506335 -0.0506971 -0.0505039 -0.0506543 -0.0505826 -0.0506077 -0.0507049 -0.0507951 -0.0506427 -0.050613 -0.050633 -0.0506757 -0.0505016 -0.0505126 -0.0505583
internal_weight=4.78427 2.6555 2.12877 0.231173 0.0858261 1.8976 0.498052 0.20413 0.298107 0.0217842 2.35739 0.0964142 0.00796175 2.26098 0.0537666 0.0884524 0.0492098 2.20721 0.0436864 0.0625617 0.0836044 0.0103515 0.00989875 0.0514722 0.0337876 0.0475756 0.00942367 2.14465 0.336001 0.0522103
internal_count=10000 9801 199 127 96 72 48 41 47 93 9754 583 43 9171 271 540 254 8900 231 296 520 47 46 361 185 304 50 8604 1371 249
is_linear=0
shrinkage=0.05


Tree=40
num_leaves=31
num_cat=0
split_feature=2 7 8 2 21 3 20 21 1 1 11 13 7 1 1 8 13 7 13 1 13 11 1 0 17 8 21 1 13 1
split_gain=4.31392 0.17173 0.0339341 0.117393 0.00130509 0.00211641 0.00355384 0.00433317 2.65103e-05 4.55944e-06 5.64921e-06 5.92029e-07 3.88926e-07 8.24749e-08 7.46355e-08 6.94544e-08 5.17368e-08 3.46538e-08 3.23849e-08 3.03235e-08 3.68765e-08 2.44793e-08 1.83336e-08 1.63864e-08 8.188e-09 7.83237e-09 7.69508e-09 1.35072e-08 8.95749e-09 6.42513e-09
threshold=1.2500000000000002 8.7750000000000021 4.2165475240048726 2.2500000000000004 0.6096666666666668 2.8500000000000001 0.87950000000000006 0.54375000000000007 0.95378196326636899 0.87812770045192978 16.030000000000005 1.5500000000000003 3.2250000000000005 0.73623722764153554 0.74200107251327996 3.8459950564407128 3.5500000000000003 7.3500000000000005 1.8000000000000003 0.60908405236354046 1.0000000180025095e-35 17.650000000000002 0.6899041751943692 0.49475097656250006 -1.0000000180025095e-35 3.9336862871130989 0.46416666666666667 0.55841970335894009 2.3500000000000005 0.86211933658959194
decision_type=2 2 2 2 2 2 2 2 2 2 2 2 2 2 2 2 2 2 2 2 2 2 2 2 2 2 2 2 2 2
left_child=1 8 3 11 5 6 7 -4 9 12 16 -2 13 19 17 29 -11 22 -15 26 -21 -16 -14 -22 -20 -24 -1 -28 -29 -13
right_child=2 -3 4 -5 -6 -7 -8 -9 -10 10 -12 15 14 18 21 -17 -18 -19 24 20 23 -23 25 -25 -26 -27 27 28 -30 -31
leaf_value=-0.050448919392673354 -0.051101605254670994 0.046297991955468167 0.028447194514152365 0.05049422757056915 0.050324097529949666 0.050496293437728761 0.050300320266294322 0.049122498292973688 -0.053663028283148832 -0.050806064136888852 -0.052844634007153529 -0.050509598094116252 -0.05051692752762138 -0.050621748857484709 -0.05062769089875916 -0.05076579727965555 -0.050563706094237271 -0.050692692631360829 -0.050522106122424686 -0.050518695677242612 -0.050456094900043137 -0.050764600841820655 -0.050543247103248458 -0.050481169352319444 -0.050484425347077894 -0.050617681978770063 -0.050452378883457528 -0.050497099498798617 -0.050451801198584112 -0.050557711374504911
leaf_weight=1.4477918170159707 0.0060895941132915734 0.046796709881164023 0.060658549642539916 0.11562416329979897 1.7280546119436619 0.23586023226380348 0.099415389471687376 0.043526783279958181 0.0064949161460389196 0.0037836717092430971 0.0044266651675570765 0.012177274387795478 0.026960968694765941 0.0058864331367657332 0.0071407517534680665 0.0037577214679913587 0.0052678409119835123 0.004160447744652628 0.023442990132025443 0.029847326615708769 0.32535559957614169 0.0060151196521474048 0.0060679908201564112 0.081473260870552622 0.037445626512635499 0.008463282254524529 0.17566842609085132 0.032803984373458661 0.016354349427274428 0.016130454692756757
leaf_count=5979 32 47 49 10 38 12 3 8 25 18 11 69 179 28 57 17 32 50 123 135 1378 39 39 364 171 52 727 139 68 101
internal_value=-5.22009e-09 -0.0485057 0.0480951 0.0253988 0.0497054 0.0472725 0.0435378 0.037085 -0.0504732 -0.050464 -0.0513809 -0.0506497 -0.0504585 -0.0504551 -0.0505854 -0.0505638 -0.050665 -0.0505551 -0.0505098 -0.0504533 -0.0504651 -0.0506903 -0.0505413 -0.0504611 -0.0504989 -0.0505866 -0.0504503 -0.0504589 -0.050482 -0.050537
internal_weight=4.62294 2.30165 2.32129 0.153779 2.16752 0.439461 0.203601 0.104185 2.25485 2.24836 0.0134782 0.038155 2.23488 2.17607 0.0588086 0.0320655 0.00905151 0.0456527 0.066775 2.10929 0.436676 0.0131559 0.0414922 0.406829 0.0608886 0.0145313 1.67262 0.224827 0.0491583 0.0283077
internal_count=10000 9661 339 229 110 72 60 57 9614 9589 61 219 9528 9112 416 187 50 320 322 8790 1877 96 270 1742 294 91 6913 934 207 170
is_linear=0
shrinkage=0.05


Tree=41
num_leaves=31
num_cat=0
split_feature=2 7 2 7 3 1 1 13 13 1 8 7 1 1 7 13 1 13 8 1 0 8 9 8 1 1 20 12 1 9
split_gain=4.15672 0.159442 0.0341156 0.186534 0.000128527 2.07062e-05 3.62262e-06 4.04643e-06 9.60323e-07 1.45226e-06 3.53989e-07 3.06727e-07 6.50103e-08 5.88249e-08 2.73046e-08 2.55521e-08 2.38938e-08 2.90619e-08 2.14691e-08 1.44621e-08 1.29092e-08 9.77658e-09 7.54035e-09 6.17622e-09 5.98612e-09 5.4921e-09 5.18065e-09 4.92845e-09 4.76353e-09 4.13123e-09
threshold=1.2500000000000002 8.7750000000000021 2.2500000000000004 9.3000000000000025 2.0500000000000003 0.95378196326636899 0.87812770045192978 2.3500000000000005 1.5500000000000003 0.86211933658959194 4.1339936883905439 3.2250000000000005 0.73623722764153554 0.74200107251327996 7.3500000000000005 1.8000000000000003 0.60908405236354046 1.0000000180025095e-35 3.7616173864573086 0.6899041751943692 0.49475097656250006 3.8324834112099095 0.81666666666666676 3.9336862871130989 0.7938570754413915 0.56252755703614421 0.52250000000000008 1.1500000000000001 0.86211933658959194 0.69047619047619058
decision_type=2 2 2 2 2 2 2 2 2 2 2 2 2 2 2 2 2 2 2 2 2 2 2 2 2 2 2 2 2 2
left_child=1 5 3 4 8 6 11 -8 9 -2 18 12 16 14 19 -14 22 -18 28 -13 29 -15 -1 -21 -17 -24 -9 -23 -10 -19
right_child=2 -3 -4 -5 -6 -7 7 26 10 -11 -12 13 15 21 -16 24 17 20 -20 23 -22 27 25 -25 -26 -27 -28 -29 -30 -31
leaf_value=-0.050405273489675544 -0.050584452654511128 0.045631360963337107 0.050458942897365883 0.05045635374292045 -0.05810683245474231 -0.053300264633673371 -0.052306538768746053 -0.050557397403446704 -0.050461851262737181 -0.05193257963220746 -0.050856075868799144 -0.050467580840369286 -0.050562376085161592 -0.050574835777930427 -0.050626400287547307 -0.050439526394329193 -0.050469185001931774 -0.050406411273328247 -0.050618526498254185 -0.050491374717799013 -0.050435254730006485 -0.050615451174207106 -0.050410588079471144 -0.050558677693659959 -0.050472936980299345 -0.050426250315315273 -0.050475099734627472 -0.050699521077518954 -0.050504476333908421 -0.050417916447364985
leaf_weight=1.1895153064688226 0.004510005092015823 0.044073089025914558 1.9336065649986265 0.25583314150571823 0.0066483684349805108 0.0062568625871789454 0.0053510871366596602 0.0036796701897401363 0.011327941072522663 0.0035861128126271069 0.0091728724510176107 0.025997075252234825 0.0056798082368912919 0.0055936822172952816 0.0040168482955778009 0.038000777858542278 0.028779650630894937 0.14521780160430353 0.0034783516166498876 0.005850465575349518 0.078575240608188324 0.0030688581755384803 0.35765071464993514 0.0081674953980837017 0.020714613128802739 0.066356798721244559 0.00398128034430556 0.0040359358099522069 0.015554562283796258 0.16862793343898375
leaf_count=5058 24 47 36 17 15 25 14 21 67 23 39 179 28 46 50 181 135 624 17 39 364 19 1561 52 113 294 26 31 101 754
internal_value=-3.49061e-08 -0.0485203 0.0479899 0.0325946 -0.0515945 -0.0504281 -0.0504198 -0.0512515 -0.0506855 -0.0511816 -0.0505839 -0.0504147 -0.0504116 -0.0505295 -0.0505021 -0.0504611 -0.0504101 -0.0504207 -0.0505016 -0.0504897 -0.0504171 -0.0506243 -0.0504073 -0.0505306 -0.0504513 -0.050413 -0.0505146 -0.0506632 -0.0504865 -0.0504126
internal_weight=4.46291 2.21919 2.24372 0.310111 0.0542782 2.17512 2.16886 0.013012 0.0476298 0.00809612 0.0395337 2.15585 2.09912 0.0567304 0.0440319 0.0643952 2.03472 0.421201 0.0303609 0.040015 0.392421 0.0126985 1.61352 0.014018 0.0587154 0.424008 0.00766095 0.00710479 0.0268825 0.313846
internal_count=10000 9661 339 303 286 9614 9589 61 271 47 224 9528 9112 416 320 322 8790 1877 185 270 1742 96 6913 91 294 1855 47 50 168 1378
is_linear=0
shrinkage=0.05


Tree=42
num_leaves=31
num_cat=0
split_feature=2 7 2 7 3 1 1 13 13 1 8 7 1 1 7 13 1 13 8 1 8 9 9 17 8 1 1 20 17 12
split_gain=4.0027 0.150789 0.0325774 0.178618 9.83081e-05 1.60573e-05 2.83179e-06 3.17025e-06 7.48838e-07 1.13609e-06 2.77419e-07 2.41023e-07 5.11231e-08 4.62072e-08 2.14485e-08 2.00732e-08 1.88003e-08 2.28634e-08 1.68549e-08 1.1371e-08 7.67831e-09 5.93209e-09 5.81262e-09 5.07859e-09 4.85678e-09 4.32207e-09 4.12383e-09 4.06908e-09 3.88523e-09 3.86878e-09
threshold=1.2500000000000002 8.7750000000000021 2.2500000000000004 9.3000000000000025 2.0500000000000003 0.95378196326636899 0.87812770045192978 2.3500000000000005 1.5500000000000003 0.86211933658959194 4.1339936883905439 3.2250000000000005 0.73623722764153554 0.74200107251327996 7.3500000000000005 1.8000000000000003 0.60908405236354046 1.0000000180025095e-35 3.7616173864573086 0.6899041751943692 3.8324834112099095 0.81666666666666676 0.69047619047619058 -1.0000000180025095e-35 3.9336862871130989 0.56252755703614421 0.6899041751943692 0.52250000000000008 -1.0000000180025095e-35 1.1500000000000001
decision_type=2 2 2 2 2 2 2 2 2 2 2 2 2 2 2 2 2 2 2 2 2 2 2 2 2 2 2 2 2 2
left_child=1 5 3 4 8 6 11 -8 9 -2 18 12 16 14 19 -14 21 -18 -10 -13 -15 -1 28 -17 -21 -23 -24 -9 -19 -22
right_child=2 -3 -4 -5 -6 -7 7 27 10 -11 -12 13 15 20 -16 23 17 22 -20 24 29 25 26 -25 -26 -27 -28 -29 -30 -31
leaf_value=-0.050366426387336398 -0.050528262211605161 0.04498506343633657 0.050414853258669005 0.050412719649286709 -0.057272438054924449 -0.052970456762504628 -0.052082639473372584 -0.050503835980884676 -0.05043982006736434 -0.051744793872340267 -0.050773360140491358 -0.050422724447158611 -0.050508334158882395 -0.050519606374752925 -0.050566188185419129 -0.050426963275732289 -0.050424175665920126 -0.05040628158779098 -0.050559024899151178 -0.050444224527085482 -0.050556303656509122 -0.050371227322107026 -0.05037926031212786 -0.05039617642701516 -0.050505035802427004 -0.05038537938544585 -0.050396905532606055 -0.050429520660435517 -0.050368813566688257 -0.050632227225300669
leaf_weight=1.146692616850489 0.0043425767798911377 0.042280369787476846 1.8643591254949567 0.24658270925283432 0.0063166026957333079 0.0059970111615256219 0.0051396385533734046 0.0035437693877611309 0.02589848444040399 0.0034389195498079062 0.008821836396236904 0.025048337643965968 0.0054695894359609856 0.005386300414102152 0.0038665787869831538 0.021776517081889324 0.027729748893761896 0.0072206791810458517 0.0033487971086287862 0.0056363544717896738 0.0029541998665081337 0.34476072731195007 0.16401476592000108 0.034804415816324763 0.0078650133655173704 0.063958784550777636 0.041487861424684525 0.0038355987053364515 0.16553550983371679 0.0038836553721921518
leaf_count=5058 24 47 36 17 15 25 14 21 168 23 39 179 28 46 50 123 135 36 17 39 19 1561 762 171 52 294 201 26 743 31
internal_value=5.0563e-09 -0.0485016 0.0479586 0.0326301 -0.0514246 -0.0503869 -0.0503795 -0.0511292 -0.050619 -0.0510659 -0.0505276 -0.050375 -0.0503722 -0.0504786 -0.0504539 -0.0504169 -0.0503708 -0.0503804 -0.0504535 -0.0504427 -0.0505643 -0.0503683 -0.0503771 -0.050408 -0.0504796 -0.0503734 -0.0503828 -0.0504652 -0.0503704 -0.0505994
internal_weight=4.302 2.13889 2.16311 0.29875 0.0521672 2.09661 2.09061 0.012519 0.0458506 0.0077815 0.0380691 2.07809 2.02345 0.0546404 0.0424163 0.0620505 1.9614 0.405989 0.0292473 0.0385497 0.0122242 1.55541 0.378259 0.0565809 0.0135014 0.40872 0.205503 0.00737937 0.172756 0.00683786
internal_count=10000 9661 339 303 286 9614 9589 61 271 47 224 9528 9112 416 320 322 8790 1877 185 270 96 6913 1742 294 91 1855 963 47 779 50
is_linear=0
shrinkage=0.05


Tree=43
num_leaves=31
num_cat=0
split_feature=2 7 2 7 3 1 1 11 13 1 7 21 1 1 13 11 7 13 1 13 11 1 0 1 9 5 11 17 1 21
split_gain=3.84787 0.144934 0.0310943 0.17094 7.53425e-05 1.25479e-05 2.20064e-06 2.73779e-06 5.82648e-07 8.87254e-07 1.89224e-07 1.21194e-07 4.01653e-08 3.62648e-08 2.439e-08 1.76375e-08 1.68349e-08 1.57558e-08 1.47759e-08 1.79702e-08 1.18901e-08 8.93336e-09 7.99181e-09 5.13207e-09 4.66481e-09 4.54675e-09 5.3353e-09 3.99075e-09 3.3973e-09 3.39808e-09
threshold=1.2500000000000002 8.7750000000000021 2.2500000000000004 9.3000000000000025 2.0500000000000003 0.95378196326636899 0.87812770045192978 16.030000000000005 1.5500000000000003 0.86211933658959194 3.2250000000000005 0.43612500000000004 0.73623722764153554 0.74200107251327996 3.5500000000000003 17.010000000000005 7.3500000000000005 1.8000000000000003 0.60908405236354046 1.0000000180025095e-35 17.650000000000002 0.6899041751943692 0.49475097656250006 0.87812770045192978 0.81666666666666676 1.3000000000000003 12.830000000000002 -1.0000000180025095e-35 0.56252755703614421 0.46625000000000005
decision_type=2 2 2 2 2 2 2 2 2 2 2 2 2 2 2 2 2 2 2 2 2 2 2 2 2 2 2 2 2 2
left_child=1 5 3 4 8 6 10 14 9 -2 12 15 18 16 -8 23 21 -14 24 -20 -15 -12 -21 -10 -1 26 -25 -19 -26 -30
right_child=2 -3 -4 -5 -6 -7 7 -9 11 -11 13 -13 17 20 -16 -17 -18 27 19 22 -22 -23 -24 25 28 -27 -28 -29 29 -31
leaf_value=-0.050331335621272413 -0.050477526813560152 0.044374524399385835 0.050374708286441784 0.050372989118060353 -0.05653008980003589 -0.052680200807286783 -0.050592969816320804 -0.052097048050561506 -0.050407618109398922 -0.051575181362331704 -0.050382209285632931 -0.050762604086772793 -0.050459538660205985 -0.050463923073524444 -0.050416759849342643 -0.050527156072149748 -0.05051182419809646 -0.050386040053747 -0.050383522100411728 -0.050337310494900228 -0.050564874606020764 -0.050433647647794823 -0.050355821542856651 -0.050519324409822257 -0.050335674902520444 -0.05042126572806338 -0.050437491727500165 -0.050358221934477032 -0.050342130244656662 -0.050370250515153529
leaf_weight=1.1041049679915902 0.0041766146459852873 0.041206405730917939 1.7948612459003923 0.23738981410861015 0.0060018938966095439 0.0057597431732573359 0.0033677753963273771 0.0039458095561712989 0.012582638431922533 0.0032921677338890731 0.024106118245981523 0.0033679202606435856 0.0052608664555008336 0.0063820650684647262 0.0047104702098295093 0.0057890393654815844 0.0037176892947172737 0.020957082699169405 0.026687202029279322 0.29127597494516522 0.005371767096221447 0.012988732807571068 0.072900517741800286 0.0038235020329011604 0.33194695704150934 0.0068966266117058703 0.0041576805379008874 0.03350348946696613 0.047708911006338894 0.01386548180016689
leaf_count=5058 24 47 36 17 15 25 18 11 79 23 179 15 28 57 32 32 50 123 135 1378 39 91 364 22 1561 48 28 171 227 67
internal_value=-5.28957e-08 -0.0484548 0.0479295 0.0326627 -0.0512744 -0.0503498 -0.0503431 -0.0510175 -0.0505589 -0.0509614 -0.0503391 -0.0504768 -0.0503365 -0.0504327 -0.0504902 -0.0504478 -0.0504104 -0.0503769 -0.0503353 -0.0503439 -0.0505101 -0.0504002 -0.050341 -0.0504311 -0.050333 -0.050451 -0.0504767 -0.0503689 -0.0503377 -0.0503485
internal_weight=4.14211 2.05977 2.08234 0.287478 0.0500881 2.01856 2.0128 0.0120241 0.0440862 0.00746878 2.00078 0.0366174 1.94821 0.0525664 0.00807825 0.0332495 0.0408125 0.0597214 1.88849 0.390864 0.0117538 0.0370949 0.364176 0.0274604 1.49763 0.0148778 0.00798118 0.0544606 0.393521 0.0615744
internal_count=10000 9661 339 303 286 9614 9589 61 271 47 9528 224 9112 416 50 209 320 322 8790 1877 96 270 1742 177 6913 98 50 294 1855 294
is_linear=0
shrinkage=0.05


Tree=44
num_leaves=31
num_cat=0
split_feature=2 7 2 7 3 1 1 11 13 1 7 11 1 1 13 7 13 1 1 13 11 1 0 0 20 17 3 1 13 0
split_gain=3.69496 0.139181 0.0297009 0.163578 5.78255e-05 9.91409e-06 1.71423e-06 2.13696e-06 4.53473e-07 6.92861e-07 1.48414e-07 5.82101e-08 3.15254e-08 2.84329e-08 1.90611e-08 1.32002e-08 1.23544e-08 1.16395e-08 1.1602e-08 1.41111e-08 9.31968e-09 7.01172e-09 6.76498e-09 6.27803e-09 3.48858e-09 3.13335e-09 2.7284e-09 1.82042e-09 2.79071e-09 1.49671e-09
threshold=1.2500000000000002 8.7750000000000021 2.2500000000000004 9.3000000000000025 2.0500000000000003 0.95378196326636899 0.87812770045192978 16.030000000000005 1.5500000000000003 0.86211933658959194 3.2250000000000005 17.270000000000007 0.73623722764153554 0.74200107251327996 3.5500000000000003 7.3500000000000005 1.8000000000000003 0.87812770045192978 0.60908405236354046 1.0000000180025095e-35 17.650000000000002 0.6899041751943692 0.52416992187500011 0.49475097656250006 0.48050000000000009 -1.0000000180025095e-35 1.0000000180025095e-35 0.55841970335894009 2.1500000000000004 0.49279785156250006
decision_type=2 2 2 2 2 2 2 2 2 2 2 2 2 2 2 2 2 2 2 2 2 2 2 2 2 2 2 2 2 2
left_child=1 5 3 4 8 6 10 14 9 -2 12 17 18 15 -8 21 -14 -10 26 -20 -15 -12 -19 -21 -24 -18 27 -1 -29 -28
right_child=2 -3 -4 -5 -6 -7 7 -9 11 -11 13 -13 16 20 -16 -17 25 22 19 23 -22 -23 24 -25 -26 -27 29 28 -30 -31
leaf_value=-0.050299991467888973 -0.050431712704403435 0.043726804280466471 0.050339601196507502 0.050337956269278783 -0.055855554514045724 -0.052425505307128487 -0.050535765147543966 -0.051892946111383176 -0.050369215125058708 -0.051422547998894209 -0.050345609951332859 -0.050580498520864409 -0.050415466005668777 -0.050419447939549902 -0.050376818722641027 -0.050462724429218869 -0.050349073944027489 -0.050494598654373918 -0.050346798511833102 -0.050305031176435644 -0.050510652756259856 -0.050392097512604032 -0.050440959882890782 -0.050321763278080411 -0.050388510176901338 -0.050323932765833301 -0.050311927518393897 -0.050311069930941824 -0.050300970838752679 -0.050347744275533769
leaf_weight=1.1189674333072614 0.0040120846242647215 0.040156833129003533 1.7258487343788145 0.22826308012008667 0.0057328967377543441 0.0055553916172358378 0.0032335166179110475 0.0037788190820720047 0.013593986557680182 0.0031492514535784721 0.023170867229055037 0.0054905518773011855 0.0050540117226772754 0.0061307924188440666 0.0045267878449521959 0.0035702451423276207 0.020142906825640239 0.0034078318567480883 0.025652163720223942 0.28009368122729938 0.0051570139039540663 0.012480190984206274 0.0064680402720114216 0.070089750646729954 0.0062181607790989801 0.03221095513436012 0.0088026188604998223 0.10252911855059199 0.20553230222139973 0.0043622202429105536
leaf_count=5357 24 47 36 17 15 25 18 11 88 23 179 29 28 57 32 50 123 20 135 1378 39 91 42 364 45 171 43 501 991 21
internal_value=4.30072e-08 -0.0484102 0.0479028 0.0326838 -0.0511429 -0.0503163 -0.0503103 -0.0509179 -0.0505048 -0.0508674 -0.0503066 -0.0504309 -0.0503043 -0.0503912 -0.050443 -0.0503711 -0.0503408 -0.0504033 -0.0503032 -0.050311 -0.0504611 -0.0503619 -0.0504321 -0.0503084 -0.0504153 -0.0503336 -0.0503011 -0.0503009 -0.0503043 -0.0503238
internal_weight=3.98338 1.9812 2.00218 0.276336 0.0480728 1.94104 1.93549 0.0115391 0.0423399 0.00716134 1.92395 0.0351786 1.87344 0.0505091 0.0077603 0.0392213 0.0574079 0.029688 1.81603 0.375836 0.0112878 0.0356511 0.016094 0.350183 0.0126862 0.0523539 1.44019 1.42703 0.308061 0.0131648
internal_count=10000 9661 339 303 286 9614 9589 61 271 47 9528 224 9112 416 50 320 322 195 8790 1877 96 270 107 1742 87 294 6913 6849 1492 64
is_linear=0
shrinkage=0.05


Tree=45
num_leaves=31
num_cat=0
split_feature=2 7 2 7 3 1 1 11 13 1 7 21 1 1 13 11 7 13 1 13 11 1 1 9 9 5 11 1 1 21
split_gain=3.54403 0.133536 0.028334 0.156364 4.44703e-05 7.72008e-06 1.3539e-06 1.68857e-06 3.52392e-07 5.40369e-07 1.16289e-07 7.37619e-08 2.47196e-08 2.22722e-08 1.48836e-08 1.08006e-08 1.03365e-08 9.67729e-09 9.10481e-09 1.10681e-08 7.29796e-09 5.49797e-09 3.1451e-09 2.87545e-09 2.82179e-09 2.78722e-09 3.27379e-09 2.27971e-09 2.09357e-09 2.09462e-09
threshold=1.2500000000000002 8.7750000000000021 2.2500000000000004 9.3000000000000025 2.0500000000000003 0.95378196326636899 0.87812770045192978 16.030000000000005 1.5500000000000003 0.86211933658959194 3.2250000000000005 0.43612500000000004 0.73623722764153554 0.74200107251327996 3.5500000000000003 17.010000000000005 7.3500000000000005 1.8000000000000003 0.60908405236354046 1.0000000180025095e-35 17.650000000000002 0.6899041751943692 0.87812770045192978 0.81666666666666676 0.69047619047619058 1.3000000000000003 12.830000000000002 0.7938570754413915 0.56252755703614421 0.46625000000000005
decision_type=2 2 2 2 2 2 2 2 2 2 2 2 2 2 2 2 2 2 2 2 2 2 2 2 2 2 2 2 2 2
left_child=1 5 3 4 8 6 10 14 9 -2 12 15 18 16 -8 22 21 -14 23 -20 -15 -12 -10 -1 -21 26 -24 -19 -25 -30
right_child=2 -3 -4 -5 -6 -7 7 -9 11 -11 13 -13 17 20 -16 -17 -18 27 19 24 -22 -23 25 28 -26 -27 -28 -29 29 -31
leaf_value=-0.050270982827906707 -0.050390325634827565 0.043049797005663533 0.050307564996306488 0.050306028835266553 -0.055262355887542247 -0.05218826693296677 -0.050484133832009254 -0.051715259365158167 -0.05033327509225545 -0.051284774300924964 -0.050312542436031088 -0.050622061148654564 -0.050375654108494185 -0.050379273856572405 -0.050340734621001908 -0.050430722859204594 -0.050418362043050571 -0.050293834592047476 -0.05031361765754884 -0.050273897284156245 -0.050461684535737489 -0.050354560748330494 -0.05042439205705164 -0.050274528243357812 -0.050283091655509121 -0.050344399548633102 -0.050357623552382116 -0.050316122005145028 -0.050279802222028727 -0.050302780990196694
leaf_weight=1.0197917453551779 0.0038492637831949441 0.039125729468651005 1.6573887169361112 0.21920963376760483 0.0054593544919043771 0.0053185719734757378 0.0031008742807899781 0.0036336551129352301 0.011607378743065055 0.0030081861477810889 0.022244250016228651 0.0030978093200246795 0.0048492192145203053 0.0058822632927331142 0.0043448791111586615 0.0053325268090702585 0.0034242016990901894 0.032544903275265824 0.024626342470582929 0.1536198855319526 0.0049446318880654871 0.011976790730841458 0.0035227754997322336 0.30657678926945653 0.18268827811698429 0.0063604998504160903 0.0038339706297847442 0.017721171476296149 0.044057532883016393 0.012798115989426151
leaf_count=5058 24 47 36 17 15 25 18 11 79 23 179 15 28 57 32 32 50 181 135 779 39 91 22 1561 963 48 28 113 227 67
internal_value=-3.68727e-08 -0.0483673 0.0478792 0.0327077 -0.0510255 -0.050286 -0.0502806 -0.0508317 -0.0504559 -0.0507827 -0.0502773 -0.0503895 -0.0502752 -0.0503537 -0.0504005 -0.050366 -0.0503355 -0.0503082 -0.0502742 -0.0502813 -0.0504169 -0.0503272 -0.0503524 -0.0502723 -0.0502789 -0.0503686 -0.0503896 -0.0503017 -0.0502762 -0.050285
internal_weight=3.82594 1.90327 1.92267 0.265281 0.0460718 1.86414 1.85883 0.0110794 0.0406124 0.00685745 1.84775 0.033755 1.79927 0.0484721 0.00744575 0.0306572 0.0376452 0.0551153 1.74416 0.360935 0.0108269 0.034221 0.0253246 1.38322 0.336308 0.0137172 0.00735675 0.0502661 0.363432 0.0568556
internal_count=10000 9661 339 303 286 9614 9589 61 271 47 9528 224 9112 416 50 209 320 322 8790 1877 96 270 177 6913 1742 98 50 294 1855 294
is_linear=0
shrinkage=0.05


Tree=46
num_leaves=31
num_cat=0
split_feature=1 5 8 3 21 3 20 13 0 1 1 1 13 1 1 11 11 1 8 0 21 0 8 8 9 9 1 21 21 1
split_gain=3.38122 0.14089 0.0257767 0.0876145 0.00132249 0.00159818 0.00604968 6.1186e-07 3.71398e-07 9.83233e-07 7.7503e-08 3.99072e-07 7.06804e-08 2.88783e-08 1.4434e-08 1.39042e-08 7.38971e-09 5.47974e-09 4.72078e-09 4.50865e-09 3.78009e-09 2.94504e-09 3.09254e-09 2.22423e-09 1.83632e-09 1.36476e-09 1.26506e-09 1.33742e-09 1.23845e-09 1.25423e-09
threshold=0.86211933658959194 2.5000000000000004 4.2165475240048726 1.2500000000000002 0.6096666666666668 2.8500000000000001 0.87950000000000006 1.5500000000000003 0.38684082031250006 0.63051698362430686 0.60042747489695947 0.60173033069635184 1.0000000180025095e-35 0.73623722764153554 0.74200107251327996 16.210000000000004 17.610000000000003 0.6899041751943692 4.1339936883905439 0.49475097656250006 0.76100000000000012 0.49890136718750006 3.8636680655559492 3.9336862871130989 0.81666666666666676 0.69047619047619058 0.55841970335894009 0.46625000000000005 0.46625000000000005 0.55841970335894009
decision_type=2 2 2 2 2 2 2 2 2 2 2 2 2 2 2 2 2 2 2 2 2 2 2 2 2 2 2 2 2 2
left_child=1 8 3 7 5 6 -4 -2 9 -1 20 -12 13 17 19 -9 -15 -13 -18 25 24 -16 -23 -19 28 -14 -26 -28 -10 -30
right_child=2 -3 4 -5 -6 -7 -8 15 10 -11 11 12 14 16 21 -17 18 23 -20 -21 -22 22 -24 -25 26 -27 27 -29 29 -31
leaf_value=-0.050245267665756634 -0.050986378204176279 0.04772137867345512 0.027265577805793407 0.048890303739655951 0.049988691088431014 0.049267043901533962 0.050276020001353353 -0.050296948730452033 -0.050244568776548759 -0.051075775084094922 -0.050610831163488038 -0.050285214745638511 -0.0502456113171523 -0.050342872455494694 -0.050266087031008766 -0.050386137822219457 -0.050363956948187405 -0.050301224447243366 -0.050454459589540528 -0.050263183994836348 -0.050293039478051804 -0.050281350134186054 -0.050318606821566608 -0.05034002207882228 -0.050248076722996055 -0.050252576996625956 -0.050252294190910429 -0.050271109180656762 -0.050247437005192734 -0.050261423438740543
leaf_weight=0.012319403380388283 0.0039546485350002705 0.037461070533027052 0.044665285589871817 0.095342182903550565 1.4046188702923244 0.19174094381742179 0.079239010810852051 0.019364059597137384 0.84599718745448582 0.0050143147964263326 0.0084322021502883926 0.0432440318618319 0.13029791953158565 0.0078362862550420687 0.022060593342757784 0.005643319498631171 0.0024657658650539824 0.0074420024757273495 0.0034666752908378839 0.074650979906436987 0.0043409492209321989 0.0242293927949504 0.0072325204018852665 0.0073351869359612465 0.28436386944667902 0.15275823623960605 0.045076030735799577 0.011948549508815631 0.066261272470001131 0.021143594305613078
leaf_count=64 16 10 51 22 39 16 3 151 4374 19 39 312 681 79 126 36 26 65 29 422 22 161 48 74 1514 830 244 69 344 114
internal_value=4.42726e-08 -0.0482445 0.0477427 0.0257544 0.0493315 0.046407 0.0419812 -0.0504085 -0.0502552 -0.0504855 -0.0502529 -0.0502698 -0.0502639 -0.0503096 -0.0502559 -0.0503171 -0.0503747 -0.0502942 -0.0504168 -0.0502523 -0.0502465 -0.0502801 -0.0502899 -0.0503205 -0.0502463 -0.0502494 -0.0502494 -0.0502562 -0.0502452 -0.0502508
internal_weight=3.66995 1.82538 1.84457 0.124304 1.72026 0.315645 0.123904 0.028962 1.78792 0.0173337 1.77058 0.491452 0.48302 0.0717899 0.41123 0.0250074 0.0137687 0.0580212 0.00593244 0.357707 1.27913 0.0535225 0.0314619 0.0147772 1.27479 0.283056 0.341388 0.0570246 0.933402 0.0874049
internal_count=10000 9666 334 225 109 70 54 203 9656 83 9573 2892 2853 585 2268 187 134 451 55 1933 6681 335 209 139 6659 1511 1827 313 4832 458
is_linear=0
shrinkage=0.05


Tree=47
num_leaves=31
num_cat=0
split_feature=1 7 8 11 21 7 0 7 13 1 13 7 1 1 13 11 1 13 11 0 1 0 8 9 7 1 21 8 1 9
split_gain=3.23153 0.138738 0.0268819 0.0815093 0.00149121 0.00554555 0.0049207 4.29636e-06 1.86525e-06 4.63463e-07 1.17483e-07 6.81156e-08 2.48611e-08 1.49409e-08 1.12887e-08 1.09744e-08 6.14807e-09 7.44242e-09 4.87907e-09 3.54418e-09 3.08043e-09 2.89331e-09 2.3628e-09 1.77253e-09 1.71397e-09 1.30245e-09 1.2768e-09 1.16339e-09 1.00233e-09 9.67877e-10
threshold=0.86211933658959194 9.8250000000000011 4.2165475240048726 17.990000000000006 0.6096666666666668 4.1250000000000009 0.50268554687500011 7.8000000000000016 1.0000000180025095e-35 0.63051698362430686 1.8000000000000003 3.2250000000000005 0.73623722764153554 0.74200107251327996 1.0000000180025095e-35 16.210000000000004 0.60908405236354046 1.0000000180025095e-35 17.650000000000002 0.49475097656250006 0.6899041751943692 0.49890136718750006 3.8636680655559492 0.81666666666666676 6.8250000000000011 0.56252755703614421 0.46625000000000005 3.9336862871130989 0.78346284258960497 0.69047619047619058
decision_type=2 2 2 2 2 2 2 2 2 2 2 2 2 2 2 2 2 2 2 2 2 2 2 2 2 2 2 2 2 2
left_child=1 7 3 8 5 6 -4 11 -2 -9 -10 12 16 20 -14 -12 23 -18 -15 29 24 -16 -23 -1 -13 -25 -27 -22 -24 -19
right_child=2 -3 4 -5 -6 -7 -8 9 10 -11 15 13 14 18 21 -17 17 19 -20 -21 27 22 28 25 -26 26 -28 -29 -30 -31
leaf_value=-0.050221867009180791 -0.051694026862763233 0.050254253058309654 0.049121531550487693 0.048581610221906865 0.049933642404175659 0.050254411422911642 0.02477598351131597 -0.051462647816736477 -0.050631113124766716 -0.052592495652413584 -0.050267868380204021 -0.050257162862332519 -0.050344594049469997 -0.050310443391423515 -0.050239157767604327 -0.050355175382861918 -0.050257915430232385 -0.050222480349679223 -0.05038067939372104 -0.0502390681295408 -0.050276136818975581 -0.050254354203374811 -0.050263065740444784 -0.050224762358465028 -0.050301572065986649 -0.050229151674805239 -0.050247865315823786 -0.050307667487279821 -0.050300725031092855 -0.050228754963919965
leaf_weight=0.93691385054262288 0.0027588481898420661 0.035053204745054356 0.036291836950112955 0.082915853141457774 1.3546200267155653 0.21955529600381851 0.048482027414138429 0.0022702265268891289 0.0027679935228661625 0.0015122431796044111 0.017670939392701257 0.019795402229647263 0.0034905890352091564 0.0053969536165823229 0.024827833818562794 0.0045200123568065456 0.023209649669297394 0.11435092270403402 0.0045633063855348155 0.063832635045400821 0.0052796541785937734 0.024257953606138472 0.0028450901445467016 0.28158583096956136 0.0024405619624303645 0.040657285651832353 0.011748647993954364 0.0065609278972260654 0.0046622316149296239 0.13287317213689676
leaf_count=5059 15 23 3 24 39 29 38 14 11 41 145 173 22 53 148 30 138 624 39 377 46 168 18 1561 19 228 67 59 34 755
internal_value=3.00994e-08 -0.0482162 0.0476317 0.023768 0.0492231 0.0460604 0.0351984 -0.0502311 -0.0504603 -0.0519144 -0.050324 -0.0502274 -0.0502258 -0.0502888 -0.0502573 -0.0502857 -0.0502246 -0.0502306 -0.0503426 -0.0502286 -0.050273 -0.0502519 -0.0502619 -0.050223 -0.050262 -0.0502261 -0.0502333 -0.0502936 -0.0502865 -0.0502259
internal_weight=3.51771 1.74813 1.76958 0.110634 1.65895 0.304329 0.0847739 1.71307 0.0277178 0.00378247 0.0249589 1.70929 1.66526 0.0440368 0.0600837 0.022191 1.60517 0.334266 0.00996026 0.311057 0.0340765 0.0565931 0.0317653 1.27091 0.022236 0.333992 0.0524059 0.0118406 0.00750732 0.247224
internal_count=10000 9666 334 225 109 70 41 9643 201 55 186 9588 9199 389 390 175 8809 1894 92 1756 297 368 220 6915 192 1856 295 105 52 1379
is_linear=0
shrinkage=0.05


Tree=48
num_leaves=31
num_cat=0
split_feature=2 21 8 2 21 3 19 20 14 20 1 13 0 1 8 1 1 1 13 13 1 1 8 1 0 8 8 13 1 1
split_gain=3.10202 0.111559 0.0268577 0.102811 0.000871111 0.00142996 0.00236815 0.000950741 6.90603e-06 4.77725e-06 1.01285e-06 2.13538e-06 2.23507e-07 5.91594e-07 1.35333e-07 1.01215e-07 4.23871e-08 2.41606e-07 4.02791e-08 1.7118e-08 1.55156e-08 6.15629e-09 4.45761e-09 3.2702e-09 2.29397e-09 2.08045e-09 1.43461e-09 1.42299e-09 1.23469e-09 9.93081e-10
threshold=1.2500000000000002 0.77350000000000019 4.5104222072709783 2.2500000000000004 0.61265000000000003 2.8500000000000001 0.7230000000000002 0.51750000000000018 2.3500000000000005 0.88650000000000007 0.87812770045192978 1.5500000000000003 0.38684082031250006 0.63051698362430686 3.6076403959519769 0.87812770045192978 0.60042747489695947 0.60173033069635184 1.0000000180025095e-35 1.5500000000000003 0.74200107251327996 0.74200107251327996 3.6076403959519769 0.6899041751943692 0.49475097656250006 3.8324834112099095 3.9336862871130989 2.3500000000000005 0.77651663100177604 0.86211933658959194
decision_type=2 2 2 2 2 2 2 2 2 2 2 2 2 2 2 2 2 2 2 2 2 2 2 2 2 2 2 2 2 2
left_child=1 9 3 8 5 6 7 -4 14 10 12 -12 13 -1 19 -16 -14 -18 20 -2 23 24 -13 -19 -20 -22 -25 -23 -27 -21
right_child=2 -3 4 -5 -6 -7 -8 -9 -10 -11 11 22 16 -15 15 -17 17 18 21 29 25 27 -24 26 -26 28 -28 -29 -30 -31
leaf_value=-0.050200978013235135 -0.050370917344340717 0.038023503050060956 0.043263153925922837 0.050230957074697928 0.050236972003398973 0.050232088022298817 0.050052203131764943 0.032048963203175768 -0.052913253532269194 -0.052049482180487862 -0.051802166816522013 -0.050247271880611746 -0.050201821384455038 -0.050874749985355364 -0.050287169627320619 -0.050641406120277059 -0.050497458084647333 -0.050233499631186174 -0.050204333752571023 -0.050228763730703299 -0.050280745219515789 -0.050251649632804353 -0.050325069002905801 -0.050245248528374711 -0.050214772603564752 -0.050341072259742325 -0.050278251715388106 -0.050223445351877782 -0.050294036522444158 -0.050252243329555663
leaf_weight=0.011293914380075765 0.0030282016014097071 0.03662078347406339 0.036733589382492826 0.10935275256633759 1.208731487393379 0.19267534464597702 0.074485921039013192 0.038931018934817985 0.0028217234576004549 0.0035449082570268011 0.0030933288799134271 0.005978030436381232 1.1688378539911353 0.0045786922055413007 0.0033985280242632143 0.0049587401372264139 0.0077118931658332049 0.038516769614943769 0.25904209843429271 0.007541976716311182 0.0044466835897765122 0.0050994258708669795 0.0026607945474097505 0.0063556872410117649 0.066047303371306043 0.0041962608083849773 0.006832628590927925 0.036353078307001851 0.0020901947355014272 0.011177947613759898
leaf_count=64 21 21 18 12 32 12 3 25 7 17 20 49 6667 19 25 30 39 304 1510 58 50 32 19 62 406 38 75 244 25 96
internal_value=2.77772e-08 -0.0482848 0.0476994 0.0269082 0.049606 0.0473814 0.0437234 0.0374932 -0.050548 -0.050216 -0.050212 -0.0506749 -0.0502086 -0.0503953 -0.0503263 -0.0504974 -0.0502068 -0.0502201 -0.0502151 -0.0502606 -0.0502522 -0.0502088 -0.0502712 -0.0502409 -0.0502065 -0.0503069 -0.0502623 -0.0502269 -0.0503254 -0.0502428
internal_weight=3.36714 1.6733 1.69384 0.14228 1.55156 0.342826 0.150151 0.0756646 0.0329271 1.63668 1.63313 0.0117322 1.6214 0.0158726 0.0301054 0.00835727 1.60553 0.436692 0.42898 0.0217481 0.0624382 0.366542 0.00863882 0.0517051 0.325089 0.0107331 0.0131883 0.0414525 0.00628646 0.0187199
internal_count=10000 9661 339 249 90 58 46 43 237 9640 9623 88 9535 83 230 55 9452 2785 2746 175 554 2192 68 441 1916 113 137 276 63 154
is_linear=0
shrinkage=0.05


Tree=49
num_leaves=31
num_cat=0
split_feature=2 2 7 3 3 7 1 13 1 8 20 13 7 8 1 1 13 8 1 13 1 21 21 9 17 9 7 1 1 9
split_gain=3.08063 0.0265733 0.138569 3.31381e-05 7.92665e-06 2.56649e-06 8.00719e-07 1.5401e-06 2.84274e-07 2.49688e-07 1.75681e-07 6.91558e-08 4.25818e-08 1.35342e-08 1.00342e-08 9.73303e-09 4.128e-09 3.48658e-09 3.40161e-09 4.27605e-09 2.00016e-09 1.38563e-09 1.31207e-09 1.05942e-09 1.00697e-09 9.62808e-10 8.11272e-10 8.10277e-10 7.5354e-10 7.29356e-10
threshold=1.2500000000000002 2.2500000000000004 9.3000000000000025 2.0500000000000003 1.5500000000000003 7.8000000000000016 0.87812770045192978 1.5500000000000003 0.63051698362430686 4.3729694921891662 0.64550000000000007 1.5500000000000003 3.2250000000000005 3.9029887640186876 0.74200107251327996 0.73623722764153554 1.8000000000000003 3.6076403959519769 0.60908405236354046 1.0000000180025095e-35 0.6899041751943692 0.76100000000000012 0.61850000000000016 0.69047619047619058 -1.0000000180025095e-35 0.81666666666666676 7.0500000000000016 0.86211933658959194 0.6899041751943692 0.81666666666666676
decision_type=2 2 2 2 2 2 2 2 2 2 2 2 2 2 2 2 2 2 2 2 2 2 2 2 2 2 2 2 2 2
left_child=4 2 3 9 5 6 12 -8 -7 11 -11 -2 15 27 20 18 -17 -9 21 -20 26 25 29 -21 -18 -1 -14 -13 -25 -16
right_child=1 -3 -4 -5 -6 8 7 17 -10 10 -12 13 14 -15 22 16 24 -19 19 23 -22 -23 -24 28 -26 -27 -28 -29 -30 -31
leaf_value=-0.050181764678225549 -0.0504549069102595 0.05021617441893983 0.050214546434117324 -0.054413248094742385 -0.052623131855800545 -0.051187916513079523 -0.051540072231260628 -0.050223793006295273 -0.052116995230224408 -0.050379607868860088 -0.050841374145453158 -0.050206786080697098 -0.05021055623650475 -0.050327652186044562 -0.050289219775862863 -0.050255120843862737 -0.050212352064983493 -0.050294188832608333 -0.050210636895957839 -0.050183721406278428 -0.050240751191125504 -0.050213759103188961 -0.050316696682211261 -0.050188110249502704 -0.050196470275571003 -0.050185048072963104 -0.050243464589904967 -0.050227249189682979 -0.050196849185890381 -0.050256830685729198
leaf_weight=0.85466607687703755 0.0041922170566975883 1.422777362167835 0.18617992475628853 0.0058134696446359149 0.0033603060292081146 0.0020785656233784913 0.0031839141302042471 0.0057081199847743846 0.0013633546186611056 0.0047412135609192774 0.003642004550783895 0.0085267067624954507 0.01795631727145508 0.0033106840783148064 0.0033320412330795079 0.0041031165892489998 0.01622944041446317 0.0025423215338378213 0.020643516159907338 0.12885578540590359 0.010711865666962694 0.0035841508724844253 0.0021897071055718698 0.12227327444270486 0.02592194861790631 0.30222389878326794 0.0020908868827973484 0.011181251269590575 0.03090195882396074 0.0036335227341623977
leaf_count=5053 28 36 17 15 15 19 6 49 59 31 20 70 172 21 29 28 123 19 135 779 104 20 19 762 171 1840 18 101 201 40
internal_value=5.86293e-08 0.0476787 0.0318152 -0.0509133 -0.0501973 -0.0501921 -0.0501891 -0.050606 -0.0515559 -0.0503416 -0.0505802 -0.0502681 -0.050186 -0.0502341 -0.050237 -0.0501847 -0.0502072 -0.0502455 -0.0501839 -0.0501887 -0.0502233 -0.0501827 -0.0502829 -0.0501871 -0.0502026 -0.0501826 -0.050214 -0.0502184 -0.0501899 -0.0502723
internal_weight=3.21792 1.65036 0.227587 0.0414075 1.56755 1.56419 1.56075 0.0114344 0.00344192 0.0355941 0.00838322 0.0272109 1.54932 0.0230186 0.0399143 1.5094 0.0462545 0.00825044 1.46315 0.302675 0.0307591 1.16047 0.00915527 0.282031 0.0421514 1.15689 0.0200472 0.019708 0.153175 0.00696556
internal_count=10000 339 303 286 9661 9646 9568 74 78 271 51 220 9494 192 382 9112 322 68 8790 1877 294 6913 88 1742 294 6893 190 171 963 69
is_linear=0
shrinkage=0.05


Tree=50
num_leaves=31
num_cat=0
split_feature=2 2 7 3 3 7 1 13 1 8 8 13 7 8 1 1 13 8 1 13 1 0 0 9 8 17 1 1 8 9
split_gain=2.93597 0.0251661 0.131566 2.53919e-05 6.09214e-06 1.97729e-06 6.15738e-07 1.18924e-06 2.19667e-07 1.9343e-07 1.25657e-07 5.36071e-08 3.3164e-08 1.05296e-08 7.81106e-09 7.58388e-09 3.21361e-09 2.71352e-09 2.65222e-09 3.33298e-09 1.55896e-09 1.535e-09 1.44317e-09 8.90921e-10 7.9707e-10 7.84827e-10 6.75428e-10 6.30866e-10 4.75599e-10 4.61493e-10
threshold=1.2500000000000002 2.2500000000000004 9.3000000000000025 2.0500000000000003 1.5500000000000003 7.8000000000000016 0.87812770045192978 1.5500000000000003 0.63051698362430686 4.3729694921891662 4.7103828547477908 1.5500000000000003 3.2250000000000005 3.9029887640186876 0.74200107251327996 0.73623722764153554 1.8000000000000003 3.6076403959519769 0.60908405236354046 1.0000000180025095e-35 0.6899041751943692 0.50415039062500011 0.49475097656250006 0.81666666666666676 3.8324834112099095 -1.0000000180025095e-35 0.56252755703614421 0.86211933658959194 3.9336862871130989 0.69047619047619058
decision_type=2 2 2 2 2 2 2 2 2 2 2 2 2 2 2 2 2 2 2 2 2 2 2 2 2 2 2 2 2 2
left_child=4 2 3 9 5 6 12 -8 -7 11 -11 -2 15 27 20 18 -17 -9 23 -20 -14 24 29 -1 -16 -18 -25 -13 -22 -21
right_child=1 -3 -4 -5 -6 8 7 17 -10 10 -12 13 14 -15 21 16 25 -19 19 22 28 -23 -24 26 -26 -27 -28 -29 -30 -31
leaf_value=-0.050164417410042267 -0.050410953624025805 0.050194870314415177 0.050193508337900573 -0.053975823657903849 -0.052366651189841032 -0.051071754486156778 -0.051389761843610708 -0.050202394427957125 -0.051911094477430621 -0.050758671539485205 -0.050356067301547153 -0.050187026569007212 -0.050193535877408338 -0.050296261930130794 -0.05022566185910813 -0.050230709727176227 -0.050192057830198505 -0.050266016240625447 -0.050190507277362961 -0.050164866970925516 -0.050205854492832325 -0.050294873581860966 -0.050176517170245211 -0.050166602504522644 -0.050260147169215764 -0.050177698976005117 -0.050173234317391992 -0.050205518808285034 -0.050227538166774881 -0.050169510777137764
leaf_weight=0.81603282802825539 0.0039896028101792371 1.3568211048841474 0.17755008116364479 0.0054836156778037539 0.0031737491954119115 0.0019721822318389251 0.0030165719217619688 0.00544142653234303 0.001289021223783493 0.0033247228420805186 0.0046468193031614646 0.0081300757447024807 0.019112865440547355 0.0031527585306321262 0.0030541536470991559 0.0039099968926165065 0.015473341969482135 0.0024218871258199215 0.019682304235175141 0.099609255114046391 0.0046148446126608178 0.0019557633713702671 0.053796991756826174 0.24530639586009784 0.0037122093563084491 0.02471941000840161 0.045517137550632469 0.010658575010893401 0.0055943384286365472 0.11557739794807276
leaf_count=5058 28 36 17 15 15 19 6 49 59 13 38 70 190 21 33 28 123 19 135 624 46 21 364 1561 34 171 294 101 58 754
internal_value=-2.74905e-08 0.0476667 0.031854 -0.0508192 -0.0501783 -0.0501737 -0.050171 -0.0505458 -0.0514035 -0.0503086 -0.050524 -0.0502424 -0.0501682 -0.0502117 -0.0502143 -0.050167 -0.0501874 -0.050222 -0.0501664 -0.0501706 -0.050202 -0.0502559 -0.0501692 -0.0501653 -0.0502446 -0.0501832 -0.0501676 -0.0501975 -0.0502177 -0.0501674
internal_weight=3.06874 1.57376 0.216936 0.0393862 1.49498 1.49181 1.48855 0.0108799 0.0032612 0.0339026 0.00797154 0.025931 1.47767 0.0219414 0.0380442 1.43963 0.0441027 0.00786331 1.39552 0.288666 0.029322 0.00872213 0.268984 1.10686 0.00676636 0.0401928 0.290824 0.0187887 0.0102092 0.215187
internal_count=10000 339 303 286 9661 9646 9568 74 78 271 51 220 9494 192 382 9112 322 68 8790 1877 294 88 1742 6913 67 294 1855 171 104 1378
is_linear=0
shrinkage=0.05


Tree=51
num_leaves=31
num_cat=0
split_feature=2 2 7 3 3 7 1 13 1 8 11 13 7 8 1 1 13 8 1 13 11 1 0 9 1 1 1 11 8 9
split_gain=2.79384 0.0238046 0.124759 1.94516e-05 4.6851e-06 1.52175e-06 4.73005e-07 9.17282e-07 1.69611e-07 1.4967e-07 1.05274e-07 4.15002e-08 2.57908e-08 8.17963e-09 6.07211e-09 5.90078e-09 2.49838e-09 2.10916e-09 2.06476e-09 2.59412e-09 1.97922e-09 1.21301e-09 1.12352e-09 6.93948e-10 5.72057e-10 5.25776e-10 4.9064e-10 7.44983e-10 3.70216e-10 3.59282e-10
threshold=1.2500000000000002 2.2500000000000004 9.3000000000000025 2.0500000000000003 1.5500000000000003 7.8000000000000016 0.87812770045192978 1.5500000000000003 0.63051698362430686 4.3729694921891662 15.890000000000002 1.5500000000000003 3.2250000000000005 3.9029887640186876 0.74200107251327996 0.73623722764153554 1.8000000000000003 3.6076403959519769 0.60908405236354046 1.0000000180025095e-35 17.650000000000002 0.6899041751943692 0.49475097656250006 0.81666666666666676 0.7938570754413915 0.56252755703614421 0.86211933658959194 16.090000000000007 3.9336862871130989 0.69047619047619058
decision_type=2 2 2 2 2 2 2 2 2 2 2 2 2 2 2 2 2 2 2 2 2 2 2 2 2 2 2 2 2 2
left_child=4 2 3 9 5 6 12 -8 -7 11 -11 -2 15 26 21 18 -17 -9 23 -20 -16 -14 29 -1 -18 -25 -13 -28 -23 -21
right_child=1 -3 -4 -5 -6 8 7 17 -10 10 -12 13 14 -15 20 16 24 -19 19 22 -22 28 -24 25 -26 -27 27 -29 -30 -31
leaf_value=-0.050148717357346197 -0.050371275429573759 0.050175709425407382 0.050175003693633313 -0.053583373921547599 -0.052136153048915758 -0.05096706178546978 -0.051254314983040838 -0.050183049982555863 -0.051725574370395468 -0.050328669299078733 -0.050713767133647475 -0.050169161730474102 -0.050175045560944036 -0.050267891334573038 -0.050208869363391431 -0.050208645603506422 -0.050161211124155294 -0.0502405584175033 -0.050172308737968366 -0.050149124566463754 -0.050257874143534581 -0.050186182919579075 -0.050159658893566494 -0.0501506939081851 -0.050174005020045237 -0.050156690178165098 -0.050178923583592251 -0.050212280611142052 -0.050205794543826926 -0.050153323454619453
leaf_weight=0.77709503960795678 0.0037911139515925943 1.2918648719787595 0.16904904134571552 0.0051665920764207831 0.0029966949950904756 0.0018684631577344782 0.0028539528866530217 0.0051791149671771564 0.0012170628178864717 0.0047265234607039011 0.0028416420245775953 0.0077394884719979009 0.018193065428931621 0.0029976122459629542 0.0044847931349067949 0.0037201972299952804 0.024763538451225031 0.0023034760815789923 0.018735991994617396 0.094855592207750306 0.0038115634379209951 0.0043921036995016038 0.051220676708908286 0.2335932299902197 0.013500607732567005 0.043340460630133748 0.0080296973392250948 0.0021146367871551783 0.0053226402233121917 0.11005396501423093
leaf_count=5058 28 36 17 15 15 19 6 49 59 33 18 70 190 21 51 28 181 19 135 624 37 46 364 1561 113 294 82 19 58 754
internal_value=-7.37028e-08 0.0476563 0.0318913 -0.0507352 -0.0501612 -0.0501571 -0.0501546 -0.0504916 -0.0512663 -0.0502788 -0.0504733 -0.0502191 -0.0501522 -0.0501915 -0.0501938 -0.0501511 -0.0501695 -0.0502008 -0.0501505 -0.0501543 -0.0502314 -0.0501827 -0.050153 -0.0501495 -0.0501657 -0.0501516 -0.0501786 -0.0501859 -0.0501969 -0.0501514
internal_weight=2.92182 1.49832 0.206456 0.0374073 1.4235 1.42051 1.41742 0.0103365 0.00308553 0.0322407 0.00756817 0.0246725 1.40708 0.0208814 0.0362042 1.37088 0.0419843 0.00748259 1.32889 0.274866 0.00829636 0.0279078 0.25613 1.05403 0.0382641 0.276934 0.0178838 0.0101443 0.00971474 0.20491
internal_count=10000 339 303 286 9661 9646 9568 74 78 271 51 220 9494 192 382 9112 322 68 8790 1877 88 294 1742 6913 294 1855 171 101 104 1378
is_linear=0
shrinkage=0.05


Tree=52
num_leaves=31
num_cat=0
split_feature=2 2 7 19 1 7 1 13 1 13 1 21 7 1 1 1 11 22 13 1 13 11 20 20 20 1 0 21 17 9
split_gain=2.65442 0.0224792 0.118115 1.44259e-05 3.2908e-06 1.16994e-06 3.72161e-07 6.97585e-07 1.30851e-07 9.87309e-08 1.69792e-07 2.48495e-08 2.0025e-08 4.71293e-09 4.66711e-09 4.5842e-09 3.72784e-09 3.17951e-09 1.93912e-09 1.60508e-09 2.01629e-09 1.53573e-09 1.23872e-09 1.16843e-09 1.20918e-09 9.4256e-10 8.73572e-10 6.52656e-10 4.74825e-10 4.54662e-10
threshold=1.2500000000000002 2.2500000000000004 9.3000000000000025 0.5445000000000001 0.99994756253435635 7.8000000000000016 0.87812770045192978 1.5500000000000003 0.63051698362430686 1.5500000000000003 0.87812770045192978 0.43612500000000004 3.2250000000000005 0.74200107251327996 0.86211933658959194 0.73623722764153554 17.270000000000007 2.5000000000000004 1.8000000000000003 0.60908405236354046 1.0000000180025095e-35 17.650000000000002 0.52250000000000008 0.47050000000000008 0.38950000000000007 0.6899041751943692 0.49475097656250006 0.76100000000000012 -1.0000000180025095e-35 0.81666666666666676
decision_type=2 2 2 2 2 2 2 2 2 2 2 2 2 2 2 2 2 2 2 2 2 2 2 2 2 2 2 2 2 2
left_child=4 2 3 9 5 6 12 -8 -7 10 -2 14 15 25 -11 19 17 23 -17 27 -21 -15 -9 24 -16 -14 -22 29 -20 -1
right_child=1 -3 -4 -5 -6 8 7 22 -10 11 -12 -13 13 21 16 18 -18 -19 28 20 26 -23 -24 -25 -26 -27 -28 -29 -30 -31
leaf_value=-0.050134508381863042 -0.050216073632529959 0.050158919172159012 0.050158069660375698 -0.05315552673209975 -0.051776647047380719 -0.050872719480916456 -0.051132249516708785 -0.050205974582649117 -0.051558403032514355 -0.050167823304775941 -0.050807602845531923 -0.050365655221953166 -0.050158326105353084 -0.050188911947619166 -0.050185011885524017 -0.05018869744712643 -0.050271267689295886 -0.05025808871956703 -0.05015712338219102 -0.050155855670024757 -0.0501369288040781 -0.050233210346137459 -0.050163265281730401 -0.050174049735133057 -0.050237320909158736 -0.050178115277999452 -0.050144416611951306 -0.050158152175356345 -0.050145381752245193 -0.050136936553008729
leaf_weight=0.73802913271356352 0.0030162423572618327 1.2279773633927105 0.16069016605615616 0.004975893141818232 0.0030860347833369097 0.0017675292619970797 0.002696108931559027 0.0031176344928098843 0.0011474775383248925 0.0089805430106935091 0.0020292967092245817 0.0023808666737750164 0.017289369840000179 0.0042599770749802701 0.0024086080520646647 0.003533676193910539 0.002361215476412327 0.0021034032615716578 0.013997618647408672 0.017806099480367155 0.19480142520478694 0.0036182789626764134 0.0037276645452948287 0.0051666129002114758 0.0020409041171660647 0.0092292242043185979 0.048687349546526093 0.0030913699374650596 0.022371495797415264 0.26094634463515831
leaf_count=5053 23 36 17 13 18 19 6 27 59 82 26 15 190 51 24 28 17 16 123 135 1378 37 38 53 17 104 364 20 171 1840
internal_value=-2.35263e-08 0.0476483 0.0319308 -0.0506593 -0.0501458 -0.050142 -0.0501399 -0.050451 -0.0511426 -0.0502519 -0.050454 -0.0502119 -0.0501376 -0.0501753 -0.050196 -0.0501367 -0.050214 -0.0502024 -0.0501533 -0.0501361 -0.0501396 -0.0502093 -0.0501827 -0.0501902 -0.050209 -0.0501652 -0.0501384 -0.0501352 -0.0501499 -0.0501351
internal_weight=2.77733 1.42413 0.196154 0.0354636 1.3532 1.35012 1.3472 0.00954141 0.00291501 0.0304877 0.00504554 0.0254422 1.33766 0.0343969 0.0230613 1.30326 0.0140807 0.0117195 0.0399028 1.26336 0.261295 0.00787826 0.0068453 0.00961613 0.00444951 0.0265186 0.243489 1.00207 0.0363691 0.998975
internal_count=10000 339 303 286 9661 9643 9565 71 78 273 49 224 9494 382 209 9112 127 110 322 8790 1877 88 65 94 41 294 1742 6913 294 6893
is_linear=0
shrinkage=0.05


Tree=53
num_leaves=31
num_cat=0
split_feature=2 2 20 3 3 1 13 8 11 0 1 13 1 1 13 1 8 1 11 21 8 1 0 21 8 13 9 1 11 9
split_gain=2.51775 0.0212082 0.11116 1.13674e-05 2.75725e-06 2.74242e-07 5.43709e-07 9.05838e-08 6.81508e-08 5.83557e-08 1.56838e-07 2.47185e-08 1.2286e-08 6.4071e-08 1.29833e-08 5.318e-09 4.91547e-09 1.75981e-09 1.38732e-09 1.27133e-09 1.26875e-09 1.10467e-09 6.56433e-10 6.40176e-10 4.21047e-10 4.06031e-10 3.20249e-10 2.95242e-10 4.4906e-10 2.39619e-10
threshold=1.2500000000000002 2.2500000000000004 0.86050000000000015 2.0500000000000003 1.5500000000000003 0.87812770045192978 1.5500000000000003 4.3729694921891662 15.890000000000002 0.38684082031250006 0.63051698362430686 1.5500000000000003 0.60042747489695947 0.60173033069635184 1.0000000180025095e-35 0.74200107251327996 3.9029887640186876 0.74200107251327996 17.650000000000002 0.76100000000000012 3.6076403959519769 0.6899041751943692 0.49475097656250006 0.4931666666666667 3.9336862871130989 2.3500000000000005 0.81666666666666676 0.86211933658959194 16.090000000000007 0.69047619047619058
decision_type=2 2 2 2 2 2 2 2 2 2 2 2 2 2 2 2 2 2 2 2 2 2 2 2 2 2 2 2 2 2
left_child=4 2 3 7 5 9 -7 11 -9 10 -1 -2 19 -14 15 21 27 22 -17 26 -8 -15 29 -20 -23 -19 -11 -13 -29 -16
right_child=1 -3 -4 -5 -6 6 20 8 -10 12 -12 16 13 14 17 18 -18 25 23 -21 -22 24 -24 -25 -26 -27 -28 28 -30 -31
leaf_value=-0.050121767441946297 -0.050302972286451003 0.050143433307176626 0.050056282983073963 -0.052913532503165911 -0.051741325389418648 -0.0510221794861382 -0.050149740796710557 -0.050268750142575196 -0.050601600070453091 -0.050121708675589398 -0.05051584006995307 -0.050138397766914894 -0.050295401861735284 -0.050141629218972465 -0.050121936727127774 -0.050171577792724478 -0.050219076000385436 -0.050152403188286544 -0.050189780549536628 -0.050153752305600534 -0.050196742989250767 -0.050150065423341716 -0.050130110886044348 -0.050230325161108105 -0.050169792170355977 -0.050135356482214989 -0.050123823314884047 -0.050146370109037712 -0.050173656492446789 -0.050125385583341578
leaf_weight=0.0088183596672023468 0.0034060684265567734 1.1652672085911033 0.15261558056226932 0.0045608944492414585 0.002655274234712234 0.0025430402165512733 0.0046680165469297208 0.0042471400302019893 0.0024107659992296249 0.66894180557574123 0.0035378147222218112 0.0069788862529094322 0.0060021198078175067 0.030759697845496703 0.093390165442542639 0.0049945312421186827 0.0026966121804434797 0.0039828159788157782 0.001830522196542006 0.0032190152051043688 0.0020735128637170419 0.0052656906773336232 0.051648403321451042 0.0020796888347831555 0.0055622397267143242 0.028413113694114145 0.24447561451233923 0.0072387323452858254 0.0019045494918827899 0.10931183119100751
leaf_count=64 29 36 13 17 15 11 49 34 18 4831 19 70 39 311 681 71 21 32 22 22 19 65 406 26 78 244 1827 82 19 829
internal_value=-2.41113e-08 0.0476405 0.0319647 -0.0505938 -0.0501318 -0.0501284 -0.0503992 -0.0502275 -0.0503893 -0.0501265 -0.0502346 -0.050179 -0.0501254 -0.0501335 -0.0501306 -0.050154 -0.0501566 -0.0501265 -0.050189 -0.0501224 -0.0501642 -0.0501465 -0.0501251 -0.0502113 -0.0501602 -0.0501375 -0.0501223 -0.0501461 -0.0501521 -0.0501238
internal_weight=2.6355 1.35133 0.186059 0.0334436 1.28417 1.28152 0.00928457 0.0288828 0.00665791 1.27223 0.0123562 0.0222248 1.25988 0.343241 0.337239 0.0504924 0.0188188 0.286746 0.00890474 0.916636 0.00674153 0.0415876 0.25435 0.00391021 0.0108279 0.0323959 0.913417 0.0161222 0.00914328 0.202702
internal_count=10000 339 303 290 9661 9646 79 273 52 9567 83 221 9484 2804 2765 573 192 2192 119 6680 68 454 1916 48 143 276 6658 171 101 1510
is_linear=0
shrinkage=0.05


Tree=54
num_leaves=31
num_cat=0
split_feature=2 2 7 3 3 7 1 11 1 11 1 20 7 1 1 1 22 20 20 1 11 20 7 1 0 21 11 9 9 2
split_gain=2.38402 0.0199875 0.105472 8.67744e-06 2.11132e-06 6.90694e-07 2.12939e-07 2.6722e-07 7.79302e-08 4.17855e-08 5.79201e-08 2.94921e-08 1.20178e-08 2.82578e-09 2.75379e-09 2.59754e-09 3.91235e-09 1.50604e-09 1.40589e-09 9.64917e-10 9.20377e-10 7.56568e-10 6.22885e-10 5.66347e-10 5.58549e-10 3.91661e-10 3.76159e-10 3.75555e-10 2.73292e-10 2.20685e-10
threshold=1.2500000000000002 2.2500000000000004 9.3000000000000025 2.0500000000000003 1.5500000000000003 7.8000000000000016 0.87812770045192978 16.030000000000005 0.63051698362430686 15.890000000000002 0.87812770045192978 0.62750000000000006 3.2250000000000005 0.74200107251327996 0.73623722764153554 0.86211933658959194 2.5000000000000004 0.48050000000000009 0.38950000000000007 0.60908405236354046 17.650000000000002 0.52250000000000008 1.8750000000000002 0.6899041751943692 0.49475097656250006 0.76100000000000012 17.810000000000006 0.84523809523809534 0.81666666666666676 1.0000000180025095e-35
decision_type=2 2 2 2 2 2 2 2 2 2 2 2 2 2 2 2 2 2 2 2 2 2 2 2 2 2 2 2 2 2
left_child=4 2 3 9 5 6 12 21 -7 15 -11 -12 14 23 19 -2 17 18 -17 25 -15 -8 24 -14 27 28 29 -21 -1 -16
right_child=1 -3 -4 -5 -6 8 7 -9 -10 10 11 -13 13 20 26 16 -18 -19 -20 22 -22 -23 -24 -25 -26 -27 -28 -29 -30 -31
leaf_value=-0.050110065678940774 -0.050139708158963771 0.05012965337643948 0.0501285550548764 -0.052627981731512258 -0.051572577523889863 -0.050711302548700321 -0.050185403824429126 -0.050747007503703492 -0.051272873602846027 -0.050153163203160933 -0.050300947691313325 -0.050543447078599008 -0.050129543651741493 -0.050154556403064612 -0.050120777930339026 -0.050157165441979283 -0.050240479869243328 -0.05014066721364599 -0.050213632418790483 -0.050111806804034736 -0.050190763009028486 -0.050148582887056536 -0.050130895051024707 -0.050145729886244765 -0.050118706479202094 -0.050129389216153723 -0.050140822360857998 -0.050119151805561125 -0.050112051049788303 -0.050129499979295555
leaf_weight=0.66361299557320286 0.0077465179783756657 1.103804364800453 0.1444569043815136 0.0042722062207758418 0.0024935302790255456 0.0015751307510073467 0.0023177273251347996 0.0029554180291597731 0.0010164441773667932 0.0041479953069938347 0.0029364051224547438 0.0021880372805753723 0.01553400120610593 0.0038241023066802873 0.021264907751174067 0.0024106700802803971 0.0020165060632280083 0.0039919662085594609 0.0020310055842855945 0.16299688920116751 0.0032443103773402981 0.0035044773467234336 0.0054829887594678431 0.008287301221571397 0.046942363660491537 0.002777445930405519 0.0035860435164067886 0.019483488773403224 0.23461490906629479 0.011005733234924264
leaf_count=5053 76 36 17 15 15 19 22 14 59 42 24 17 190 51 183 26 18 50 18 1274 37 38 57 104 388 20 31 158 1840 108
internal_value=-6.16041e-08 0.0476333 0.0319951 -0.0505317 -0.0501191 -0.0501162 -0.0501144 -0.0503598 -0.0509316 -0.0502057 -0.0502921 -0.0504045 -0.0501126 -0.0501434 -0.0501118 -0.0501616 -0.0501779 -0.050163 -0.050183 -0.0501114 -0.0501712 -0.0501632 -0.0501142 -0.0501352 -0.0501138 -0.0501106 -0.0501255 -0.0501126 -0.0501106 -0.0501238
internal_weight=2.49652 1.28 0.176198 0.0317413 1.21652 1.21403 1.21144 0.00877762 0.00259157 0.0274691 0.00927244 0.00512444 1.20266 0.0308897 1.17177 0.0181967 0.0104501 0.00843364 0.00444168 1.13591 0.00706841 0.0058222 0.234906 0.0238213 0.229423 0.901005 0.0358567 0.18248 0.898228 0.0322706
internal_count=10000 339 303 286 9661 9646 9568 74 78 271 83 41 9494 382 9112 188 112 94 44 8790 88 60 1877 294 1820 6913 322 1432 6893 291
is_linear=0
shrinkage=0.05


Tree=55
num_leaves=31
num_cat=0
split_feature=1 7 3 7 22 8 7 13 1 8 7 1 1 13 1 13 0 0 0 8 0 1 8 7 21 13 8 9 8 1
split_gain=2.15495 0.0913684 0.0185602 0.0804815 0.000380846 0.0005817 5.30975e-07 4.13738e-07 3.43386e-08 2.69301e-08 9.68385e-09 3.53392e-09 2.06735e-09 1.53389e-09 8.23831e-10 9.93987e-10 5.87728e-10 4.91191e-10 4.485e-10 5.69708e-10 4.26909e-10 4.12915e-10 4.12615e-10 3.22311e-10 3.0267e-10 2.77608e-10 2.23199e-10 2.12447e-10 1.54824e-10 1.42489e-10
threshold=0.86211933658959194 9.8250000000000011 1.0000000180025095e-35 9.8250000000000011 2.5000000000000004 6.0416093941841593 7.8000000000000016 1.5500000000000003 0.62544622223225177 4.1339936883905439 3.2250000000000005 0.73623722764153554 0.74200107251327996 1.0000000180025095e-35 0.60908405236354046 1.0000000180025095e-35 0.58422851562500011 0.49475097656250006 0.49890136718750006 4.568460414243412 0.50415039062500011 0.6899041751943692 3.7200072974857066 6.8250000000000011 0.76100000000000012 2.6000000000000005 3.8324834112099095 0.81666666666666676 3.9336862871130989 0.56252755703614421
decision_type=2 2 2 2 2 2 2 2 2 2 2 2 2 2 2 2 2 2 2 2 2 2 2 2 2 2 2 2 2 2
left_child=1 6 3 7 5 -4 10 -2 -8 22 11 14 21 -13 24 -16 -6 -17 -15 -20 26 23 25 -12 27 -9 -14 -1 -23 -29
right_child=2 -3 4 -5 16 -7 8 9 -10 -11 12 13 20 18 15 17 -18 -19 19 -21 -22 28 -24 -25 -26 -27 -28 29 -30 -31
leaf_value=-0.050099568797285124 -0.050702395613077801 0.050115897883658014 0.045793521761490714 0.05011494429467972 0.050116123171700805 0.05011647978947234 -0.05067709663144665 -0.05013983279668021 -0.051055968254481277 -0.050255841244174863 -0.050115698656896593 -0.050155212404356012 -0.050136607078246492 -0.050107309391872815 -0.050115706673622876 -0.050101357404893625 0.050118910207926907 -0.050107368138822321 -0.050115448261108475 -0.050141979283448782 -0.050178367010691165 -0.050124632313371081 -0.050149263544719595 -0.05013907823762348 -0.050117041253489973 -0.050121023222433073 -0.050157456242882814 -0.050100825064426958 -0.05013867653894049 -0.050104321640661226
leaf_weight=0.62767917625023917 0.0042288007534808649 0.02320152521133434 0.14964347530622013 0.093594664707779884 0.36270863562822342 0.1621262189000845 0.0013824984634994699 0.0023683645122218886 0.0010539968643570319 0.0055009529824019401 0.013260093022836483 0.0023357309109995885 0.0023418048731400623 0.016624192809103988 0.01551892683346523 0.1657296614794177 0.39533951506018639 0.04275777361181099 0.019049695598368999 0.0022638755690422832 0.0014946495939511806 0.0035430944044492207 0.0018731636228039852 0.0016585344346822248 0.0026256420533172778 0.011421816023357678 0.0028409812875906937 0.18749661723268218 0.0043985882730339654 0.034497107619245071
leaf_count=5054 20 23 38 6 35 6 12 25 43 38 173 22 34 148 138 1379 7 377 197 23 22 46 20 19 20 139 36 1551 59 290
internal_value=-1.10804e-08 -0.0481192 0.047429 0.0286959 0.0495126 0.0480415 -0.0501037 -0.0502509 -0.050841 -0.0501607 -0.0501021 -0.0501013 -0.0501303 -0.0501159 -0.0501008 -0.0501035 0.0501176 -0.0501026 -0.0501135 -0.0501183 -0.0501548 -0.0501232 -0.0501272 -0.0501183 -0.0501001 -0.0501243 -0.050148 -0.0501 -0.0501324 -0.0501014
internal_weight=2.36056 1.17175 1.18881 0.118988 1.06982 0.31177 1.14855 0.0253931 0.0024365 0.0211643 1.14612 1.11658 0.0295377 0.0402735 1.0763 0.224006 0.758048 0.208487 0.0379378 0.0213136 0.00667744 0.0228603 0.0156633 0.0149186 0.852299 0.0137902 0.00518279 0.849673 0.00794168 0.221994
internal_count=10000 9666 334 248 86 44 9643 242 55 222 9588 9199 389 390 8809 1894 42 1756 368 220 92 297 184 192 6915 164 70 6895 105 1841
is_linear=0
shrinkage=0.05


Tree=56
num_leaves=31
num_cat=0
split_feature=1 7 8 11 11 7 12 19 7 13 0 13 7 1 1 13 11 1 13 11 0 0 8 1 7 21 9 8 1 9
split_gain=2.03198 0.0861771 0.0170337 0.0507792 0.00139909 0.00289088 0.00694271 5.13503e-05 4.06741e-07 3.02965e-07 2.04421e-08 1.15895e-08 7.4735e-09 2.72825e-09 1.59475e-09 1.18352e-09 1.12566e-09 6.36198e-10 7.67788e-10 5.48499e-10 3.79288e-10 3.46196e-10 4.39674e-10 3.18949e-10 2.48771e-10 2.33662e-10 1.64068e-10 1.19621e-10 1.10007e-10 1.00457e-10
threshold=0.86211933658959194 9.8250000000000011 4.2165475240048726 17.990000000000006 17.990000000000006 8.7750000000000021 2.1500000000000004 0.54800000000000015 7.8000000000000016 1.0000000180025095e-35 0.41003417968750006 1.8000000000000003 3.2250000000000005 0.73623722764153554 0.74200107251327996 1.0000000180025095e-35 16.210000000000004 0.60908405236354046 1.0000000180025095e-35 17.650000000000002 0.49475097656250006 0.49890136718750006 4.568460414243412 0.6899041751943692 6.8250000000000011 0.76100000000000012 0.81666666666666676 3.9336862871130989 0.56252755703614421 0.69047619047619058
decision_type=2 2 2 2 2 2 2 2 2 2 2 2 2 2 2 2 2 2 2 2 2 2 2 2 2 2 2 2 2 2
left_child=1 8 3 9 5 6 -4 -6 12 -2 -10 -11 13 17 23 -15 -13 25 -19 -16 29 -17 -23 24 -14 26 -1 -25 -28 -20
right_child=2 -3 4 -5 7 -7 -8 -9 10 11 -12 16 14 15 19 21 -18 18 20 -21 -22 22 -24 27 -26 -27 28 -29 -30 -31
leaf_value=-0.050090125527500168 -0.05080953720058376 0.050106373130597327 0.019314371940781554 0.048278855601410459 0.050108945536573649 0.050107194020434814 0.050106480626483332 0.049322778837074734 -0.050922704222043258 -0.050253807664060568 -0.050622664057909099 -0.050108720181324985 -0.050104717987580073 -0.050140463011021222 -0.050126520862554272 -0.050097129933612185 -0.050143982841791217 -0.050104726246898969 -0.05009037811039762 -0.050156138388096287 -0.050097180572371863 -0.050104491784180853 -0.050128491491692961 -0.050112800313076182 -0.050125867889505543 -0.050105930127286404 -0.050091261980450379 -0.050125511008542928 -0.050094424443016927 -0.05009291939036821
leaf_weight=0.59246196970343523 0.0018371726182523354 0.021891608834266774 0.031030989463033398 0.051684838319488335 0.51919407024979591 0.11300387978553772 0.044639896601438522 0.34621433005668223 0.0010458153556102126 0.0017092508642235762 0.0012416974204825237 0.011142261908389628 0.012511243294284324 0.0022020929027347638 0.0034077438613167024 0.015688328952819575 0.0028400259179761642 0.014642432426626328 0.072377262062218506 0.0028880104218842462 0.040350678682443686 0.017973940528463572 0.0021350375609472385 0.0033424708308302789 0.0015641663558199079 0.0024773908735369323 0.17696995587175479 0.0041482480155536905 0.032557453589106444 0.084045786163187586
leaf_count=5054 15 23 49 24 31 8 5 16 3 11 52 145 173 22 53 148 30 138 624 39 377 197 23 46 19 20 1551 59 290 755
internal_value=-6.67419e-08 -0.0481104 0.0473661 0.023338 0.0489439 0.0450426 0.0374793 0.0497944 -0.0500938 -0.050202 -0.0507598 -0.0501309 -0.0500924 -0.0500917 -0.050118 -0.0501049 -0.0501159 -0.0500912 -0.0500937 -0.0501401 -0.0500929 -0.0501027 -0.050107 -0.0501115 -0.0501071 -0.0500906 -0.0500906 -0.0501198 -0.0500918 -0.0500917
internal_weight=2.22922 1.10592 1.1233 0.0692135 1.05408 0.188675 0.0756709 0.865408 1.08403 0.0175287 0.00228751 0.0156915 1.08174 1.05388 0.0278619 0.0379994 0.0139823 1.01588 0.211416 0.00629575 0.196774 0.0357973 0.020109 0.0215661 0.0140754 0.804467 0.801989 0.00749072 0.209527 0.156423
internal_count=10000 9666 334 225 109 62 54 47 9643 201 55 186 9588 9199 389 390 175 8809 1894 92 1756 368 220 297 192 6915 6895 105 1841 1379
is_linear=0
shrinkage=0.05


Tree=57
num_leaves=31
num_cat=0
split_feature=2 2 20 19 1 1 13 8 11 0 1 13 1 1 13 8 1 8 1 11 21 1 0 21 13 8 1 11 9 1
split_gain=2.00094 0.0184874 0.090716 6.90903e-06 1.42395e-06 1.2131e-07 2.28357e-07 4.22488e-08 3.26203e-08 1.96748e-08 5.34123e-08 1.01937e-08 4.34215e-09 2.17108e-08 4.61306e-09 1.96249e-09 1.8941e-09 7.83148e-10 6.62582e-10 4.93684e-10 4.51201e-10 3.94281e-10 2.69681e-10 2.27748e-10 1.73116e-10 1.50323e-10 1.22773e-10 2.22802e-10 1.14232e-10 1.10604e-10
threshold=1.2500000000000002 2.2500000000000004 0.86050000000000015 0.5445000000000001 0.99994756253435635 0.87812770045192978 1.5500000000000003 4.3729694921891662 15.890000000000002 0.38684082031250006 0.63051698362430686 1.5500000000000003 0.60042747489695947 0.60173033069635184 1.0000000180025095e-35 3.9029887640186876 0.74200107251327996 3.6375874440553155 0.7938570754413915 17.650000000000002 0.76100000000000012 0.6899041751943692 0.49475097656250006 0.4931666666666667 2.3500000000000005 3.9336862871130989 0.86211933658959194 16.090000000000007 0.81666666666666676 0.74200107251327996
decision_type=2 2 2 2 2 2 2 2 2 2 2 2 2 2 2 2 2 2 2 2 2 2 2 2 2 2 2 2 2 2
left_child=4 2 3 7 5 9 -7 11 -9 10 -1 -2 20 -14 16 26 21 -8 22 -18 28 -15 29 -21 -20 -23 -13 -28 -11 -16
right_child=1 -3 -4 -5 -6 6 17 8 -10 12 -12 15 13 14 18 -17 19 -19 24 23 -22 25 -24 -25 -26 -27 27 -29 -30 -31
leaf_value=-0.050081671825959066 -0.050210819125040107 0.050100286917404979 0.050001727486383318 -0.052305513675060505 -0.051257007827418349 -0.050734267965431151 -0.05010089551951085 -0.050190994868082997 -0.050446971018725965 -0.050081633196666975 -0.050340106199800561 -0.050092807805351004 -0.050195299472093197 -0.050094968901040253 -0.050083031052922736 -0.050149835838526495 -0.050115033100387708 -0.050143015659475904 -0.05011058652802769 -0.05012723002848718 -0.050103039121552985 -0.050100623281320193 -0.050087615919726651 -0.050154375261306443 -0.050094080957106525 -0.050113844541707392 -0.050098144927248803 -0.050119516707240901 -0.050083048230112316 -0.050088571213422285
leaf_weight=0.007025609869742655 0.0027324782058710797 0.9325417410582304 0.11865927373582963 0.0044725282859872087 0.0026038041687571614 0.0020672112441389992 0.0036543839887599461 0.0035379418332013293 0.0019200405367882922 0.53295209391944787 0.002794576772430446 0.0055530604731757194 0.0047621140911360263 0.024470634110912215 0.16146576192841167 0.0021681173748220326 0.00396782955067465 0.0015810349214007147 0.0019585632180678667 0.0014539359326590784 0.0025601823290344319 0.0041872703368426301 0.047016796037496533 0.0016491097921971232 0.0084101341417408548 0.0044185554725117981 0.0057579337226343341 0.0015471667720703408 0.19474039848864777 0.0095411207657889463
leaf_count=64 25 36 13 14 18 11 48 37 22 4831 19 70 39 311 1510 21 71 17 20 22 22 65 468 26 99 78 82 19 1827 95
internal_value=-2.86358e-08 0.0475074 0.0309856 -0.050506 -0.0500892 -0.0500863 -0.0502893 -0.0501594 -0.050281 -0.0500848 -0.0501552 -0.050122 -0.0500841 -0.0500895 -0.0500876 -0.0501058 -0.0501032 -0.0501136 -0.0500848 -0.0501267 -0.0500821 -0.0500982 -0.0500843 -0.0501417 -0.0500972 -0.0501074 -0.0500984 -0.0501027 -0.050082 -0.0500833
internal_weight=2.10217 1.07889 0.146349 0.0276893 1.02328 1.02068 0.00730263 0.0232167 0.00545798 1.01337 0.00982019 0.0177588 1.00355 0.273302 0.26854 0.0150263 0.0401473 0.00523542 0.228392 0.00707088 0.730253 0.0330765 0.218024 0.00310305 0.0103687 0.00860583 0.0128582 0.0073051 0.727692 0.171007
internal_count=10000 339 303 290 9661 9643 76 276 59 9567 83 217 9484 2804 2765 192 573 65 2192 119 6680 454 2073 48 119 143 171 101 6658 1605
is_linear=0
shrinkage=0.05


Tree=58
num_leaves=31
num_cat=0
split_feature=2 2 7 3 3 7 1 13 13 1 21 7 1 1 1 11 22 13 20 20 20 1 13 11 1 21 1 9 17 9
split_gain=1.88084 0.0172928 0.0854756 5.38002e-06 1.17263e-06 2.36538e-07 9.11239e-08 1.76567e-07 2.43266e-08 3.96354e-08 6.65866e-09 4.24874e-09 1.42467e-09 1.01031e-09 9.99382e-10 9.01535e-10 9.08501e-10 4.55269e-10 3.82896e-10 3.62757e-10 3.50218e-10 3.41857e-10 4.29634e-10 3.25472e-10 2.00635e-10 1.38467e-10 1.21392e-10 1.06804e-10 1.06226e-10 9.68761e-11
threshold=1.2500000000000002 2.2500000000000004 9.3000000000000025 2.0500000000000003 1.5500000000000003 7.8000000000000016 0.87812770045192978 1.5500000000000003 1.5500000000000003 0.86211933658959194 0.43612500000000004 3.2250000000000005 0.86211933658959194 0.73623722764153554 0.74200107251327996 17.270000000000007 2.5000000000000004 1.8000000000000003 0.47050000000000008 0.38950000000000007 0.52250000000000008 0.60908405236354046 1.0000000180025095e-35 17.650000000000002 0.6899041751943692 0.76100000000000012 0.91013736484180552 0.69047619047619058 -1.0000000180025095e-35 0.81666666666666676
decision_type=2 2 2 2 2 2 2 2 2 2 2 2 2 2 2 2 2 2 2 2 2 2 2 2 2 2 2 2 2 2
left_child=4 2 3 8 5 6 11 -8 9 -2 12 13 -10 21 24 16 18 -15 19 -14 -9 25 -23 -16 -13 29 -20 -24 -19 -1
right_child=1 -3 -4 -5 -6 -7 7 20 10 -11 -12 14 15 17 23 -17 -18 28 26 -21 -22 22 27 -25 -26 -27 -28 -29 -30 -31
leaf_value=-0.050073829879131296 -0.050109987345587539 0.050090588763793353 0.050089565945432415 -0.052122140581291221 -0.051222689037001168 -0.05062013294301744 -0.050663136856215166 -0.050115976240883209 -0.050092054595180874 -0.05043714540801806 -0.050213903944106054 -0.050086873712916959 -0.050104686947299054 -0.05010460184450051 -0.050103628344099142 -0.050155075448768453 -0.050150137039850329 -0.0500863773090999 -0.050107794053882743 -0.050138255408742206 -0.05008973735577002 -0.050085525822123778 -0.050074620905223632 -0.050127881161169931 -0.050097719115538578 -0.050086759721815012 -0.050089276966123045 -0.050077114424031233 -0.050079787067218232 -0.050075159242881986
leaf_weight=0.52475853996293165 0.0020123314316149435 0.87675568461418152 0.1114653404802084 0.0040736190276220432 0.0022425836650654665 0.0020078939487575545 0.001932831743033602 0.0023953657946549356 0.0063676231511635697 0.0017145774909295142 0.0017224398034159085 0.012265272885997547 0.0017321509803878143 0.0025166022387566036 0.0030151648534229017 0.0017311567935394132 0.0015452821971848607 0.0099400654289638624 0.0014786229658056982 0.0015032777082524262 0.0027109740694868378 0.012633824982913211 0.079095822617091471 0.0025560295762261376 0.0065372189346817313 0.0021932142990408457 0.0022049353865440935 0.093956329375942005 0.015888269837887492 0.18548949151227134
leaf_count=5053 24 36 17 15 15 78 6 29 82 23 15 190 24 28 51 17 16 123 19 17 39 135 779 37 104 20 34 963 171 1840
internal_value=-2.95602e-08 0.0475047 0.0310221 -0.050453 -0.0500807 -0.050078 -0.0500769 -0.0502561 -0.0501441 -0.0502605 -0.0501203 -0.0500755 -0.0501106 -0.050075 -0.0500962 -0.0501222 -0.0501155 -0.0500843 -0.0501077 -0.0501203 -0.050102 -0.0500747 -0.0500766 -0.0501148 -0.0500906 -0.0500742 -0.0500967 -0.050076 -0.0500823 -0.0500742
internal_weight=1.97644 1.01431 0.137551 0.026086 0.962135 0.959893 0.957885 0.00703917 0.0220124 0.00372691 0.0182855 0.950846 0.016563 0.926472 0.0243737 0.0101954 0.00846427 0.0283449 0.00691899 0.00323543 0.00510634 0.898127 0.185686 0.00557119 0.0188025 0.712441 0.00368356 0.173052 0.0258283 0.710248
internal_count=10000 339 303 286 9661 9646 9568 74 271 47 224 9494 209 9112 382 127 110 322 94 41 68 8790 1877 88 294 6913 53 1742 294 6893
is_linear=0
shrinkage=0.05


Tree=59
num_leaves=31
num_cat=0
split_feature=1 7 3 7 22 8 7 13 8 7 1 1 13 7 1 13 0 0 8 0 1 7 8 13 21 8 9 8 1 9
split_gain=1.68605 0.07152 0.0152884 0.0636073 0.000402161 0.000627586 1.80854e-07 1.73124e-07 1.26863e-08 3.43506e-09 1.24128e-09 7.17287e-10 5.38543e-10 4.56116e-10 2.89734e-10 3.49607e-10 1.72826e-10 1.57564e-10 1.99851e-10 1.49669e-10 1.39422e-10 1.39374e-10 1.33519e-10 1.19765e-10 1.06298e-10 7.84334e-11 7.4732e-11 5.44344e-11 5.01613e-11 4.57534e-11
threshold=0.86211933658959194 9.8250000000000011 1.0000000180025095e-35 9.8250000000000011 2.5000000000000004 6.0416093941841593 7.8000000000000016 1.5500000000000003 4.1339936883905439 3.2250000000000005 0.73623722764153554 0.74200107251327996 1.0000000180025095e-35 3.2250000000000005 0.60908405236354046 1.0000000180025095e-35 0.49475097656250006 0.49890136718750006 4.568460414243412 0.50415039062500011 0.6899041751943692 6.8250000000000011 3.7200072974857066 2.6000000000000005 0.76100000000000012 3.8324834112099095 0.81666666666666676 3.9336862871130989 0.56252755703614421 0.69047619047619058
decision_type=2 2 2 2 2 2 2 2 2 2 2 2 2 2 2 2 2 2 2 2 2 2 2 2 2 2 2 2 2 2
left_child=1 6 3 7 5 -4 9 -2 22 10 14 20 -12 -6 24 -16 29 -14 -19 25 21 -11 23 -9 26 -13 -1 -22 -28 -17
right_child=2 -3 4 -5 13 -7 -8 8 -10 11 12 19 17 -15 15 16 -18 18 -20 -21 27 -23 -24 -25 -26 -27 28 -29 -30 -31
leaf_value=-0.050066793749015993 -0.05050307873947172 0.050079861308122919 0.045062096885734038 0.050079977908368038 0.050083611246154118 0.050081542831726902 -0.050560135345577274 -0.050095486461913058 -0.050183269081335503 -0.050077593921438485 -0.050104062950524747 -0.050091601735927541 -0.050071978847894327 0.050080823031010725 -0.050077604166374926 -0.050066980970934531 -0.050072017633381087 -0.050077429760385331 -0.050095191757542561 -0.050119570130158143 -0.050083586346271518 -0.05009490433254013 -0.050100066585061942 -0.050081591372387019 -0.05007849066290232 -0.050105574442238468 -0.050067634830357359 -0.050092997960240908 -0.050069977272016536 -0.050068862038191046
leaf_weight=0.49254798067340744 0.0034058026067214078 0.018186498433351517 0.11893016280373558 0.071464981883764267 0.26441102474927902 0.13071984425187111 0.0018743819600786074 0.0018745524175756154 0.004592953897372353 0.010390890787675744 0.0018274539397680192 0.0018325017772440324 0.013035761949140579 0.32941333390772343 0.012160789097833913 0.060169933960423805 0.03352903421910014 0.01492762043926632 0.0017716159600240635 0.0011684343371598516 0.0027749886503443113 0.0013093289162497976 0.0014662369285360919 0.008978348570963135 0.0020575704111251971 0.0022223300620680675 0.14711130037903786 0.003441873355768621 0.027058054289227584 0.069856405269092647
leaf_count=5054 20 23 38 6 7 6 55 25 38 173 22 34 148 35 138 624 377 197 23 22 46 19 20 139 20 36 1551 59 290 755
internal_value=1.86491e-08 -0.0480882 0.0472654 0.027886 0.0493742 0.0476903 -0.0500695 -0.0501778 -0.0501123 -0.0500685 -0.050068 -0.0500875 -0.0500777 0.0500821 -0.0500676 -0.0500694 -0.0500688 -0.0500761 -0.0500793 -0.0501038 -0.0500827 -0.0500795 -0.0500859 -0.050084 -0.0500671 -0.0500993 -0.0500671 -0.0500888 -0.050068 -0.050068
internal_weight=1.85451 0.919255 0.935257 0.0917829 0.843474 0.24965 0.901068 0.0203179 0.0169121 0.899194 0.876054 0.0231403 0.0315625 0.593824 0.844491 0.175716 0.163555 0.029735 0.0166992 0.00522327 0.0179171 0.0117002 0.0123191 0.0108529 0.668775 0.00405483 0.666717 0.00621686 0.174169 0.130026
internal_count=10000 9666 334 248 86 44 9643 242 222 9588 9199 389 390 42 8809 1894 1756 368 220 92 297 192 184 164 6915 70 6895 105 1841 1379
is_linear=0
shrinkage=0.05


Tree=60
num_leaves=31
num_cat=0
split_feature=1 8 1 3 19 22 8 13 8 1 13 1 22 8 19 1 17 8 11 11 8 21 1 1 19 1 9 9 1 8
split_gain=1.57636 0.0321607 0.0322896 0.01417 0.0594721 0.000466531 0.000726654 1.32168e-07 9.70057e-09 3.69801e-09 1.45139e-08 2.36167e-08 4.49519e-09 1.4066e-08 3.05557e-08 6.12847e-10 4.85595e-10 4.58943e-10 4.04788e-10 2.16252e-10 2.13881e-10 2.07054e-10 2.00579e-10 8.8177e-11 8.161e-11 7.95935e-11 7.4461e-11 4.78725e-11 4.4511e-11 4.44571e-11
threshold=0.86211933658959194 5.4769837862724229 0.74200107251327996 1.0000000180025095e-35 0.54800000000000015 2.5000000000000004 6.0416093941841593 1.5500000000000003 4.1339936883905439 0.60042747489695947 1.0000000180025095e-35 0.60325594253836745 1.5000000000000002 3.2615771695605713 0.13250000000000003 0.74200107251327996 -1.0000000180025095e-35 6.3061214547812314 16.210000000000004 17.610000000000003 4.4948893917421353 0.76100000000000012 0.6899041751943692 0.74200107251327996 0.47650000000000009 0.6899041751943692 0.69047619047619058 0.81666666666666676 0.6899041751943692 3.9336862871130989
decision_type=2 2 2 2 2 2 2 2 2 2 2 2 2 2 2 2 2 2 2 2 2 2 2 2 2 2 2 2 2 2
left_child=1 9 24 4 7 6 -5 -2 18 21 11 -11 13 14 -13 25 20 -7 -9 -17 -12 27 -15 26 -3 -14 -18 -1 -28 -27
right_child=3 2 -4 5 -6 17 -8 8 -10 10 16 12 15 22 -16 19 23 -19 -20 -21 -22 -23 -24 -25 -26 29 28 -29 -30 -31
leaf_value=-0.05006048380588897 -0.050455066785215413 -0.050062119981985981 0.044644147775946517 0.044497025646216888 0.050073849447208954 0.050075087195761481 0.050075722832645747 -0.050072710216082034 -0.050165814346918525 -0.050301948660872564 -0.050069281084891219 -0.050071918665279047 -0.050071448158902181 -0.050069028540653218 -0.050382850921190672 -0.050084641838783112 -0.050060789951256283 0.050077959196831313 -0.05009514159730203 -0.050106579203249346 -0.05008937769473637 -0.050076792679401752 -0.050088138173996738 -0.050066272416067648 -0.050074188189003381 -0.05007436312496423 -0.050062400279359681 -0.050061504082820868 -0.050065257356460884 -0.050083286748874571
leaf_weight=0.43889811813642154 0.0031762672515469595 0.016123664958286099 0.018355064752540784 0.11156142014078796 0.066925833001732826 0.2703962717205286 0.12243014574050903 0.0089364624909649137 0.0042916712700389317 0.0013712632462556931 0.016644340455968631 0.0018667750482563861 0.012327419171924703 0.0042487304854148533 0.0013700009876629338 0.0025761995275388463 0.073963495837233495 0.28647065535187721 0.0025952876021619895 0.0019920642916986253 0.0014383412017195943 0.002018365870753768 0.0020288756168156397 0.012815612786653219 0.0015341621765401206 0.0029121760308044023 0.073591154487075983 0.15577810308241169 0.016731503139453707 0.0026803262153407559
leaf_count=4812 22 192 22 38 4 36 6 149 38 11 230 27 190 67 14 55 824 6 35 36 19 21 38 157 22 55 845 1766 202 61
internal_value=8.57737e-09 -0.0480445 -0.00179271 0.0471942 0.0279102 0.0492894 0.0474159 -0.0501607 -0.0501016 -0.0500629 -0.0500683 -0.0500988 -0.05009 -0.0501189 -0.0502035 -0.0500779 -0.0500631 0.0500766 -0.0500778 -0.0500942 -0.0500709 -0.0500608 -0.0500752 -0.0500623 -0.0500632 -0.0500737 -0.050062 -0.0500608 -0.0500629 -0.0500786
internal_weight=1.73805 0.861266 0.0360129 0.876784 0.0859255 0.790858 0.233992 0.0189997 0.0158234 0.825253 0.228558 0.0333738 0.0320026 0.00951438 0.00323678 0.0224882 0.195184 0.556867 0.0115318 0.00456826 0.0180827 0.596695 0.00627761 0.177102 0.0176578 0.0179199 0.164286 0.594676 0.0903227 0.0055925
internal_count=10000 9666 236 334 248 86 44 244 222 9430 2831 554 543 146 41 397 2277 42 184 91 249 6599 105 2028 214 306 1871 6578 1047 116
is_linear=0
shrinkage=0.05


Tree=61
num_leaves=31
num_cat=0
split_feature=2 2 20 19 5 21 8 20 8 21 0 9 13 5 9 8 0 13 8 2 2 14 0 20 9 12 12 8 8 0
split_gain=1.54362 0.0150405 0.0716183 4.19586e-06 6.03409e-07 1.25592e-07 1.43752e-08 9.86038e-09 8.3997e-09 5.23781e-08 6.41855e-09 1.76738e-08 3.45026e-09 9.98688e-10 1.16109e-09 2.61389e-09 9.46148e-10 1.46972e-08 6.76201e-10 2.09304e-10 1.42746e-10 1.40266e-10 1.14235e-10 1.02652e-10 9.1315e-11 9.05854e-11 3.00371e-10 8.70469e-11 6.08107e-11 4.72017e-11
threshold=1.2500000000000002 2.2500000000000004 0.86050000000000015 0.5445000000000001 2.5000000000000004 0.77950000000000019 4.3729694921891662 0.64550000000000007 5.5560014234527317 0.62050000000000016 0.38684082031250006 0.76388888888888895 1.5500000000000003 1.0000000180025095e-35 0.55000000000000016 3.9173273040301857 0.41174316406250006 1.0000000180025095e-35 3.9029887640186876 1.0000000180025095e-35 1.0000000180025095e-35 1.0000000180025095e-35 0.51684570312500011 0.87450000000000017 0.69047619047619058 1.5500000000000003 2.9000000000000004 4.2977587286582528 3.87489109346342 0.55981445312500011
decision_type=2 2 2 2 2 2 2 2 2 2 2 2 2 2 2 2 2 2 2 2 2 2 2 2 2 2 2 2 2 2
left_child=4 2 3 6 5 8 12 -8 10 -10 11 -1 -2 16 15 -15 17 -12 -14 21 23 -16 -22 24 -18 -26 28 29 -27 -21
right_child=1 -3 -4 -5 -6 -7 7 -9 9 -11 13 -13 18 14 19 -17 20 -19 -20 27 22 -23 -24 -25 25 26 -28 -29 -30 -31
leaf_value=-0.0500546260672508 -0.050140682708385148 0.050071190457340833 0.049962266015823903 -0.051868594808024471 -0.050965490903374627 -0.050492479155816616 -0.050120904992803188 -0.050275981719796428 -0.05005777229864309 -0.050328503422719155 -0.050195134203456719 -0.050223874686397267 -0.050066005382029558 -0.050064797272623418 -0.05005795398076545 -0.050139942687265709 -0.050054775297710269 -0.050054851167455831 -0.050100417055330138 -0.050063040223442816 -0.050058748417781657 -0.050067460167348282 -0.050071429167302173 -0.050065882071513391 -0.050055852954655616 -0.050065763153509094 -0.050055625070478019 -0.050077309586348942 -0.05007878035855811 -0.050071981196290472
leaf_weight=0.0054126539398566811 0.0020950002362951645 0.72147666476666927 0.09164485483779572 0.0041657272377051404 0.00183880027179839 0.0016650219404255031 0.0023851517835282712 0.001797553435608279 0.013148947113222675 0.0020674451370723554 0.0020147169161646153 0.0021572403602476697 0.0099204029611428268 0.004817669887415831 0.042489430208661361 0.0015230942626658361 0.24672024814572069 0.025479967356659472 0.0016675633269187537 0.0084364308313524816 0.008749450818868354 0.0042704216066340442 0.0022283452926785694 0.0024062777883955269 0.39820835544014699 0.0017559708176122521 0.010325146307877731 0.0015529231604887181 0.0018345087300986052 0.0017892008181661376
leaf_count=63 25 36 13 14 12 11 38 21 176 22 26 20 171 66 549 18 2902 297 21 130 126 94 33 34 4818 39 128 26 42 29
internal_value=1.84063e-08 0.0474078 0.0305035 -0.0504396 -0.0500608 -0.0500587 -0.0501064 -0.0501876 -0.0500578 -0.0500946 -0.050057 -0.0501029 -0.0500816 -0.0500566 -0.0500625 -0.0500828 -0.050056 -0.0500651 -0.050071 -0.0500603 -0.0500557 -0.0500588 -0.0500613 -0.0500556 -0.0500555 -0.050056 -0.05006 -0.0500663 -0.0500724 -0.0500646
internal_weight=1.62605 0.835153 0.113676 0.0220314 0.790892 0.789053 0.0178657 0.00418271 0.787388 0.0152164 0.772172 0.00756989 0.013683 0.764602 0.0648792 0.00634076 0.699723 0.0274947 0.011588 0.0585384 0.672228 0.0467599 0.0109778 0.661251 0.658844 0.412124 0.0139156 0.0117786 0.00359048 0.0102256
internal_count=10000 339 303 290 9661 9649 276 59 9638 198 9440 83 217 9357 912 84 8445 323 192 828 8122 643 159 7963 7929 5027 209 185 81 159
is_linear=0
shrinkage=0.05


Tree=62
num_leaves=31
num_cat=0
split_feature=2 2 20 3 3 1 13 13 1 0 1 21 1 1 13 1 1 22 1 13 20 21 13 1 21 0 13 0 9 9
split_gain=1.43948 0.0139554 0.0665653 3.23078e-06 7.31842e-07 2.98773e-08 5.93453e-08 8.24124e-09 1.48429e-08 4.87426e-09 1.34003e-08 2.23094e-09 1.14933e-09 5.40469e-09 1.25911e-09 5.61842e-10 4.78193e-10 2.59321e-10 1.81995e-10 1.68273e-10 1.19728e-10 1.18229e-10 1.12289e-10 1.04136e-10 6.89889e-11 6.19996e-11 4.88471e-11 3.98697e-11 3.02049e-11 2.2602e-11
threshold=1.2500000000000002 2.2500000000000004 0.86050000000000015 2.0500000000000003 1.5500000000000003 0.87812770045192978 1.5500000000000003 1.5500000000000003 0.87812770045192978 0.38684082031250006 0.63051698362430686 0.43612500000000004 0.60042747489695947 0.60173033069635184 1.0000000180025095e-35 0.74200107251327996 0.86211933658959194 2.5000000000000004 0.74200107251327996 5.9500000000000002 0.52250000000000008 0.76100000000000012 3.5500000000000003 0.6899041751943692 0.62412500000000015 0.49475097656250006 2.3500000000000005 0.50415039062500011 0.81666666666666676 0.69047619047619058
decision_type=2 2 2 2 2 2 2 2 2 2 2 2 2 2 2 2 2 2 2 2 2 2 2 2 2 2 2 2 2 2
left_child=4 2 3 7 5 9 -7 8 -2 10 -1 16 21 -14 15 23 -9 19 25 22 -8 28 -18 -15 27 29 -20 -17 -11 -16
right_child=1 -3 -4 -5 -6 6 20 11 -10 12 -12 -13 13 14 18 24 17 -19 26 -21 -22 -23 -24 -25 -26 -27 -28 -29 -30 -31
leaf_value=-0.05004957464536515 -0.050078745820615334 0.050064304200806875 0.049943878868920481 -0.051715086783127973 -0.050989194394667425 -0.050442652746597885 -0.050077738486986205 -0.050061896560381292 -0.050315624433068723 -0.050049553469311447 -0.050202591461834783 -0.050142709922567141 -0.05011664379120008 -0.050057631439227195 -0.050049646383180615 -0.050071966640747395 -0.050081352002388051 -0.050101797670530093 -0.050062997706991741 -0.050092901901598076 -0.050060192877017365 -0.050062474871912281 -0.050066367777655565 -0.050065172958922301 -0.050089280750783463 -0.05005296259182284 -0.050055209904826786 -0.050083234714193375 -0.050050410636222023 -0.050051044461514975
leaf_weight=0.0050654786718951064 0.0016195893877011249 0.67286774143576622 0.085491116013145074 0.0037782836006954304 0.0020903594559058538 0.0014537467068294055 0.0018298561226401944 0.0048793678615766112 0.001117683612392284 0.3840999579297204 0.0019940151469199918 0.0013100146752549344 0.0034166135192208449 0.017608583391847787 0.053621247428964125 0.003014757388882571 0.0023529496575065423 0.0013484773626259994 0.0022972535698499988 0.0014167581539368257 0.0020746850532304961 0.0018412898098176802 0.0026679331494960934 0.0061853744737163643 0.0010486463143024594 0.029613635360874468 0.016300252093060408 0.0010614096936478745 0.14032118060640641 0.062724711693590507
leaf_count=64 27 36 13 17 15 11 29 82 22 4831 19 15 39 311 681 71 38 18 32 21 39 22 50 143 23 406 244 25 1827 829
internal_value=4.80749e-08 0.0474081 0.030544 -0.0503946 -0.050055 -0.0500523 -0.0501699 -0.0500961 -0.0501755 -0.0500515 -0.0500928 -0.0500806 -0.050051 -0.0500543 -0.0500532 -0.0500628 -0.0500742 -0.0500819 -0.0500515 -0.0500777 -0.0500684 -0.0500498 -0.0500734 -0.0500596 -0.0500778 -0.0500509 -0.0500562 -0.0500749 -0.0500498 -0.0500504
internal_weight=1.51651 0.77885 0.105982 0.0204911 0.737663 0.735573 0.00535829 0.0167128 0.00273727 0.730214 0.00705949 0.0139755 0.723155 0.196892 0.193476 0.0289188 0.0126655 0.00778612 0.164557 0.00643764 0.00390454 0.526262 0.00502088 0.023794 0.00512481 0.14596 0.0185975 0.00407617 0.524421 0.116346
internal_count=10000 339 303 290 9661 9646 79 273 49 9567 83 224 9484 2804 2765 573 209 127 2192 109 68 6680 88 454 119 1916 276 96 6658 1510
is_linear=0
shrinkage=0.05


Tree=63
num_leaves=31
num_cat=0
split_feature=2 2 7 3 3 7 8 7 8 20 13 9 2 8 7 9 20 20 7 14 9 13 8 11 3 5 8 12 5 5
split_gain=1.33962 0.0129273 0.0621729 2.43313e-06 5.51821e-07 5.96965e-08 8.16461e-09 6.84666e-09 2.23484e-08 5.43743e-09 1.98729e-09 8.21316e-10 4.45553e-10 3.91979e-10 1.55098e-10 1.47729e-10 2.01194e-10 1.46218e-10 5.33282e-11 4.05489e-11 3.24079e-11 2.88946e-11 2.54163e-11 2.14627e-11 1.78261e-11 1.7719e-11 2.38254e-11 2.51876e-11 1.59193e-11 1.13503e-11
threshold=1.2500000000000002 2.2500000000000004 9.3000000000000025 2.0500000000000003 1.5500000000000003 7.8000000000000016 4.3729694921891662 1.8750000000000002 5.5560014234527317 0.64550000000000007 1.5500000000000003 0.55000000000000016 1.0000000180025095e-35 3.9029887640186876 3.2250000000000005 0.69047619047619058 0.40050000000000008 0.33350000000000002 2.6250000000000004 1.8000000000000003 0.69047619047619058 1.5500000000000003 4.6602653974291437 16.310000000000006 1.0000000180025095e-35 1.3000000000000003 3.6216319573546527 1.1500000000000001 1.3000000000000003 1.3000000000000003
decision_type=2 2 2 2 2 2 2 2 2 2 2 2 2 2 2 2 2 2 2 2 2 2 2 2 2 2 2 2 2 2
left_child=4 2 3 6 5 7 10 12 11 -8 -2 -9 20 23 18 16 17 -14 22 25 28 -17 -13 -12 -22 26 -16 -28 -1 -18
right_child=1 -3 -4 -5 -6 -7 9 8 -10 -11 13 14 15 -15 19 21 29 -19 -20 -21 24 -23 -24 -25 -26 -27 27 -29 -30 -31
leaf_value=-0.050044852812375397 -0.050114940984797685 0.050058218660891565 0.050056855721308226 -0.051548925138824676 -0.050894051102053223 -0.050373714214333232 -0.050098226153469219 -0.050095809658030066 -0.05021549777632555 -0.050219082651606989 -0.050052702894389858 -0.050051687393473668 -0.050058151721889294 -0.050082168153699286 -0.05005365700012783 -0.050046801063393265 -0.050051143768396512 -0.050081833430836553 -0.050046446083777799 -0.050063674670970039 -0.050045591537604642 -0.050051966025050715 -0.050059656690883469 -0.050058745421171759 -0.050048874377188163 -0.050062670118446256 -0.050056548282892681 -0.050063216009639783 -0.050049697361045475 -0.050055204962132366
leaf_weight=0.23629246088239597 0.0018130282078345781 0.62623605504631996 0.079483699984848499 0.0034798326669260851 0.0019296136451885096 0.001398036583850625 0.0021261324400256845 0.0013107819977449245 0.0024277023294416713 0.0016551864282519091 0.0067270575709699187 0.0037250973800837528 0.0014054538005439099 0.0014447023131651813 0.0045723359908151906 0.006725303981511388 0.0039839725868660025 0.0012155198819527868 0.004708936256065499 0.0028411461498762938 0.39046595453692134 0.0045329518907237798 0.0013678699215233792 0.0018803252060024533 0.0041794824064709237 0.0012882466689916336 0.0055901959822222125 0.0018969786870002281 0.0017079826611734452 0.0030280782339104917
leaf_count=3195 28 36 17 15 15 78 31 17 37 20 137 61 23 21 101 96 63 18 81 71 5379 83 24 34 57 29 119 37 26 51
internal_value=4.91596e-08 0.0474085 0.0305815 -0.0503531 -0.0500497 -0.0500473 -0.0500871 -0.0500467 -0.0500701 -0.0501511 -0.0500668 -0.0500572 -0.0500456 -0.0500581 -0.0500552 -0.0500528 -0.0500573 -0.0500691 -0.0500503 -0.0500583 -0.0500453 -0.0500489 -0.0500538 -0.050054 -0.0500456 -0.0500571 -0.0500565 -0.0500582 -0.0500449 -0.0500529
internal_weight=1.41144 0.724846 0.09861 0.0191263 0.686594 0.684664 0.0156464 0.683266 0.0297293 0.00378132 0.0118651 0.0273016 0.653537 0.0100521 0.0259908 0.0208913 0.00963302 0.00262097 0.0098019 0.0161889 0.632646 0.0112583 0.00509297 0.00860738 0.394645 0.0133478 0.0120595 0.00748717 0.238 0.00701205
internal_count=10000 339 303 286 9661 9646 271 9568 577 51 220 540 8991 192 523 334 155 41 166 357 8657 179 85 171 5436 286 257 156 3221 114
is_linear=0
shrinkage=0.05


Tree=64
num_leaves=31
num_cat=0
split_feature=1 7 21 7 5 12 22 5 19 7 13 7 1 11 1 13 20 1 13 20 11 11 7 1 0 0 21 9 1 1
split_gain=1.18766 0.0506907 0.0104297 0.0431605 0.000462728 0.000684656 0.000141046 1.64464e-06 4.52753e-07 4.52355e-08 1.11485e-08 9.44538e-10 3.34644e-10 2.29984e-10 2.02994e-10 1.47617e-10 1.32911e-10 7.50439e-11 9.06143e-11 7.30354e-11 7.0915e-11 4.54031e-11 4.51844e-11 4.50908e-11 4.47975e-11 4.26343e-11 2.74542e-11 1.93415e-11 1.41031e-11 1.29955e-11
threshold=0.86211933658959194 9.8250000000000011 0.54375000000000007 1.0000000180025095e-35 2.5000000000000004 3.5500000000000003 2.5000000000000004 3.5000000000000004 0.53000000000000014 7.8000000000000016 1.5500000000000003 3.2250000000000005 0.73623722764153554 16.030000000000005 0.74200107251327996 1.0000000180025095e-35 0.4925000000000001 0.60908405236354046 1.0000000180025095e-35 0.38950000000000007 17.650000000000002 11.390000000000002 6.8250000000000011 0.6899041751943692 0.49475097656250006 0.49890136718750006 0.76100000000000012 0.81666666666666676 0.7938570754413915 0.56252755703614421
decision_type=2 2 2 2 2 2 2 2 2 2 2 2 2 2 2 2 2 2 2 2 2 2 2 2 2 2 2 2 2 2
left_child=1 9 3 7 5 -5 -4 10 -8 11 -2 12 17 16 22 -14 19 26 -19 -12 -16 -18 23 -13 -20 -17 27 -1 -27 -29
right_child=2 -3 6 4 -6 -7 8 -9 -10 -11 13 14 15 -15 20 25 21 18 24 -21 -22 -23 -24 -25 -26 28 -28 29 -30 -31
leaf_value=-0.050040550936080487 -0.050220223557019661 0.050050846464456566 0.048266576877010907 0.034426969466065598 0.050050840127950559 0.050050500236315493 0.04994776252878888 -0.051387210203928446 0.050052264237118629 -0.050337665903066348 -0.050059136465022205 -0.050047092681187191 -0.050063670986195255 -0.050076506856550032 -0.050057363343297551 -0.050043728435322545 -0.050058831847503149 -0.050047103523474593 -0.050041276339503588 -0.050074757217530831 -0.05007124017767875 -0.050047889355812482 -0.050059345696999283 -0.050053672004810215 -0.05004371632469639 -0.05004617674566933 -0.050047629629053438 -0.050041060070017351 -0.050049697796559614 -0.050042479176813218
leaf_weight=0.34783556453476194 0.0012894165047327997 0.01290571317076683 0.16404962023807457 0.01502208905731095 0.040814870968461037 0.013150950893759727 0.21398220447736094 0.0031260078540071854 0.20100930612534285 0.0012926832750963504 0.0015702225027780514 0.0073273752350360155 0.0012953220866620532 0.0024551350688852835 0.0020040124836668829 0.0092030180458095856 0.0016543626588827465 0.0085752640334249008 0.091805565007234691 0.0014295316723291762 0.0017030462840921246 0.0022201199135452043 0.0012783533893525609 0.0040399374156550039 0.02365914432448335 0.0047855161865300033 0.0014510439323203164 0.10387311086742557 0.0070091697161842603 0.019098735439911252
leaf_count=5054 7 23 37 63 7 2 25 2 15 55 32 173 22 39 53 148 32 138 1379 24 39 49 34 90 377 84 20 1551 136 290
internal_value=1.26326e-08 -0.0480522 0.0471351 0.030529 0.0466487 0.0417199 0.0495077 -0.0503792 0.0499984 -0.0500422 -0.0500824 -0.0500416 -0.0500413 -0.0500634 -0.0500534 -0.0500473 -0.0500587 -0.0500411 -0.0500421 -0.0500666 -0.0500637 -0.0500526 -0.0500504 -0.0500494 -0.0500418 -0.0500463 -0.0500408 -0.0500407 -0.0500483 -0.0500413
internal_weight=1.31092 0.649143 0.661774 0.0827327 0.0689879 0.028173 0.579041 0.0137448 0.414992 0.636237 0.0106188 0.634944 0.618591 0.00932937 0.0163527 0.022293 0.00687424 0.596298 0.12404 0.00299975 0.00370706 0.00387448 0.0126457 0.0113673 0.115465 0.0209977 0.472258 0.470807 0.0117947 0.122972
internal_count=10000 9666 334 257 72 65 77 185 40 9643 183 9588 9199 176 389 390 137 8809 1894 56 92 81 297 263 1756 368 6915 6895 220 1841
is_linear=0
shrinkage=0.05


Tree=65
num_leaves=31
num_cat=0
split_feature=2 2 20 3 3 13 0 5 16 21 0 9 21 9 13 0 13 11 2 22 12 2 20 21 0 3 9 20 20 12
split_gain=1.15344 0.0112032 0.053924 1.48382e-06 3.45263e-07 3.37268e-09 3.53501e-09 2.28995e-09 1.30004e-08 2.91254e-08 2.09581e-09 5.69683e-09 1.57412e-09 6.24308e-10 6.39523e-10 3.19245e-10 4.68877e-09 8.45187e-11 7.22853e-11 6.79904e-11 5.94188e-11 5.80938e-11 5.0475e-11 4.45017e-11 4.41235e-11 3.6716e-11 2.69329e-11 2.56956e-11 6.34897e-11 1.88259e-11
threshold=1.2500000000000002 2.2500000000000004 0.86050000000000015 2.0500000000000003 1.5500000000000003 1.5500000000000003 0.54516601562500011 1.0000000180025095e-35 0.45833333333333343 0.52958333333333341 0.38684082031250006 0.76388888888888895 0.43612500000000004 0.55000000000000016 2.3500000000000005 0.41174316406250006 1.0000000180025095e-35 17.270000000000007 1.0000000180025095e-35 2.5000000000000004 1.5500000000000003 1.0000000180025095e-35 0.87750000000000006 0.73745000000000005 0.50415039062500011 1.0000000180025095e-35 0.69047619047619058 0.47050000000000008 0.38950000000000007 1.5500000000000003
decision_type=2 2 2 2 2 2 2 2 2 2 2 2 2 2 2 2 2 2 2 2 2 2 2 2 2 2 2 2 2 2
left_child=4 2 3 5 7 6 -2 10 13 -10 11 -1 17 14 -9 16 -12 19 20 27 -15 22 23 25 -23 26 -17 28 -7 -28
right_child=1 -3 -4 -5 -6 12 -8 8 9 -11 15 -13 -14 18 -16 21 -18 -19 -20 -21 -22 24 -24 -25 -26 -27 29 -29 -30 -31
leaf_value=-0.050036630761010698 -0.050069980710227474 0.050048112271527792 0.049918350644854233 -0.0512862034070403 -0.050748055311802875 -0.050049411328872341 -0.050197555485754913 -0.050085996003562665 -0.050045176838149658 -0.050363914739734984 -0.050125430300362872 -0.05014798496120193 -0.050117921179771076 -0.05003911526219601 -0.050045763417404687 -0.050036726383659406 -0.050036783451806448 -0.050066281777761179 -0.050044842002856693 -0.050062902525481394 -0.050048596801800099 -0.050039447112324068 -0.050047733277962338 -0.050043211506661536 -0.050047858385268651 -0.050042090449321397 -0.050037415185743499 -0.050048816413001906 -0.050064343623676004 -0.050039601099866896
leaf_weight=0.0040482225595042101 0.0011649861662590419 0.538539775647223 0.06984485249267891 0.0030946960905566803 0.0017213448300026349 0.0019435531830822583 0.001017050635709893 0.001568284980749012 0.0023043997134664087 0.0010402488514955621 0.001617838046513497 0.0016035406479204539 0.001116947350965348 0.033711314139509341 0.0026682454663387034 0.18648825894342735 0.01912719797110185 0.0015204620103759234 0.0079994152947620023 0.0015760346468596254 0.0017375299285049542 0.0065933532314375043 0.0011566080393095026 0.0031383145214931565 0.0020420308246684726 0.0038693843453074797 0.29896849898432265 0.004058962113049347 0.0011232630567974411 0.010185456027102191
leaf_count=63 37 36 13 17 15 42 12 22 48 12 29 20 15 588 49 2932 298 27 167 29 62 128 24 55 39 68 4836 90 21 206
internal_value=-2.06251e-08 0.0473658 0.0306588 -0.0502986 -0.050041 -0.0500725 -0.0501294 -0.0500389 -0.050049 -0.0501443 -0.0500379 -0.0500682 -0.0500616 -0.0500423 -0.0500607 -0.0500376 -0.0500437 -0.0500554 -0.0500405 -0.0500535 -0.0500396 -0.0500374 -0.0500373 -0.0500373 -0.0500414 -0.0500372 -0.0500372 -0.0500514 -0.0500549 -0.0500375
internal_weight=1.21659 0.625001 0.0864608 0.016616 0.591589 0.0135213 0.00218204 0.589868 0.0510294 0.00334465 0.538839 0.00565176 0.0113392 0.0476848 0.00423653 0.533187 0.020745 0.0102223 0.0434483 0.00870181 0.0354488 0.512442 0.503807 0.50265 0.00863538 0.499512 0.495642 0.00712578 0.00306682 0.309154
internal_count=10000 339 303 290 9661 273 49 9646 948 60 8698 83 224 888 71 8615 327 209 817 182 650 8288 8121 8097 167 8042 7974 153 63 5042
is_linear=0
shrinkage=0.05


Tree=66
num_leaves=31
num_cat=0
split_feature=1 7 3 7 7 20 21 7 13 7 1 1 11 13 20 1 13 11 3 7 1 0 1 0 11 11 21 20 9 1
split_gain=1.01781 0.0434547 0.00943725 0.0387817 0.000263569 1.416e-05 3.19706e-08 2.33622e-08 8.16649e-09 5.49602e-10 1.92498e-10 1.14209e-10 1.13962e-10 8.48898e-11 7.08444e-11 4.32208e-11 5.214e-11 4.07624e-11 2.97551e-11 3.60162e-11 2.89564e-11 2.57659e-11 2.52091e-11 2.45217e-11 1.77338e-11 1.72875e-11 1.58105e-11 1.35636e-11 1.11297e-11 1.03578e-11
threshold=0.86211933658959194 9.8250000000000011 1.0000000180025095e-35 9.8250000000000011 1.0000000180025095e-35 0.63650000000000018 0.57625000000000015 7.5750000000000011 1.5500000000000003 3.2250000000000005 0.73623722764153554 0.74200107251327996 16.030000000000005 1.0000000180025095e-35 0.50350000000000017 0.60908405236354046 1.0000000180025095e-35 17.650000000000002 7.3500000000000005 9.3000000000000025 0.91013736484180552 0.49475097656250006 0.65262435610803671 0.49890136718750006 17.270000000000007 11.390000000000002 0.76100000000000012 0.82150000000000012 0.81666666666666676 0.6899041751943692
decision_type=2 2 2 2 2 2 2 2 2 2 2 2 2 2 2 2 2 2 2 2 2 2 2 2 2 2 2 2 2 2
left_child=1 7 3 6 -4 -6 8 9 -2 10 15 22 14 -12 20 26 -17 -13 19 -7 -10 -18 -11 -15 -14 -16 28 29 -1 -24
right_child=2 -3 4 -5 5 18 -8 -9 12 11 13 17 24 23 25 16 21 -19 -20 -21 -22 -23 27 -25 -26 -27 -28 -29 -30 -31
leaf_value=-0.050033222001263006 -0.050176355812228082 0.050041929231027273 0.047317501111889405 0.05004185688057864 0.049331563947571259 0.050041778440530052 -0.050351166367098611 -0.050253168141086657 -0.050049485512605352 -0.050038267953311968 -0.050052154150198105 -0.050046989422866311 -0.050056337973613946 -0.050035824259726219 -0.050048193748690351 -0.050038588577058167 -0.050033816698960357 -0.050058351693513171 0.050043661527355093 0.050043197699469112 -0.050058624745854201 -0.050035814756569111 -0.050039955157795413 -0.050039542404215556 -0.050064873972193336 -0.05004143439991348 -0.050039021905458531 -0.050048552177957277 -0.050033819499757638 -0.050044238570517111
leaf_weight=0.29840249005428632 0.0015204661831376151 0.011067016050219536 0.13926150347106159 0.042837133631110191 0.093152657442260534 0.078804244287312031 0.0010965278052026415 0.0012194302216812494 0.0017650244917604141 0.0039931400751811452 0.0011109565930382806 0.0017192428786074751 0.0010772620917123277 0.0078937342696008272 0.0015878289414104074 0.0073579773925303007 0.078752894409262808 0.0014593950327252969 0.09870479442179203 0.10329176113009453 0.0017028607107931748 0.020292603920097463 0.002548878710513236 0.010118877293280093 0.0013981948395667132 0.0023399518286169041 0.0012447209337551604 0.0010332857455068734 0.10549027951128664 0.00316233138073585
leaf_count=5054 14 23 6 6 25 34 10 60 40 110 22 53 22 148 36 138 1379 39 6 15 36 377 69 220 25 59 20 26 1841 87
internal_value=-5.16018e-09 -0.0480457 0.0470592 0.0274392 0.0491743 0.0498658 -0.0500933 -0.0500346 -0.0500685 -0.0500341 -0.0500338 -0.0500439 -0.0500519 -0.0500387 -0.0500488 -0.0500336 -0.0500345 -0.0500522 0.050043 0.0500426 -0.050054 -0.0500342 -0.0500414 -0.0500379 -0.0500612 -0.0500442 -0.0500334 -0.0500433 -0.0500334 -0.0500423
internal_weight=1.12541 0.556867 0.56854 0.0553253 0.513215 0.373953 0.0124881 0.5458 0.0113916 0.544581 0.530665 0.0139163 0.00987112 0.0191236 0.00739567 0.511541 0.106403 0.00317864 0.280801 0.182096 0.00346789 0.0990455 0.0107376 0.0180126 0.00247546 0.00392778 0.405137 0.0067445 0.403893 0.00571121
internal_count=10000 9666 334 248 86 80 242 9643 232 9583 9199 384 218 390 171 8809 1894 92 55 49 76 1756 292 368 47 95 6915 182 6895 156
is_linear=0
shrinkage=0.05


Tree=67
num_leaves=31
num_cat=0
split_feature=2 2 7 3 3 7 1 17 8 20 19 7 1 1 8 8 1 11 0 7 20 0 1 11 21 2 3 11 8 8
split_gain=0.985039 0.00988895 0.0470571 1.13147e-06 2.69122e-07 1.74789e-08 1.05137e-08 1.82383e-08 2.99424e-09 2.0601e-09 5.78086e-10 3.75856e-10 9.73108e-11 9.2587e-11 8.12153e-11 7.56657e-11 3.12127e-11 3.08312e-11 2.49969e-11 2.21854e-11 1.87885e-11 1.79639e-11 1.7896e-11 1.50546e-11 1.19679e-11 7.08908e-12 7.07029e-12 5.80715e-12 5.32273e-12 5.31053e-12
threshold=1.2500000000000002 2.2500000000000004 9.3000000000000025 2.0500000000000003 1.5500000000000003 7.5750000000000011 0.87812770045192978 -1.0000000180025095e-35 4.3729694921891662 0.64550000000000007 0.32550000000000007 3.2250000000000005 0.74200107251327996 0.74200107251327996 3.8011106031321513 3.336931683636585 0.60908405236354046 17.650000000000002 0.55981445312500011 1.8750000000000002 0.50550000000000017 0.49475097656250006 0.6899041751943692 17.810000000000006 0.76100000000000012 1.0000000180025095e-35 1.0000000180025095e-35 15.950000000000003 3.9336862871130989 3.4388851431842915
decision_type=2 2 2 2 2 2 2 2 2 2 2 2 2 2 2 2 2 2 2 2 2 2 2 2 2 2 2 2 2 2
left_child=4 2 3 8 5 6 11 15 10 -10 14 13 22 16 18 -8 24 -14 27 21 -20 -18 -13 25 26 -15 -1 -2 -24 -27
right_child=1 -3 -4 -5 -6 -7 7 -9 9 -11 -12 12 17 23 -16 -17 19 -19 20 -21 -22 -23 28 -25 -26 29 -28 -29 -30 -31
leaf_value=-0.050030199110523789 -0.050034917625799182 0.050040684375887129 0.050040376034813774 -0.051159978168134702 -0.050675507034406778 -0.05022894731357963 -0.05003969489367778 -0.05029110002885049 -0.050066028546013996 -0.050152019806791785 -0.050077152707175533 -0.050035300979649082 -0.050042545096297714 -0.050033224034975121 -0.050053134672722023 -0.050056901700785764 -0.050030769560431412 -0.05005283131050773 -0.050047372206546453 -0.050036001265859976 -0.050037815133162224 -0.050032456144849628 -0.050037623898890354 -0.050039967328017854 -0.050035330045188169 -0.050034410964382617 -0.050032486782944453 -0.050039165363654915 -0.050041586388476861 -0.050038013967924289
leaf_weight=0.36951425912411651 0.0034494697429181542 0.46054418943822384 0.059600810520350933 0.0029238408897072085 0.0016292331274598828 0.0011223483015783122 0.0016999749059323221 0.0010541495576035223 0.0015610622649546721 0.0012576026747410651 0.0012179893456050195 0.0063154177769320086 0.0015869999951974032 0.0077462346489483025 0.00102438815520145 0.0010236192756565288 0.076712359998055035 0.0013466281816363335 0.0010217352391919121 0.0023819333946448742 0.0010353892685088795 0.019879207975463942 0.0015492393322347198 0.0012169702458777474 0.0011493393139971877 0.0027768756590376142 0.0034086052182828999 0.0010493936424609274 0.0018710230324359145 0.0016189469133678358
leaf_count=6829 92 36 17 15 15 83 44 8 31 20 27 187 51 161 22 22 1452 37 24 60 29 397 46 25 20 64 64 26 56 40
internal_value=-5.23164e-08 0.0473124 0.0303651 -0.0502808 -0.0500339 -0.0500319 -0.0500314 -0.0501145 -0.0500595 -0.0501044 -0.0500452 -0.0500308 -0.0500393 -0.0500306 -0.05004 -0.0500462 -0.0500304 -0.0500473 -0.050038 -0.0500312 -0.0500426 -0.0500311 -0.0500369 -0.0500347 -0.0500302 -0.0500341 -0.0500302 -0.0500359 -0.0500398 -0.0500357
internal_weight=1.04029 0.534686 0.0741417 0.0145409 0.505603 0.503974 0.502852 0.00377774 0.011617 0.00281866 0.00879837 0.499074 0.0126693 0.486405 0.00758038 0.00272359 0.473046 0.00293363 0.00655599 0.0989735 0.00205712 0.0965916 0.00973568 0.013359 0.374072 0.0121421 0.372923 0.00449886 0.00342026 0.00439582
internal_count=10000 339 303 286 9661 9646 9563 74 271 51 220 9489 377 9112 193 66 8822 88 171 1909 53 1849 289 290 6913 265 6893 118 102 104
is_linear=0
shrinkage=0.05


Tree=68
num_leaves=31
num_cat=0
split_feature=2 2 7 3 3 7 1 13 8 20 13 7 8 1 1 13 20 1 13 11 1 0 1 21 9 1 11 1 9 8
split_gain=0.907634 0.00906371 0.0432395 8.44571e-07 2.01154e-07 1.30941e-08 7.85681e-09 1.32121e-08 2.24865e-09 1.54578e-09 4.70153e-10 2.83257e-10 9.35711e-11 7.3304e-11 6.9807e-11 2.84167e-11 2.68817e-11 2.3528e-11 2.99299e-11 2.32147e-11 1.34951e-11 1.28226e-11 1.04206e-11 9.01962e-12 6.32194e-12 5.93303e-12 5.5012e-12 4.21264e-12 4.11031e-12 4.01597e-12
threshold=1.2500000000000002 2.2500000000000004 9.3000000000000025 2.0500000000000003 1.5500000000000003 7.5750000000000011 0.87812770045192978 1.8000000000000003 4.3729694921891662 0.64550000000000007 1.5500000000000003 3.2250000000000005 3.8459950564407128 0.74200107251327996 0.74200107251327996 1.8000000000000003 0.50350000000000017 0.60908405236354046 1.0000000180025095e-35 17.650000000000002 0.6899041751943692 0.49475097656250006 0.86211933658959194 0.76100000000000012 0.81666666666666676 0.7938570754413915 15.210000000000003 0.56252755703614421 0.69047619047619058 3.9336862871130989
decision_type=2 2 2 2 2 2 2 2 2 2 2 2 2 2 2 2 2 2 2 2 2 2 2 2 2 2 2 2 2 2
left_child=4 2 3 8 5 6 11 -8 10 -10 -2 14 22 20 17 -16 -9 23 -19 -15 -13 28 -12 24 -1 -17 -24 -26 -20 -22
right_child=1 -3 -4 -5 -6 -7 7 16 9 -11 12 13 -14 19 15 25 -18 18 21 -21 29 -23 26 -25 27 -27 -28 -29 -30 -31
leaf_value=-0.050027214789873001 -0.050069451921644484 0.050036869869350645 0.050036351229290489 -0.051048226051949697 -0.05061076386243895 -0.050206862614091553 -0.050249626580971464 -0.050044278588538466 -0.050059734278293015 -0.050137419576421011 -0.050030904023589874 -0.050031938775987266 -0.05004978396280102 -0.050038492503987134 -0.050038977382843443 -0.050029676939764858 -0.050033641337349645 -0.050031611663045109 -0.050027287857381933 -0.050047794186890864 -0.050034040066153654 -0.050029238324733473 -0.050033837068091717 -0.050031964018437874 -0.050027556419248803 -0.05003203250415144 -0.050038228453887827 -0.0500285035915519 -0.050028068040959821 -0.050037626308018203
leaf_weight=0.25393528752647399 0.0012211484790896066 0.42434561345726252 0.054916710592806339 0.0026679347502067694 0.0014896581997163585 0.0010303029921487896 0.0010685264496714799 0.0010666260404832428 0.0014364419366756928 0.0011553914264368359 0.0024887098061299184 0.0058183551154797897 0.0010175226198043674 0.001461611054764945 0.0011145581593154938 0.0067804581158270594 0.0013402023359958548 0.0062058656640147083 0.031457022436370607 0.0012397311584209092 0.0014271477757574758 0.017104450862461817 0.0023523979216406588 0.0010588931909296653 0.075839644185180077 0.0044129616999271093 0.0010234501241939142 0.013889109077354078 0.036435604599319049 0.0017232494428753853
leaf_count=5053 28 36 17 15 15 83 8 26 31 20 69 187 22 51 25 152 40 138 633 37 46 373 72 20 1551 113 29 289 765 56
internal_value=-1.87024e-08 0.0473164 0.0304089 -0.0502524 -0.0500307 -0.0500288 -0.0500284 -0.0501033 -0.0500538 -0.0500944 -0.0500409 -0.0500279 -0.0500358 -0.0500355 -0.0500277 -0.0500314 -0.0500384 -0.0500275 -0.0500283 -0.0500428 -0.0500334 -0.050028 -0.0500334 -0.0500274 -0.0500273 -0.0500306 -0.0500352 -0.0500277 -0.0500277 -0.050036
internal_weight=0.958525 0.492625 0.0682797 0.013363 0.465899 0.46441 0.463379 0.00347535 0.0106951 0.00259183 0.00810323 0.459904 0.00688208 0.0116701 0.448234 0.012308 0.00240683 0.435926 0.0912029 0.00270134 0.00896875 0.0849971 0.00586456 0.344723 0.343664 0.0111934 0.00337585 0.0897288 0.0678926 0.0031504
internal_count=10000 339 303 286 9661 9646 9563 74 271 51 220 9489 192 377 9112 290 66 8822 1909 88 289 1771 170 6913 6893 265 101 1840 1398 102
is_linear=0
shrinkage=0.05


Tree=69
num_leaves=31
num_cat=0
split_feature=1 5 8 22 21 21 14 5 3 8 0 1 1 1 1 21 11 5 8 8 19 21 0 0 9 21 0 8 1 9
split_gain=0.795912 0.0330264 0.0075615 0.0235533 0.000495937 0.000880652 0.0012834 0.002101 1.67127e-07 6.99305e-10 6.41487e-10 1.79581e-09 1.81692e-10 7.16405e-10 1.00933e-10 5.56166e-11 4.61714e-11 3.74218e-11 2.07369e-11 1.9727e-11 1.96451e-11 1.67623e-11 1.66884e-11 1.50296e-11 1.40618e-11 1.05244e-11 6.79588e-12 5.58525e-12 5.28366e-12 4.35008e-12
threshold=0.86211933658959194 2.5000000000000004 4.5104222072709783 2.5000000000000004 0.61265000000000003 0.54375000000000007 3.3500000000000005 7.9000000000000012 1.5500000000000003 3.6076403959519769 0.38684082031250006 0.63051698362430686 0.60042747489695947 0.60173033069635184 0.74200107251327996 0.37950000000000006 16.210000000000004 1.0000000180025095e-35 4.3167093310642022 3.8324834112099095 0.52450000000000008 0.76100000000000012 0.50415039062500011 0.55981445312500011 0.76388888888888895 0.48425000000000007 0.49475097656250006 3.87489109346342 0.67475229868080355 0.81666666666666676
decision_type=2 2 2 2 2 2 2 2 2 2 2 2 2 2 2 2 2 2 2 2 2 2 2 2 2 2 2 2 2 2
left_child=1 10 3 8 5 6 7 -4 9 16 11 -1 21 -14 17 18 23 20 -16 -17 24 29 -20 -2 26 -26 -15 -19 -29 -12
right_child=2 -3 4 -5 -6 -7 -8 -9 -10 -11 12 -13 13 14 15 19 -18 27 22 -21 -22 -23 -24 -25 25 -27 -28 28 -30 -31
leaf_value=-0.05002464074609872 -0.050029389558643902 0.047270383575498121 0.018673382737962953 0.046326824427271346 0.049891320353696353 0.050032556601668381 0.050031911398620156 0.050031702917626014 -0.050627032329010446 -0.05007124531387841 -0.050024630855928245 -0.050098458002820784 -0.050056951129754869 -0.050024936768474915 -0.050028073439634162 -0.050032233049397558 -0.050043174111676185 -0.050028062229784731 -0.050028874529428884 -0.050041049188280465 -0.050031594673108172 -0.050031022870263668 -0.05003738898082602 -0.050036239767010632 -0.05002614711091366 -0.050028967988681998 -0.050026233023665434 -0.050028590725196581 -0.050032471435363102 -0.050025057645891428
leaf_weight=0.0029417903879220822 0.0025736394254636252 0.0089037755387835205 0.012577419838635251 0.029213651056124945 0.31713556154863909 0.051382562145590782 0.017952929250895977 0.0092844609171152115 0.0015119333402253687 0.0017259349187952466 0.22309764869896753 0.0011444476203905651 0.0019737432121473822 0.051484275254551903 0.011017166951205581 0.0011671976553770938 0.0011003353320120368 0.0053337593362812186 0.0011101402360509391 0.0013903491108067101 0.0013805118069285518 0.0010670299889170556 0.0011949587697017705 0.0011623537466221023 0.021137698375241598 0.0039196166362671639 0.012582346693307045 0.0016700463111192221 0.0018473157942935359 0.081521385609448771
leaf_count=64 85 10 47 39 32 9 2 1 15 38 4832 19 39 1144 297 48 30 148 32 54 47 22 31 36 508 131 296 52 65 1827
internal_value=2.86112e-08 -0.0480381 0.0469887 0.0254354 0.0489569 0.0457075 0.0401258 0.0319909 -0.0501531 -0.0500439 -0.0500256 -0.0500453 -0.0500254 -0.0500271 -0.0500266 -0.0500303 -0.0500342 -0.050026 -0.050029 -0.050037 -0.0500257 -0.0500248 -0.0500333 -0.0500315 -0.0500256 -0.0500266 -0.0500252 -0.0500291 -0.0500306 -0.0500247
internal_weight=0.881506 0.435885 0.445621 0.0372878 0.408333 0.0911974 0.0398148 0.0218619 0.0080742 0.00656226 0.426981 0.00408624 0.422895 0.117209 0.115235 0.0158798 0.00483633 0.0993556 0.0133223 0.00255755 0.0905044 0.305686 0.0023051 0.00373599 0.0891239 0.0250573 0.0640666 0.00885112 0.00351736 0.304619
internal_count=10000 9666 334 243 91 59 50 48 204 189 9656 83 9573 2892 2853 462 151 2391 360 102 2126 6681 63 121 2079 639 1440 265 117 6659
is_linear=0
shrinkage=0.05


Tree=70
num_leaves=31
num_cat=0
split_feature=2 2 20 3 3 1 0 8 20 0 1 11 1 1 1 21 5 20 9 11 11 21 1 20 21 21 0 5 1 1
split_gain=0.766671 0.00789176 0.0368207 5.52706e-07 1.31078e-07 6.25971e-09 8.32435e-09 1.55747e-09 9.56837e-10 4.80888e-10 1.3433e-09 1.77448e-10 1.23599e-10 5.37867e-10 7.10631e-11 5.42386e-11 3.08165e-11 2.61761e-11 1.29379e-11 1.18002e-11 1.16934e-11 1.0864e-11 1.02293e-11 1.37832e-11 8.73832e-12 4.84603e-12 4.13616e-12 3.8441e-12 3.3893e-12 3.3192e-12
threshold=1.2500000000000002 2.2500000000000004 0.86050000000000015 2.0500000000000003 1.5500000000000003 0.87812770045192978 0.51391601562500011 4.3729694921891662 0.63850000000000018 0.38684082031250006 0.63051698362430686 16.310000000000006 0.60042747489695947 0.60173033069635184 0.74200107251327996 0.39050000000000007 1.0000000180025095e-35 0.52750000000000019 0.76388888888888895 15.990000000000002 17.810000000000006 0.75550000000000006 0.86211933658959194 0.48050000000000009 0.4825000000000001 0.45575000000000004 0.49475097656250006 1.0000000180025095e-35 0.6719872246224976 0.6899041751943692
decision_type=2 2 2 2 2 2 2 2 2 2 2 2 2 2 2 2 2 2 2 2 2 2 2 2 2 2 2 2 2 2
left_child=4 2 3 7 5 9 -7 11 -9 10 -1 22 21 -14 16 20 18 -8 26 -17 27 -11 -2 -24 -20 -18 -15 -16 -27 -26
right_child=1 -3 -4 -5 -6 6 17 8 -10 12 -12 -13 13 14 15 19 25 -19 24 -21 -22 -23 23 -25 29 28 -28 -29 -30 -31
leaf_value=-0.05002231918253195 -0.050026367535227871 0.050030966606091347 0.049888309865639947 -0.05090792392502317 -0.050526456272355802 -0.050210316652504333 -0.050041404844499843 -0.050050624556423118 -0.050116395353234845 -0.050022413919484192 -0.05008895795265858 -0.050046649315520622 -0.050051451209101719 -0.05002259292152076 -0.05002465147922687 -0.050031134768712529 -0.0500254914638288 -0.050029970869974377 -0.050023735763653376 -0.050038695591861804 -0.050030697952951945 -0.050027307087615824 -0.05003472564489473 -0.050027486691623796 -0.05002541435527609 -0.050026708831311099 -0.050023652558069981 -0.050026734809736961 -0.050030122564076324 -0.05002861820045014
leaf_weight=0.002702459556530811 0.0023172310793597717 0.35878194682300091 0.046607110263721552 0.0023342330241575846 0.0013008087989874175 0.0010353377310821079 0.0010014715389843332 0.0011595534742809832 0.0010571125749265775 0.27959395881589444 0.0010500918251636904 0.0019340839698998025 0.0018118299612979163 0.047361007160361623 0.0058285224495193688 0.0010378540646343035 0.0046589285848313003 0.0010007428663811879 0.019807912060059607 0.00102640060322301 0.0011929514639632552 0.0011389846658857996 0.0012510957476479234 0.0013860726357961539 0.0031326597800216396 0.0018410769371257629 0.011432192477514036 0.0035706706512428354 0.0012016657128697261 0.0010895808754867176
leaf_count=64 74 36 13 17 15 13 29 32 20 6654 19 55 39 1148 161 43 144 37 524 45 36 26 41 51 108 59 292 110 49 46
internal_value=8.51877e-09 0.0472637 0.0301594 -0.0502215 -0.0500254 -0.0500237 -0.0500952 -0.0500455 -0.050082 -0.0500232 -0.050041 -0.0500338 -0.050023 -0.0500244 -0.050024 -0.0500275 -0.0500235 -0.0500357 -0.0500232 -0.0500349 -0.050026 -0.0500224 -0.0500288 -0.0500309 -0.0500242 -0.0500265 -0.0500228 -0.0500254 -0.0500281 -0.0500262
internal_weight=0.810646 0.416828 0.0580465 0.0114394 0.393817 0.392516 0.00303755 0.00910515 0.00221667 0.389479 0.00375255 0.00688848 0.385726 0.104993 0.103181 0.0126564 0.090525 0.00200221 0.0828234 0.00206425 0.0105921 0.280733 0.0049544 0.00263717 0.0240302 0.00770167 0.0587932 0.00939919 0.00304274 0.00422224
internal_count=10000 339 303 290 9661 9646 79 273 52 9567 83 221 9484 2804 2765 395 2370 66 2118 88 307 6680 166 92 678 252 1440 271 108 154
is_linear=0
shrinkage=0.05


Tree=71
num_leaves=31
num_cat=0
split_feature=1 7 8 22 21 21 14 5 21 7 13 7 1 1 13 8 1 13 11 1 0 0 8 8 9 9 1 21 11 9
split_gain=0.669326 0.0286774 0.00643604 0.0196317 0.000466244 0.000834798 0.00120451 0.00191641 9.32086e-08 3.97596e-09 5.97597e-10 1.30046e-10 4.70003e-11 2.92977e-11 1.61945e-11 1.08423e-11 1.05695e-11 1.30834e-11 9.76539e-12 7.55709e-12 6.25494e-12 5.4854e-12 7.01336e-12 5.43644e-12 5.87601e-12 3.20166e-12 2.4481e-12 2.70938e-12 1.9911e-12 1.65015e-12
threshold=0.86211933658959194 9.8250000000000011 4.5104222072709783 2.5000000000000004 0.61265000000000003 0.54375000000000007 3.3500000000000005 7.9000000000000012 0.77950000000000019 7.3500000000000005 2.3500000000000005 3.2250000000000005 0.73623722764153554 0.74200107251327996 1.5500000000000003 3.4645814343260892 0.60908405236354046 1.0000000180025095e-35 17.390000000000004 0.65262435610803671 0.49475097656250006 0.49890136718750006 3.9912232742896272 3.9336862871130989 0.81666666666666676 0.81666666666666676 0.56252755703614421 0.48587500000000006 15.390000000000002 0.69047619047619058
decision_type=2 2 2 2 2 2 2 2 2 2 2 2 2 2 2 2 2 2 2 2 2 2 2 2 2 2 2 2 2 2
left_child=1 9 3 8 5 6 7 -4 10 11 -2 12 16 19 -14 28 25 -18 -15 -13 29 -16 -23 -21 -25 -1 -27 -28 -12 -19
right_child=2 -3 4 -5 -6 -7 -8 -9 -10 -11 15 13 14 18 21 -17 17 20 -20 23 -22 22 -24 24 -26 26 27 -29 -30 -31
leaf_value=-0.050020183181868676 -0.050065189921966013 0.050026666381198931 0.017610875194836839 0.045972685231531349 0.049870138860935782 0.050027365471585407 0.05002662729143538 0.050026820568246345 -0.050512976889552676 -0.050113420194579365 -0.050024378303693551 -0.050022878446063151 -0.050029099679863402 -0.050028530847574783 -0.050021732822833037 -0.05003112166113876 -0.05002348214365282 -0.050020238052762615 -0.050035361377933275 -0.050024251510716045 -0.050021754641006388 -0.050023105166045724 -0.050027244020754286 -0.05003020749830011 -0.050025327875952444 -0.05002044921197895 -0.050020859722643619 -0.05002279413969335 -0.050027076644783078 -0.050020803483857547
leaf_weight=0.1968866735278425 0.0013276476056489619 0.0073080500587820998 0.010948998042294988 0.024620015370601323 0.26649837422883138 0.043929488863795996 0.015258385334163904 0.007812943309545517 0.0012572683626785874 0.0011597681404964524 0.0021489669143193169 0.0024622942037240136 0.0011867223656736323 0.0010748486256488832 0.0050525598271633498 0.001041254477968323 0.0048488025622646083 0.024025032200370333 0.0010196617513429374 0.001779089581759763 0.0133671003713971 0.005074636928839027 0.0012821481941500679 0.0012911438298033318 0.0011815158159151906 0.059139172075447277 0.0087124472429422894 0.0022848310818517356 0.0010026305444625905 0.02787417292711325
leaf_count=5059 43 23 47 39 32 9 2 1 4 83 84 104 35 48 144 36 138 624 40 73 377 168 43 47 49 1561 233 62 37 755
internal_value=3.09809e-08 -0.0480288 0.0468998 0.0252284 0.0488752 0.0454739 0.0395941 0.0311097 -0.0501244 -0.050021 -0.050036 -0.0500207 -0.0500205 -0.0500267 -0.0500235 -0.0500267 -0.0500204 -0.050021 -0.0500319 -0.0500251 -0.0500208 -0.050023 -0.0500239 -0.0500264 -0.0500279 -0.0500203 -0.0500206 -0.0500213 -0.0500252 -0.0500205
internal_weight=0.742857 0.367011 0.375846 0.0313978 0.344448 0.0779498 0.0340203 0.0187619 0.00677777 0.359703 0.0055205 0.358543 0.349734 0.00880855 0.0125961 0.00419285 0.337138 0.0701151 0.00209451 0.00671404 0.0652663 0.0114093 0.00635679 0.00425175 0.00247266 0.267023 0.0701365 0.0109973 0.0031516 0.0518992
internal_count=10000 9666 334 243 91 59 50 48 204 9643 200 9560 9199 361 390 157 8809 1894 88 273 1756 355 211 169 96 6915 1856 295 121 1379
is_linear=0
shrinkage=0.05


Tree=72
num_leaves=31
num_cat=0
split_feature=2 2 7 3 3 1 8 7 8 8 7 1 1 1 20 1 7 1 8 9 9 2 1 21 8 17 9 1 21 8
split_gain=0.643082 0.00699479 0.0314913 3.61715e-07 8.56149e-08 5.02457e-09 5.87074e-09 2.96725e-09 1.09566e-09 1.06532e-10 8.54474e-11 2.55446e-11 2.39185e-11 1.30802e-11 1.11384e-11 7.56956e-12 5.74954e-12 4.13764e-12 3.81741e-12 3.16377e-12 2.39e-12 2.38708e-12 1.81341e-12 2.04804e-12 1.58058e-12 1.46412e-12 1.39705e-12 1.28054e-12 1.16615e-12 1.07219e-12
threshold=1.2500000000000002 2.2500000000000004 9.3000000000000025 2.0500000000000003 1.5500000000000003 0.87812770045192978 3.9173273040301857 7.3500000000000005 4.3729694921891662 3.6076403959519769 3.2250000000000005 0.74200107251327996 0.74200107251327996 0.86211933658959194 0.48050000000000009 0.60908405236354046 1.8750000000000002 0.6899041751943692 4.6602653974291437 0.69047619047619058 0.81666666666666676 1.0000000180025095e-35 0.56252755703614421 0.48587500000000006 4.1162989105216115 -1.0000000180025095e-35 0.84523809523809534 0.6899041751943692 0.46625000000000005 3.336931683636585
decision_type=2 2 2 2 2 2 2 2 2 2 2 2 2 2 2 2 2 2 2 2 2 2 2 2 2 2 2 2 2 2
left_child=4 2 3 8 5 7 -7 10 9 13 12 17 15 -2 -15 20 19 -12 21 25 28 -14 -22 -24 -19 -17 27 -21 -1 -23
right_child=1 -3 -4 -5 -6 6 -8 -9 -10 -11 11 -13 18 14 -16 16 -18 24 -20 26 22 29 23 -25 -26 -27 -28 -29 -30 -31
leaf_value=-0.050018242686004293 -0.050021368399472299 0.050025903571553225 0.050025456277605677 -0.050787499951679506 -0.050455240416267567 -0.050026428677206136 -0.050178088775728061 -0.050102495518091511 -0.050070909042730719 -0.050040569700619292 -0.050021268397346642 -0.050028852658691364 -0.050020073155659664 -0.050030379979767808 -0.050023698940628386 -0.050020198640871039 -0.050021985573868347 -0.050022707169009431 -0.05002384964713999 -0.050018905261252022 -0.050018524495126442 -0.050021169955368684 -0.05001888968509538 -0.050020648323990696 -0.050025452238321777 -0.050018435420997376 -0.050019893709616625 -0.05001972262361204 -0.050018679257766055 -0.050023201859076195
leaf_weight=0.16335268652983359 0.0019956157357228221 0.3021509344689548 0.03827999159693718 0.002033842320088298 0.0011313237482681862 0.001566914461363921 0.0010764826529339189 0.0010600273762975112 0.0020041988664161181 0.0013140692517481511 0.0039228987661772408 0.0019181855659553548 0.0047953691155271372 0.0011617380514508113 0.0013473672552208882 0.0012317593209445468 0.0015582710384478551 0.0010984388845827198 0.0011433528088673484 0.022722572819475317 0.05414295138871239 0.0017836401530075818 0.0079387644527741941 0.0020916552293783761 0.0010033935268438654 0.026652998161807773 0.0064121318173420141 0.0060724674931407199 0.01687656873036758 0.0010208181593043264
leaf_count=4581 74 36 17 15 15 63 16 100 51 44 179 85 151 43 59 39 60 48 39 667 1561 63 232 62 43 760 195 188 477 37
internal_value=-5.04529e-08 0.0472058 0.0295039 -0.0501935 -0.050021 -0.0500195 -0.0500882 -0.050019 -0.050039 -0.050028 -0.0500187 -0.0500238 -0.0500186 -0.0500244 -0.0500268 -0.0500185 -0.050019 -0.0500222 -0.0500212 -0.0500189 -0.0500184 -0.0500208 -0.0500186 -0.0500193 -0.050024 -0.0500185 -0.0500192 -0.0500191 -0.0500183 -0.0500219
internal_weight=0.680861 0.350288 0.0481368 0.00985683 0.330574 0.329442 0.0026434 0.326799 0.00782299 0.00581879 0.325739 0.00794292 0.317796 0.00450472 0.00250911 0.309053 0.0646502 0.00602473 0.00874318 0.0630919 0.244403 0.00759983 0.0641734 0.0100304 0.00210183 0.0278848 0.0352072 0.028795 0.180229 0.00280446
internal_count=10000 339 303 286 9661 9646 79 9567 271 220 9467 355 9112 176 102 8822 1909 270 290 1849 6913 251 1855 294 91 799 1050 855 5058 100
is_linear=0
shrinkage=0.05


Tree=73
num_leaves=31
num_cat=0
split_feature=1 7 3 7 22 8 11 7 8 1 7 11 1 1 8 14 1 20 5 1 9 9 5 1 5 1 7 9 1 8
split_gain=0.558649 0.0244258 0.00550672 0.0223503 0.000296016 0.000401911 4.27887e-09 1.89884e-09 8.41182e-10 4.42475e-10 6.46658e-11 2.84059e-11 2.6362e-11 1.83571e-11 6.73162e-12 6.62051e-12 5.92082e-12 4.37537e-12 4.09051e-12 3.32368e-12 2.45224e-12 1.79487e-12 1.72126e-12 1.37436e-12 1.14418e-12 9.64468e-13 8.62198e-13 7.55177e-13 5.26523e-13 4.75917e-13
threshold=0.86211933658959194 9.8250000000000011 1.0000000180025095e-35 9.8250000000000011 2.5000000000000004 6.0416093941841593 17.510000000000005 6.8250000000000011 3.9173273040301857 0.92973252197180323 3.2250000000000005 15.550000000000002 0.73623722764153554 0.74200107251327996 4.3167093310642022 1.5500000000000003 0.60908405236354046 0.48050000000000009 1.0000000180025095e-35 0.6899041751943692 0.69047619047619058 0.81666666666666676 1.0000000180025095e-35 0.56252755703614421 1.0000000180025095e-35 0.6873990952604464 1.0000000180025095e-35 0.81666666666666676 0.50706044527175165 3.450393119877655
decision_type=2 2 2 2 2 2 2 2 2 2 2 2 2 2 2 2 2 2 2 2 2 2 2 2 2 2 2 2 2 2
left_child=1 7 3 6 5 -4 8 10 11 -10 12 17 16 19 22 -6 21 -2 20 24 -18 28 -14 -23 -12 27 -20 -22 -1 -24
right_child=2 -3 4 -5 15 -7 -8 -9 9 -11 13 -13 14 -15 -16 -17 18 -19 26 -21 25 23 29 -25 -26 -27 -28 -29 -30 -31
leaf_value=-0.050016457567383259 -0.050024650594136771 0.050022412173432222 0.042958548399394197 0.050022625132188719 0.05002313952047252 0.050023066788158821 -0.050145341988671113 -0.050079855219256564 -0.050041035919934432 -0.050086824403965183 -0.050018544869231053 -0.050031995269712165 -0.050018075571440793 -0.050026103990758457 -0.0500220344250807 0.050023711353475331 -0.050016703612347682 -0.050020771148099288 -0.050018335461914532 -0.050021885782378275 -0.050017107811750977 -0.050016760780244043 -0.050019158910265593 -0.05001742644704691 -0.050020398533560273 -0.050017923603924042 -0.050020052122769144 -0.05001783935164375 -0.050016636569546614 -0.050020411303474101
leaf_weight=0.086040372032584855 0.0012063519970979533 0.0062279533594846717 0.040845832030754536 0.024201896507292986 0.0972113236784935 0.039701789617538452 0.0010953091186820529 0.0012045284911437184 0.0010673595843400108 0.0010433706847834401 0.0020792043906112658 0.0010096059359057108 0.0047912427235132782 0.0017509312201582361 0.0018466381770849702 0.10560245579108596 0.02393899078015238 0.0018283248373336392 0.0027046654286095864 0.0019070156686211703 0.020305761205236195 0.049456768339950941 0.0028602244601643179 0.0091957805707352236 0.0013883498359064106 0.0064094914505403713 0.0010025698011304485 0.0042696771051851093 0.078621091575769242 0.0010323509213776561
leaf_count=2620 52 23 38 6 26 6 25 97 28 18 106 36 167 84 68 16 748 83 90 90 654 1561 113 295 67 218 41 143 2439 42
internal_value=-1.00232e-07 -0.047988 0.0468018 0.026953 0.049005 0.0464406 -0.0500543 -0.0500172 -0.0500381 -0.0500637 -0.050017 -0.0500247 -0.0500168 -0.0500217 -0.0500193 0.0500234 -0.0500167 -0.0500223 -0.0500172 -0.0500202 -0.0500171 -0.0500166 -0.0500187 -0.0500169 -0.0500193 -0.0500174 -0.0500188 -0.0500172 -0.0500165 -0.0500195
internal_weight=0.621847 0.307034 0.314814 0.0314522 0.283361 0.0805476 0.00725032 0.300806 0.00615501 0.00211073 0.299601 0.00404428 0.292476 0.0071255 0.0105305 0.202814 0.281945 0.00303468 0.0586312 0.00537457 0.0549239 0.223314 0.00868382 0.0586525 0.00346755 0.0309849 0.00370724 0.0245754 0.164661 0.00389258
internal_count=10000 9666 334 248 86 44 242 9643 217 46 9546 171 9199 347 390 42 8809 135 1894 263 1763 6915 322 1856 173 1015 131 797 5059 155
is_linear=0
shrinkage=0.05


Tree=74
num_leaves=31
num_cat=0
split_feature=2 2 7 3 3 1 8 7 8 8 7 1 1 1 13 1 13 1 0 1 21 1 13 1 5 7 3 1 1 13
split_gain=0.535874 0.00602697 0.0266341 2.64316e-07 6.38269e-08 2.76005e-09 2.59147e-09 1.39564e-09 6.07927e-10 5.91608e-11 4.7493e-11 1.40601e-11 1.33598e-11 7.28198e-12 5.15586e-12 4.22823e-12 5.51859e-12 2.37209e-12 2.28027e-12 1.30198e-12 1.14161e-12 1.91716e-12 1.30681e-12 8.18933e-13 7.24837e-13 6.14219e-13 5.72237e-13 2.9384e-13 2.83855e-13 2.5024e-13
threshold=1.2500000000000002 2.2500000000000004 9.3000000000000025 2.0500000000000003 1.5500000000000003 0.87812770045192978 3.7200072974857066 7.0500000000000016 4.3729694921891662 3.6076403959519769 3.2250000000000005 0.74200107251327996 0.74200107251327996 0.86211933658959194 2.3500000000000005 0.60908405236354046 1.0000000180025095e-35 0.6899041751943692 0.49475097656250006 0.92973252197180323 0.46416666666666667 0.55841970335894009 2.3500000000000005 0.81591072250600349 1.0000000180025095e-35 1.8750000000000002 1.0000000180025095e-35 0.66709134459288133 0.56865154585790145 4.7500000000000009
decision_type=2 2 2 2 2 2 2 2 2 2 2 2 2 2 2 2 2 2 2 2 2 2 2 2 2 2 2 2 2 2
left_child=4 2 3 8 5 7 -7 10 9 13 12 17 15 -2 -14 20 25 24 -18 -15 26 -22 28 -16 -12 -17 -1 29 -23 -20
right_child=1 -3 -4 -5 -6 6 -8 -9 -10 -11 11 -13 14 19 23 16 18 -19 27 -21 21 22 -24 -25 -26 -27 -28 -29 -30 -31
leaf_value=-0.050015004491328757 -0.050017509215451131 0.050022348150436359 0.05002182299080863 -0.050707303595934755 -0.05040903903275095 -0.050021915031711862 -0.050130952220072328 -0.05007320776515433 -0.050057993939626594 -0.050033197805872447 -0.050016794717631125 -0.05002363536593022 -0.050020377506586493 -0.050023148071380003 -0.050016426074977222 -0.050017010965501651 -0.05001525112924432 -0.050019722435904967 -0.050015546858272433 -0.05002065013945603 -0.050015138343171818 -0.050017353354534978 -0.050015106312273162 -0.050017777080916752 -0.050018348426807968 -0.050018430062163159 -0.050016057953049302 -0.050016387017039865 -0.050016412202910504 -0.050016225696758281
leaf_weight=0.17507913145527709 0.0016627305394649738 0.2521123830229044 0.031901535112410784 0.0018633722211234272 0.00103682285407558 0.0011901933794433708 0.0010051089975604555 0.0010454377461428513 0.0016634436087770155 0.0010928684605460148 0.0018970932524098308 0.0015966146802384173 0.00116854019324819 0.0010817170023074141 0.0046369788215088192 0.002584903490060241 0.040119915738614509 0.0017136323895101668 0.0030864718501106836 0.0010075415539176902 0.021397153162979521 0.0011124193224532055 0.0019912079551431816 0.0014796143132116413 0.0012421640021784697 0.0010815301411639666 0.0012987325499125282 0.0045917474199086428 0.0028632547473534942 0.0024235801829490811
leaf_count=5934 74 36 17 15 15 55 24 112 51 44 106 82 45 50 180 90 1398 89 110 52 727 37 68 65 66 48 45 174 102 89
internal_value=-2.23664e-08 0.0471532 0.0291922 -0.0501822 -0.0500175 -0.050016 -0.0500718 -0.0500155 -0.0500319 -0.050023 -0.0500153 -0.0500196 -0.0500152 -0.05002 -0.0500173 -0.0500152 -0.0500156 -0.0500182 -0.0500154 -0.0500219 -0.0500151 -0.0500154 -0.0500162 -0.0500168 -0.0500174 -0.0500174 -0.050015 -0.0500161 -0.0500167 -0.0500158
internal_weight=0.568028 0.292386 0.0402732 0.00837167 0.275642 0.274605 0.0021953 0.27241 0.0065083 0.00484486 0.271365 0.0064495 0.264915 0.00375199 0.00728513 0.25763 0.0538881 0.00485289 0.0502217 0.00208926 0.203742 0.027364 0.00596688 0.00611659 0.00313926 0.00366643 0.176378 0.0101018 0.00397567 0.00551005
internal_count=10000 339 303 286 9661 9646 79 9567 271 220 9455 343 9112 176 290 8822 1909 261 1771 102 6913 934 207 245 172 138 5979 373 139 199
is_linear=0
shrinkage=0.05


Tree=75
num_leaves=31
num_cat=0
split_feature=2 2 7 5 1 13 1 7 8 11 7 1 1 13 1 13 1 0 1 9 1 17 5 9 9 1 1 1 9 11
split_gain=0.488006 0.00546111 0.0241935 1.74359e-07 3.67547e-08 1.98292e-08 2.28464e-09 7.3602e-10 4.77686e-10 4.48347e-11 2.91694e-11 9.95576e-12 7.50924e-12 3.84193e-12 3.15067e-12 4.11037e-12 2.5469e-12 1.70395e-12 1.62836e-12 9.90874e-13 7.57033e-13 6.9101e-13 5.95633e-13 5.43308e-13 4.27448e-13 3.86923e-13 3.86879e-13 2.90962e-13 2.62887e-13 2.04857e-13
threshold=1.2500000000000002 2.2500000000000004 9.3000000000000025 5.8000000000000007 0.95378196326636899 1.0000000180025095e-35 0.87812770045192978 6.6000000000000005 4.3729694921891662 16.310000000000006 3.2250000000000005 0.74200107251327996 0.74200107251327996 2.3500000000000005 0.60908405236354046 1.0000000180025095e-35 0.91013736484180552 0.49475097656250006 0.6899041751943692 0.81666666666666676 0.56252755703614421 -1.0000000180025095e-35 1.0000000180025095e-35 0.69047619047619058 0.69047619047619058 0.69249079469664465 0.64104479504003364 0.50706044527175165 0.69047619047619058 17.330000000000002
decision_type=2 2 2 2 2 2 2 2 2 2 2 2 2 2 2 2 2 2 2 2 2 2 2 2 2 2 2 2 2 2
left_child=4 2 3 5 6 -2 7 10 9 16 11 14 18 -13 19 26 -7 23 22 27 -21 -15 -12 -17 -19 -25 -16 -1 -29 -30
right_child=1 -3 -4 -5 -6 8 -8 -9 -10 -11 12 13 -14 21 15 17 -18 24 -20 20 -22 -23 -24 25 -26 -27 -28 28 29 -31
leaf_value=-0.050013486674191802 -0.050270804687174625 0.050020334488610312 0.050019684930502697 -0.050750686389146496 -0.05029008753537742 -0.050016260767720658 -0.050071927715804737 -0.050048942118963935 -0.050054879573640201 -0.05002877537584121 -0.050015173835077281 -0.050018437131903987 -0.050020953196595469 -0.050015887759958799 -0.050015216966435828 -0.050013591572414244 -0.050019332365145323 -0.050014169154319311 -0.050017861145708088 -0.050013734110967913 -0.050014276908129034 -0.050014732922172012 -0.050016705763932107 -0.050013877613098001 -0.050014857310219742 -0.050014468642391591 -0.050016293845693088 -0.050013529291825856 -0.050013681811500878 -0.050014046015852388
leaf_weight=0.071514856994326692 0.0010021013986261087 0.22957209357991815 0.029049229342490435 0.0010852626292034984 0.0012154327851021654 0.0019183335571142379 0.0017178552407131056 0.0015036842160043298 0.0013497218351403717 0.0012070125012542121 0.0016451130204586653 0.001063766238075913 0.0012240799187566154 0.0020494966720434604 0.0016254571510216911 0.016932818767600111 0.0010411569946882082 0.0039691703477728879 0.0014159710262902081 0.041104172987616039 0.0076134630908200043 0.0035201884202251676 0.0010329002761864103 0.016267662123937043 0.0052299475137260742 0.0033372598518326404 0.0017129574462160235 0.031687183476606151 0.029184566135882051 0.0044497978433355448
leaf_count=2620 48 36 17 1 30 100 64 151 34 47 101 45 64 99 62 633 56 158 79 1561 294 146 60 630 215 135 76 1173 1097 168
internal_value=4.7485e-08 0.0471589 0.0292367 -0.0501639 -0.0500158 -0.0500662 -0.0500145 -0.0500141 -0.050029 -0.0500207 -0.0500139 -0.0500138 -0.0500175 -0.0500157 -0.0500137 -0.0500141 -0.0500173 -0.050014 -0.0500165 -0.0500136 -0.0500138 -0.0500152 -0.0500158 -0.0500138 -0.0500146 -0.050014 -0.0500158 -0.0500136 -0.0500136 -0.0500137
internal_weight=0.517243 0.266225 0.0366528 0.00760359 0.251018 0.00651833 0.249802 0.248085 0.00551622 0.0041665 0.246581 0.241263 0.00531806 0.00663345 0.234629 0.0490753 0.00295949 0.0457369 0.00409398 0.185554 0.0487176 0.00556969 0.00267801 0.0365377 0.00919912 0.0196049 0.00333841 0.136836 0.0653215 0.0336344
internal_count=10000 339 303 286 9661 285 9631 9567 237 203 9416 9112 304 290 8822 1909 156 1771 240 6913 1855 245 161 1398 373 765 138 5058 2438 1265
is_linear=0
shrinkage=0.05


Tree=76
num_leaves=31
num_cat=0
split_feature=2 2 7 19 1 1 7 8 11 7 1 1 13 1 1 13 1 9 9 1 1 17 1 1 1 9 11 20 9 20
split_gain=0.443801 0.00494219 0.0219485 1.4168e-07 2.71177e-08 1.68699e-09 5.44479e-10 3.40734e-10 3.08808e-11 2.17107e-11 7.40966e-12 5.58354e-12 2.43725e-12 2.41358e-12 2.34579e-12 3.05521e-12 1.21175e-12 7.39298e-13 7.22873e-13 5.62994e-13 5.26891e-13 5.06941e-13 2.88707e-13 2.26155e-13 2.18894e-13 1.95892e-13 1.52135e-13 1.12572e-13 1.08783e-13 9.98524e-14
threshold=1.2500000000000002 2.2500000000000004 9.3000000000000025 0.5445000000000001 0.95378196326636899 0.87812770045192978 6.6000000000000005 4.3729694921891662 16.310000000000006 3.2250000000000005 0.74200107251327996 0.74200107251327996 2.6000000000000005 0.86211933658959194 0.60908405236354046 1.0000000180025095e-35 0.6899041751943692 0.81666666666666676 0.69047619047619058 0.56252755703614421 0.6899041751943692 -1.0000000180025095e-35 0.64104479504003364 0.64104479504003364 0.50706044527175165 0.69047619047619058 17.330000000000002 0.42350000000000004 0.63333333333333341 0.77350000000000019
decision_type=2 2 2 2 2 2 2 2 2 2 2 2 2 2 2 2 2 2 2 2 2 2 2 2 2 2 2 2 2 2
left_child=4 2 3 7 5 6 9 8 13 10 14 16 -12 -2 17 22 23 24 -17 -19 -20 -14 -16 -11 -1 -26 -27 -28 -23 -21
right_child=1 -3 -4 -5 -6 -7 -8 -9 -10 11 12 -13 21 -15 15 18 -18 19 20 29 -22 28 -24 -25 25 26 27 -29 -30 -31
leaf_value=-0.050012202430863767 -0.050014493254330009 0.050018090217439873 0.050017797571972812 -0.050570742999009592 -0.050262023496629282 -0.050064911323441388 -0.050044202924290529 -0.050047809346758156 -0.050025817694955343 -0.050013767037685279 -0.050016337821467617 -0.050018957551457854 -0.050014385945775425 -0.050017392659277377 -0.050013766676958532 -0.050012396912444773 -0.050016161407241071 -0.050012426936440216 -0.05001268930497086 -0.050012838885377303 -0.050013278090666115 -0.050012947034513991 -0.050014742246075855 -0.050014731254923984 -0.050012241656676996 -0.050012379782447963 -0.050012314867900746 -0.050012885385287066 -0.050013558711111905 -0.05001337475268304
leaf_weight=0.0650418022996746 0.0013406826092250404 0.20875995839014649 0.026415492873638868 0.0015362687736342195 0.0010992743109454741 0.0015594258475175584 0.0013656177989105336 0.0013521085656975629 0.001123093736168812 0.0011781679804698788 0.0010840128479685509 0.0011125645869469736 0.0018118459547622479 0.0015448273779838928 0.0014780742258153614 0.019009688655387436 0.0012872872157458914 0.037382714191153354 0.017750811278347101 0.0059043621113232794 0.0048346046432925496 0.0011447997794675757 0.0015574790486425627 0.001256903504327056 0.028818904141189705 0.026542302462075895 0.0012519330666691522 0.0027949803379669902 0.0019910872379114153 0.0010194247079198249
leaf_count=2620 73 36 17 13 30 64 151 56 51 79 51 64 96 93 62 791 79 1561 762 250 218 51 76 82 1173 1097 51 117 92 44
internal_value=-2.28377e-08 0.0471642 0.0292797 -0.0501474 -0.0500143 -0.0500131 -0.0500127 -0.0500261 -0.0500188 -0.0500125 -0.0500125 -0.0500158 -0.0500142 -0.050016 -0.0500124 -0.0500127 -0.0500149 -0.0500123 -0.0500126 -0.0500125 -0.0500128 -0.0500137 -0.0500143 -0.0500143 -0.0500123 -0.0500123 -0.0500124 -0.0500127 -0.0500133 -0.0500129
internal_weight=0.470351 0.242072 0.0333125 0.00689698 0.228278 0.227179 0.225619 0.00536071 0.0040086 0.224254 0.219419 0.00483492 0.00603175 0.00288551 0.213387 0.0446307 0.00372236 0.168756 0.0415951 0.0443065 0.0225854 0.00494773 0.00303555 0.00243507 0.12445 0.0594081 0.0305892 0.00404691 0.00313589 0.00692379
internal_count=10000 339 303 286 9661 9631 9567 273 217 9416 9112 304 290 166 8822 1909 240 6913 1771 1855 980 239 138 161 5058 2438 1265 168 143 294
is_linear=0
shrinkage=0.05


Tree=77
num_leaves=31
num_cat=0
split_feature=1 5 21 3 20 21 13 0 1 13 0 1 17 11 11 1 21 1 9 0 1 9 19 1 21 1 13 21 1 13
split_gain=0.382865 0.0165818 0.00399056 0.0131964 6.36933e-05 1.34088e-06 2.44603e-10 5.82602e-11 1.75785e-11 4.82716e-11 5.369e-11 7.35468e-12 4.41399e-12 4.3474e-12 1.98286e-12 1.19163e-12 9.28729e-13 7.50754e-13 6.1208e-13 5.08829e-13 4.32858e-13 4.23883e-13 4.15514e-13 2.90191e-13 2.7596e-13 2.71302e-13 3.05729e-13 2.2867e-13 2.25101e-13 1.33498e-13
threshold=0.86211933658959194 2.5000000000000004 0.54375000000000007 2.0500000000000003 0.58750000000000013 0.65050000000000008 2.3500000000000005 0.38684082031250006 0.60042747489695947 1.0000000180025095e-35 0.42517089843750006 0.73623722764153554 -1.0000000180025095e-35 15.490000000000004 12.710000000000003 0.65654083410545661 0.74150000000000016 0.74200107251327996 0.69047619047619058 0.49475097656250006 0.72702904965237869 0.81666666666666676 0.31450000000000006 0.56252755703614421 0.46625000000000005 0.55841970335894009 2.3500000000000005 0.44825000000000004 0.69249079469664465 3.1500000000000004
decision_type=2 2 2 2 2 2 2 2 2 2 2 2 2 2 2 2 2 2 2 2 2 2 2 2 2 2 2 2 2 2
left_child=1 7 3 6 -4 -6 -2 -1 16 10 -10 15 20 14 -8 -12 21 18 -14 28 -11 24 -17 -23 -9 -26 -27 -25 -20 -22
right_child=2 -3 4 -5 5 -7 13 8 9 12 11 -13 17 -15 -16 22 -18 -19 19 -21 29 23 -24 27 25 26 -28 -29 -30 -31
leaf_value=-0.050020089147084092 -0.050043844032253239 0.047118341954227316 0.047856203775453514 0.044126268098386594 0.049686885980646321 0.050017178410236132 -0.050017881439407844 -0.050011074330714202 -0.05002644449699585 -0.050012296385634106 -0.050012737715458812 -0.050017348390008848 -0.050011156700594465 -0.050020466415277687 -0.05001485684304309 -0.050013712141408408 -0.050012644409051558 -0.050012177035559019 -0.050011352590462625 -0.050012021641010068 -0.05001379768554523 -0.050011236576565046 -0.050014973047767287 -0.050011450277376635 -0.05001120427389686 -0.050012333841603564 -0.050011192005371491 -0.050012210478663305 -0.050011845310964621 -0.050013132240612879
leaf_weight=0.0019696625286087502 0.0012498614487412843 0.0044896557228639713 0.052720591156685259 0.023097620200132951 0.046887814045476262 0.089156094938516617 0.0011794454103437602 0.097774195299280109 0.0010189354588874266 0.0013030824857196413 0.0030817479046163498 0.0014900793039487326 0.018068171410959621 0.0010048632657344569 0.0010024136890933733 0.0018676253203011584 0.0010484421291039317 0.0031294645068555829 0.015145027030484925 0.004522665917647827 0.0011860976310344995 0.033589422246222966 0.0010049389311461709 0.0042528252588454043 0.0074560588764143176 0.0012992763922738959 0.0010682006850402104 0.0012890520565633778 0.0027369543577151481 0.002067348430500715
leaf_count=83 51 10 22 19 24 31 69 4374 67 68 181 128 823 53 65 138 47 157 708 222 64 1550 76 200 335 63 48 64 134 126
internal_value=6.12084e-08 -0.0479434 0.0467378 0.0289557 0.0493316 0.0499033 -0.0500251 -0.0500115 -0.0500114 -0.0500122 -0.0500157 -0.0500142 -0.0500116 -0.0500177 -0.0500165 -0.0500134 -0.0500112 -0.0500114 -0.0500114 -0.0500115 -0.0500131 -0.0500112 -0.0500142 -0.0500113 -0.0500111 -0.0500114 -0.0500118 -0.0500116 -0.0500114 -0.0500134
internal_weight=0.427158 0.210859 0.216299 0.0275342 0.188765 0.136044 0.00443658 0.206369 0.2044 0.0566221 0.00846333 0.00744439 0.0481588 0.00318672 0.00218186 0.00595431 0.147777 0.0436023 0.0404728 0.0224046 0.00455653 0.146729 0.00287256 0.0391313 0.107598 0.00982354 0.00236748 0.00554188 0.017882 0.00325345
internal_count=10000 9666 334 257 77 55 238 9656 9573 2892 590 523 2302 187 134 395 6681 2044 1887 1064 258 6634 214 1814 4820 446 111 264 842 190
is_linear=0
shrinkage=0.05


Tree=78
num_leaves=31
num_cat=0
split_feature=1 7 21 7 3 0 7 3 7 8 19 7 1 1 11 13 1 13 0 1 17 9 1 21 8 9 21 17 9 1
split_gain=0.347173 0.0155598 0.00374288 0.0140366 0.000160745 0.000233979 8.59521e-05 9.47249e-08 3.05204e-10 1.24552e-10 2.9746e-11 1.28147e-11 6.09562e-12 2.83993e-12 2.0902e-12 2.01041e-12 1.37476e-12 1.75374e-12 8.0453e-13 6.35588e-13 5.74815e-13 4.10783e-13 3.15178e-13 3.49501e-13 2.53057e-13 2.12923e-13 2.02435e-13 1.87021e-13 2.48877e-13 1.59686e-13
threshold=0.86211933658959194 9.8250000000000011 0.54375000000000007 1.0000000180025095e-35 7.7000000000000002 0.58837890625000011 5.4750000000000005 2.0500000000000003 6.6000000000000005 3.7877837951846764 0.31450000000000006 3.2250000000000005 0.73623722764153554 0.73073349217688111 13.710000000000003 2.3500000000000005 0.60908405236354046 1.0000000180025095e-35 0.49475097656250006 0.6719872246224976 -1.0000000180025095e-35 0.81666666666666676 0.56252755703614421 0.47200000000000003 3.0380456198938837 0.69047619047619058 0.46625000000000005 -1.0000000180025095e-35 0.69047619047619058 0.64654634916082532
decision_type=2 2 2 2 2 2 2 2 2 2 2 2 2 2 2 2 2 2 2 2 2 2 2 2 2 2 2 2 2 2
left_child=1 8 3 7 5 -5 -4 9 11 14 -8 12 16 19 -2 -14 21 29 25 -13 24 26 -23 -24 -17 -19 -1 -20 -29 -18
right_child=2 -3 6 4 -6 -7 10 -9 -10 -11 -12 13 15 -15 -16 20 17 18 27 -21 -22 22 23 -25 -26 -27 -28 28 -30 -31
leaf_value=-0.050010032195140275 -0.050013253194800378 0.050014801550138988 0.04760934958566742 0.033504697254549902 0.050014763016085755 0.050015830927329356 0.050016733460495011 -0.050518578097952752 -0.050036042314979191 -0.050035187323083485 0.050015140407434461 -0.050011624071911689 -0.050013504999959095 -0.050015356111457979 -0.050016426525578861 -0.05001142169452142 -0.050011339379851111 -0.050010081798627384 -0.050011407203151628 -0.050013081948340046 -0.050010863672751683 -0.050010186652318746 -0.050010384244274175 -0.050011329830325107 -0.05001250653958933 -0.050010363092649349 -0.050010273033400325 -0.050010314767797361 -0.050010985081384698 -0.05001213499794676
leaf_weight=0.093041370281753188 0.0010458795113663646 0.0039702905341982833 0.054236892907283618 0.0046822580270600156 0.011997948866337538 0.0039606834761798382 0.056095989421010017 0.0013641467376146466 0.0011581396029214366 0.0011771977033276926 0.061350146308541298 0.0015919423194645779 0.0012831855683543827 0.0010258126676490065 0.0010299091636625235 0.0011590236135816667 0.001312920178861531 0.012527718825367629 0.0011866194909089245 0.0014095694004936377 0.003115376897767419 0.030833311090646021 0.0044815864921474704 0.0012496989484134247 0.0010025281089838245 0.014529677659083973 0.0096279877916458645 0.0023016817913230616 0.0034759330064844107 0.0012136341283621732
leaf_count=4581 74 23 24 68 3 1 25 2 136 44 28 128 74 74 65 77 67 624 68 106 172 1561 230 65 67 755 478 120 189 71
internal_value=-6.96827e-09 -0.0479367 0.0466118 0.0286409 0.0462698 0.041071 0.0492556 -0.0501689 -0.0500105 -0.0500222 0.0500159 -0.0500103 -0.0500102 -0.0500131 -0.0500148 -0.0500117 -0.0500102 -0.0500105 -0.0500104 -0.0500123 -0.0500113 -0.0500101 -0.0500102 -0.0500106 -0.0500119 -0.0500102 -0.0500101 -0.0500108 -0.0500107 -0.0500117
internal_weight=0.388439 0.191498 0.196941 0.025258 0.0206409 0.00864294 0.171683 0.00461713 0.187528 0.00325299 0.117446 0.18637 0.182342 0.00402732 0.00207579 0.00656011 0.175782 0.0365482 0.0340216 0.00300151 0.00527693 0.139234 0.0365646 0.00573129 0.00216155 0.0270574 0.102669 0.00696423 0.00577761 0.00252655
internal_count=10000 9666 334 257 72 69 77 185 9643 183 53 9507 9199 308 139 390 8809 1894 1756 234 316 6915 1856 295 144 1379 5059 377 309 138
is_linear=0
shrinkage=0.05


Tree=79
num_leaves=31
num_cat=0
split_feature=2 2 20 19 1 1 1 11 0 1 13 0 1 0 1 1 21 1 9 9 1 21 1 1 5 21 1 9 1 9
split_gain=0.331884 0.00305708 0.0177872 8.09031e-08 1.38009e-08 1.0783e-09 8.09568e-11 9.27212e-11 3.18938e-11 8.46961e-12 2.71247e-11 2.23626e-11 4.54359e-12 1.01882e-12 6.47745e-13 4.49998e-13 4.39038e-13 2.4495e-13 2.32883e-13 1.73441e-13 1.55244e-13 1.51254e-13 1.49252e-13 1.44725e-13 1.3279e-13 1.27907e-13 1.25679e-13 6.56805e-14 5.88973e-14 6.84383e-14
threshold=1.2500000000000002 2.2500000000000004 0.86050000000000015 0.5445000000000001 0.92973252197180323 0.86211933658959194 0.87812770045192978 14.970000000000004 0.38684082031250006 0.60042747489695947 1.0000000180025095e-35 0.43029785156250006 0.74200107251327996 0.49475097656250006 0.6873990952604464 0.7938570754413915 0.73550000000000015 0.74200107251327996 0.81666666666666676 0.69047619047619058 0.56252755703614421 0.46625000000000005 0.55841970335894009 0.66709134459288133 1.0000000180025095e-35 0.44825000000000004 0.69249079469664465 0.63333333333333341 0.50706044527175165 0.69047619047619058
decision_type=2 2 2 2 2 2 2 2 2 2 2 2 2 2 2 2 2 2 2 2 2 2 2 2 2 2 2 2 2 2
left_child=4 2 3 6 5 8 -2 -8 -1 16 11 -11 14 17 24 23 18 19 21 -12 -20 28 -23 -15 -13 -22 -21 -25 -10 -30
right_child=1 -3 -4 -5 -6 -7 7 -9 9 10 13 12 -14 15 -16 -17 -18 -19 20 26 25 22 -24 27 -26 -27 -28 -29 29 -31
leaf_value=-0.05001641647584168 -0.050012266927590449 0.050014476573873361 0.049894576873339036 -0.050472369877086254 -0.050180817450612231 -0.050055681970329294 -0.050016928288491039 -0.050037221203427323 -0.050009047226704462 -0.050019582895062503 -0.050009124058229638 -0.050010384387846309 -0.050014553157649883 -0.050009562615233927 -0.050011964078446915 -0.050010822836211388 -0.050010179787564328 -0.05000985246634089 -0.050009219633894403 -0.05000931423503744 -0.050009390207845332 -0.050009192542554808 -0.050009696630533555 -0.050009663522729376 -0.050011019482339207 -0.050010021536350181 -0.050009718713624245 -0.050010121714690416 -0.050009063707917793 -0.050009200367464174
leaf_weight=0.0016236303445111835 0.0017875009025374302 0.15022899839095771 0.026126511140319053 0.001309501929426915 0.0011877802598974077 0.0012703303200396468 0.0011922838202735875 0.001066334619281406 0.043867880549441907 0.0010469741282577152 0.012636149062018376 0.002170623694837559 0.0010899538128796848 0.0040952067438411177 0.0012180831890873378 0.0011619909691944494 0.0010414646349090608 0.0018634066145750685 0.027537382160517154 0.012487504122873361 0.0034828565931093172 0.0061059585241309833 0.0019333571981405839 0.0010965157007376547 0.0013257415839689202 0.0010423961211927235 0.0022695270599797377 0.0027279589767204016 0.018042180832708254 0.018611867959407391
leaf_count=83 128 36 13 14 44 71 81 67 2360 85 694 161 110 238 122 83 57 112 1543 709 199 333 110 65 98 64 135 171 981 1033
internal_value=5.87777e-09 0.0470456 0.0328786 -0.0501308 -0.050011 -0.0500098 -0.0500202 -0.0500265 -0.0500094 -0.0500094 -0.05001 -0.0500129 -0.0500116 -0.0500094 -0.050011 -0.0500099 -0.0500092 -0.0500093 -0.0500091 -0.0500093 -0.0500093 -0.0500091 -0.0500093 -0.0500098 -0.0500106 -0.0500095 -0.0500094 -0.05001 -0.0500091 -0.0500091
internal_weight=0.352648 0.181711 0.0314821 0.00535562 0.170937 0.169749 0.00404612 0.00225862 0.168479 0.166855 0.0451896 0.00685138 0.0058044 0.0383383 0.00471445 0.00908167 0.121665 0.0292566 0.120624 0.0273932 0.0320626 0.0885612 0.00803932 0.00791968 0.00349637 0.00452525 0.014757 0.00382447 0.0805219 0.036654
internal_count=10000 339 303 290 9661 9617 276 148 9546 9463 2783 576 491 2207 381 557 6680 1650 6623 1538 1806 4817 443 474 259 263 844 236 4374 2014
is_linear=0
shrinkage=0.05


Tree=80
num_leaves=31
num_cat=0
split_feature=0 8 20 21 11 7 7 8 21 7 8 19 9 21 7 16 7 0 0 9 13 17 7 17 0 0 11 9 21 14
split_gain=0.209142 0.0462149 0.0236302 0.0122224 0.00749721 0.0105934 0.000727139 0.00195376 0.00499645 1.60451e-05 2.69145e-05 1.85635e-08 1.61725e-08 1.04069e-09 3.03454e-10 5.00445e-10 9.76074e-11 3.7486e-11 6.37141e-12 5.17395e-12 3.24941e-12 1.05757e-12 9.89067e-13 5.20473e-13 3.3675e-13 2.86632e-13 5.26052e-13 1.95427e-13 1.33433e-13 1.2702e-13
threshold=0.50463867187500011 3.8168032536465661 0.92700000000000016 0.80025000000000002 16.110000000000003 4.1250000000000009 1.0000000180025095e-35 6.3061214547812314 0.75225000000000009 6.6000000000000005 6.0416093941841593 0.44450000000000006 0.69047619047619058 0.57450000000000012 1.8750000000000002 1.0000000180025095e-35 5.7750000000000012 0.53393554687500011 0.54516601562500011 0.69047619047619058 3.1500000000000004 -1.0000000180025095e-35 3.2250000000000005 -1.0000000180025095e-35 0.45300292968750006 0.50024414062500011 16.150000000000002 0.63333333333333341 0.4572500000000001 1.0000000180025095e-35
decision_type=2 2 2 2 2 2 2 2 2 2 2 2 2 2 2 2 2 2 2 2 2 2 2 2 2 2 2 2 2 2
left_child=2 13 3 14 5 11 7 8 -6 10 -8 17 -11 18 23 16 22 19 21 -3 -20 -2 28 -1 -24 27 -27 -25 -16 -23
right_child=1 4 -4 -5 6 -7 9 -9 -10 12 -12 -13 -14 -15 15 -17 -18 -19 20 -21 -22 29 24 25 -26 26 -28 -29 -30 -31
leaf_value=-0.050009224892188855 -0.050009853852263565 -0.050013466495422966 0.050012181520544485 0.048932348267932677 -0.050193686685696008 0.047646135955160158 0.046902305698126284 0.050013137773043205 0.050012328940169604 0.049973324446357811 0.049954401740729258 -0.050255634355861667 0.050013760296645782 -0.050062164786603393 -0.050008745231098863 -0.050051313973181605 -0.050026697513155596 -0.050021770877222996 -0.050013523593581237 -0.050008984584817284 -0.050009956552172843 -0.050008472681669684 -0.050010062764658691 -0.050008232043650437 -0.050011288859494865 -0.0500084186991894 -0.050009738241728101 -0.050008363685794026 -0.050009553693597303 -0.050009035011018416
leaf_weight=0.0016552011056774054 0.0019184497259630015 0.001010960111671011 0.0064593837596476069 0.0031933590935295788 0.0019483978830976403 0.0065421625686212792 0.012490471617638832 0.012024533469229937 0.0034408264327794313 0.048668340883523342 0.017128626077465015 0.0010000777492678026 0.050268169026821852 0.0010061154162031025 0.0010124348054887369 0.0010354214600738487 0.0010916656356130261 0.0010312991134924232 0.0011704177941282987 0.0017736269865054055 0.0014047058994037798 0.0071544112142873928 0.0011228405301153543 0.042477983329263225 0.0011172365802849527 0.0030329528863148872 0.0010057754871013458 0.083834301140086609 0.0010291785183653701 0.0011681833611874026
leaf_count=106 147 60 3 3 70 28 44 2 1 23 7 12 17 61 76 83 156 62 82 114 123 446 106 2547 100 186 60 5118 75 82
internal_value=2.85145e-08 0.0376435 -0.0435116 -0.0477777 0.0453447 0.00621607 0.0483894 0.038801 0.0137843 0.0496882 0.0486673 -0.0500639 0.0499939 -0.0500132 -0.0500089 -0.0500195 -0.0500134 -0.0500136 -0.0500094 -0.0500106 -0.0500116 -0.0500088 -0.0500099 -0.0500083 -0.0500107 -0.0500083 -0.0500087 -0.0500083 -0.0500092 -0.0500086
internal_weight=0.319218 0.17115 0.148068 0.141608 0.157327 0.0113581 0.145969 0.0174138 0.00538922 0.128556 0.0296191 0.00481596 0.0989365 0.0138223 0.138415 0.00640878 0.00537336 0.00381589 0.0128162 0.00278459 0.00257512 0.010241 0.00428169 0.132006 0.00224008 0.130351 0.00403873 0.126312 0.00204161 0.00832259
internal_count=10000 1381 8619 8616 440 276 164 73 71 91 51 248 40 941 8613 596 513 236 880 174 205 675 357 8017 206 7911 246 7665 151 528
is_linear=0
shrinkage=0.05


Tree=81
num_leaves=31
num_cat=0
split_feature=2 8 2 7 0 8 20 7 0 7 0 2 0 20 12 11 0 9 5 13 9 9 13 13 0 13 9 8 8 0
split_gain=0.27192 0.00269081 0.00929801 0.000176791 1.05443e-07 4.00908e-09 2.73751e-09 6.83311e-10 7.91829e-10 5.74652e-11 4.37593e-11 4.02139e-12 1.95934e-12 1.17161e-12 4.00387e-13 2.96994e-13 1.80078e-13 1.47007e-13 1.36755e-13 6.00631e-14 5.32213e-14 3.75342e-14 3.11591e-14 1.67158e-14 1.4537e-14 1.50158e-14 1.39524e-14 1.04005e-14 9.37792e-15 8.58211e-15
threshold=1.2500000000000002 4.5104222072709783 2.2500000000000004 3.5250000000000008 0.54321289062500011 3.7877837951846764 0.87150000000000005 1.8750000000000002 0.48352050781250006 5.4750000000000005 0.50073242187500011 1.0000000180025095e-35 0.50268554687500011 0.50350000000000017 1.0000000180025095e-35 13.710000000000003 0.49475097656250006 0.84523809523809534 1.0000000180025095e-35 4.3500000000000005 0.69047619047619058 0.69047619047619058 3.1500000000000004 6.3500000000000005 0.43713378906250006 4.3500000000000005 0.84523809523809534 2.9902176937772365 5.1823005996863012 0.50463867187500011
decision_type=2 2 2 2 2 2 2 2 2 2 2 2 2 2 2 2 2 2 2 2 2 2 2 2 2 2 2 2 2 2
left_child=6 2 5 -3 -5 15 7 11 9 14 -10 16 -13 -14 -9 -2 17 20 19 26 -1 -21 28 27 -22 -26 -18 -23 -19 -28
right_child=1 3 -4 4 -6 -7 -8 8 10 -11 -12 12 13 -15 -16 -17 18 22 -20 21 24 23 -24 -25 25 -27 29 -29 -30 -31
leaf_value=-0.05000744835565879 -0.050009966649156461 0.045500594354067614 0.050011058074998532 0.04990997663191632 0.050011919159926012 -0.050131981088606808 -0.050087823839861427 -0.050008325134493742 -0.050042714173198811 -0.050021824824265759 -0.05005733395876804 -0.05000776093085238 -0.050011200450074379 -0.050009056251766132 -0.050009453838916612 -0.050011154128930813 -0.050007550638382858 -0.05000759894498618 -0.050008078156486127 -0.050007581749689847 -0.050007465650011899 -0.05000767623805942 -0.05000778759746978 -0.050008004471782788 -0.050007513288890776 -0.050007580388381462 -0.050007597294234818 -0.050007883303778866 -0.050007729952924899 -0.050007762384335214
leaf_weight=0.042321470077695267 0.0010909666616498734 0.027702057200258423 0.0091464049182832241 0.040226672120297735 0.068661556346341968 0.0010027706239270628 0.0010924949101536177 0.0018156662190449415 0.0010321745667170035 0.0011547675276233349 0.0010152983104489977 0.0016628924531687508 0.0010976591474900488 0.0015182796487351879 0.0013850741624992224 0.0010177514523093123 0.0098308125079711317 0.019541279641998699 0.0019569294227039782 0.0016979394313239018 0.0076504564885908613 0.0011444988876974094 0.0027323915301167281 0.0013663488871316076 0.019555466297788371 0.01453446844334394 0.0017619176160224024 0.0012898452159788576 0.0014690958478240637 0.001423009870450187
leaf_count=2803 101 38 12 29 23 40 67 162 101 138 98 117 88 127 133 96 659 1323 142 118 506 79 193 99 1301 994 122 91 102 98
internal_value=-3.23729e-08 0.0470531 0.0246121 0.0490669 0.0499743 -0.0500497 -0.050009 -0.0500084 -0.0500243 -0.0500123 -0.05005 -0.0500076 -0.0500091 -0.05001 -0.0500088 -0.0500105 -0.0500075 -0.0500075 -0.0500077 -0.0500076 -0.0500075 -0.0500078 -0.0500076 -0.0500079 -0.0500075 -0.0500075 -0.0500076 -0.0500078 -0.0500076 -0.0500077
internal_weight=0.288898 0.148848 0.0122579 0.13659 0.108888 0.00311149 0.14005 0.138958 0.00640298 0.00435551 0.00204747 0.132555 0.00427883 0.00261594 0.00320074 0.00210872 0.128276 0.107805 0.0204713 0.0185144 0.0840619 0.00549863 0.0237428 0.00380069 0.0417404 0.0340899 0.0130157 0.00243434 0.0210104 0.00318493
internal_count=10000 339 249 90 52 237 9661 9594 632 433 199 8962 332 215 295 197 8630 7222 1408 1266 5604 387 1618 269 2801 2295 879 170 1425 220
is_linear=0
shrinkage=0.05


Tree=82
num_leaves=31
num_cat=0
split_feature=2 17 2 2 20 1 8 0 1 1 1 11 5 21 21 8 8 0 1 21 1 1 11 1 1 11 11 11 0 20
split_gain=0.245649 0.00278906 0.00723666 0.000342966 0.000947859 4.97475e-09 3.63493e-11 1.26357e-11 3.72762e-12 7.39598e-12 2.34499e-12 1.19358e-12 9.80542e-13 2.16844e-13 1.91805e-13 1.77381e-13 1.58522e-13 1.55376e-13 1.27939e-13 7.1429e-14 1.56538e-13 3.92594e-14 2.90636e-14 2.44527e-14 1.92416e-14 1.90863e-14 1.79995e-14 1.35139e-14 9.93303e-15 9.92175e-15
threshold=1.2500000000000002 -1.0000000180025095e-35 2.2500000000000004 2.2500000000000004 0.87450000000000017 0.87812770045192978 3.7105762098167969 0.38684082031250006 0.60042747489695947 0.60325594253836745 0.74200107251327996 16.810000000000006 1.0000000180025095e-35 0.44825000000000004 0.72150000000000014 3.87489109346342 3.4087816430380062 0.49475097656250006 0.67475229868080355 0.46625000000000005 0.55841970335894009 0.66258833491166358 17.910000000000004 0.50706044527175165 0.6873990952604464 15.050000000000002 17.330000000000002 14.610000000000003 0.43469238281250006 0.4215000000000001
decision_type=2 2 2 2 2 2 2 2 2 2 2 2 2 2 2 2 2 2 2 2 2 2 2 2 2 2 2 2 2 2
left_child=5 2 6 4 -3 7 -2 -1 14 -10 12 16 13 17 19 -14 -12 22 27 23 -21 -19 24 -9 28 -22 -25 -15 -11 -28
right_child=1 3 -4 -5 -6 -7 -8 8 9 10 11 -13 15 18 -16 -17 -18 21 -20 20 25 -23 -24 26 -26 -27 29 -29 -30 -31
leaf_value=-0.05001211320528734 -0.050009083365263565 0.026750287994334578 0.05001128064491777 0.050011274832318757 0.049821626443385704 -0.050095859746411321 -0.050021199802849116 -0.050006742818206822 -0.050011499918389157 -0.05000678302929288 -0.050007587042784567 -0.050009879364909193 -0.050007713339335326 -0.050007061741908804 -0.050007477200582462 -0.050008576418564238 -0.050008313521218331 -0.050007118750967264 -0.050007877997856359 -0.050006812487129626 -0.050007129781489579 -0.050007428856465766 -0.050007170407318016 -0.050006783740384947 -0.050006996998485903 -0.050007428900904885 -0.050006768428309756 -0.050007315654154054 -0.050006889770091073 -0.050006921684909215
leaf_weight=0.0012014917374472125 0.0016048186143962084 0.0062886613059163201 0.0058740968815982342 0.10481871385127306 0.015241418463119771 0.0015955450262481454 0.001007656566798687 0.042585840040374023 0.0010699569274947853 0.0026973849735441044 0.0017252011384698554 0.0010190263565164059 0.001436408979316183 0.0010040997794931164 0.0010130431155630495 0.001016662793517753 0.0013296300467118272 0.0024649906117701894 0.001014736831166374 0.0090511414846332627 0.0010084730120070171 0.0017418280194760882 0.0010209861557086688 0.029823323752680153 0.0037320941764846785 0.0011318701681375387 0.0014240256505217977 0.0010960948629872291 0.011343955489792279 0.0040875054382922826
leaf_count=83 166 67 1 35 9 94 61 3123 77 200 156 102 136 83 75 114 137 193 112 672 77 146 83 2222 295 93 106 105 865 312
internal_value=3.56548e-08 0.0469669 0.0192199 0.0488306 0.0430828 -0.0500081 -0.0500138 -0.050007 -0.050007 -0.0500074 -0.0500073 -0.0500084 -0.0500071 -0.050007 -0.0500068 -0.0500081 -0.0500079 -0.050007 -0.0500074 -0.0500068 -0.0500069 -0.0500072 -0.0500069 -0.0500068 -0.0500069 -0.0500073 -0.0500068 -0.0500072 -0.0500069 -0.0500069
internal_weight=0.261471 0.134835 0.00848657 0.126349 0.0215301 0.126635 0.00261248 0.12504 0.123838 0.0337131 0.0326431 0.00407386 0.0285692 0.0261162 0.0901252 0.00245307 0.00305483 0.0230012 0.00311493 0.0891122 0.0111915 0.00420682 0.0187944 0.0779207 0.0177734 0.00214034 0.0353349 0.00210019 0.0140413 0.00551153
internal_count=10000 339 228 111 76 9661 227 9567 9484 2804 2727 395 2332 2082 6680 250 293 1782 300 6605 842 339 1443 5763 1360 170 2640 188 1065 418
is_linear=0
shrinkage=0.05


Tree=83
num_leaves=31
num_cat=0
split_feature=2 7 2 2 21 21 19 1 7 8 7 1 1 1 13 13 0 9 1 21 9 21 9 1 1 1 1 9 1 9
split_gain=0.221731 0.00289449 0.0097453 5.77022e-05 0.000145049 0.000186027 3.36757e-08 3.6598e-09 4.88301e-11 4.69666e-11 2.54027e-12 9.73763e-13 6.48087e-13 2.97526e-13 4.09988e-13 2.20294e-13 1.62273e-13 9.54514e-14 7.12312e-14 5.5058e-14 5.02445e-14 4.44436e-14 3.95413e-14 3.55219e-14 2.92188e-14 1.99233e-14 1.60774e-14 1.98626e-14 1.49386e-14 1.24172e-14
threshold=1.2500000000000002 1.0000000180025095e-35 2.7500000000000004 2.2500000000000004 0.65050000000000008 0.63525000000000009 0.4865000000000001 0.87812770045192978 5.7750000000000012 3.5379099631299429 3.2250000000000005 0.74200107251327996 0.6899041751943692 0.60908405236354046 1.0000000180025095e-35 3.9500000000000002 0.49475097656250006 0.81666666666666676 0.56252755703614421 0.39750000000000002 0.69047619047619058 0.46625000000000005 0.69047619047619058 0.69249079469664465 0.55841970335894009 0.77651663100177604 0.50706044527175165 0.69047619047619058 0.66258833491166358 0.84523809523809534
decision_type=2 2 2 2 2 2 2 2 2 2 2 2 2 2 2 2 2 2 2 2 2 2 2 2 2 2 2 2 2 2
left_child=7 2 6 4 5 -3 9 8 10 -2 11 13 -12 17 -15 -13 20 21 -19 -20 -16 26 -18 29 -23 -17 -1 -28 -24 -22
right_child=1 3 -4 -5 -6 -7 -8 -9 -10 -11 12 15 -14 14 16 25 22 18 19 -21 23 24 28 -25 -26 -27 27 -29 -30 -31
leaf_value=-0.050006075427325727 -0.050008490934931329 0.031586230942372145 0.050010091018921544 0.050010447940737446 0.050010720168586792 0.050009684015942371 -0.050360792915929133 -0.050086613609646759 -0.0500171834649503 -0.050023048638322777 -0.050007119485507172 -0.050007705910729498 -0.050008881709475865 -0.050007143165421576 -0.050006129739566585 -0.050006641255596812 -0.050006395125961924 -0.050006196545779161 -0.050006316108925232 -0.050006755494126934 -0.05000623252548865 -0.050006178202627788 -0.050006579760088203 -0.050006524294745572 -0.050006431229248249 -0.050006955031682447 -0.050006085301382813 -0.050006171456425122 -0.050006830249485851 -0.050006418188267135
leaf_weight=0.02970628909770312 0.0012386564367261607 0.0029425053621707766 0.0094761040527373552 0.092108797514811158 0.011665239930152893 0.0025641622487455606 0.0010266434965160443 0.0014381923620021544 0.0010300054432263997 0.0010024160883403965 0.0010757659806586153 0.0010001075797845252 0.0010130619571100397 0.0015228335796564343 0.007708647465278772 0.0010075063214571855 0.0018073735604957611 0.01871596812225107 0.0024630667326164249 0.0010034203655777674 0.006355802426696755 0.0042757141000038237 0.0011875351383423549 0.0015186056089078193 0.0015561866866846685 0.0010161480981878412 0.013229122243501479 0.013530931084460462 0.0011933452810808376 0.001049228933879931
leaf_count=2388 133 76 3 33 24 3 5 94 198 62 142 96 115 138 633 91 158 1561 208 86 538 348 104 135 129 103 1075 1118 111 92
internal_value=-3.61928e-08 0.0468846 0.0243342 0.0495144 0.0468534 0.0401651 -0.0501236 -0.0500074 -0.0500063 -0.050015 -0.0500062 -0.0500062 -0.050008 -0.0500062 -0.0500064 -0.0500071 -0.0500063 -0.0500061 -0.0500062 -0.0500064 -0.0500062 -0.0500061 -0.0500066 -0.0500063 -0.0500062 -0.0500068 -0.0500061 -0.0500061 -0.0500067 -0.0500063
internal_weight=0.236429 0.122025 0.0127438 0.109281 0.0171719 0.00550667 0.00326772 0.114405 0.112967 0.00224107 0.111937 0.109848 0.00208883 0.106824 0.0223434 0.00302376 0.0208205 0.0844807 0.0221825 0.00346649 0.0166323 0.0622982 0.00418825 0.00892364 0.0058319 0.00202365 0.0564663 0.0267601 0.00238088 0.00740503
internal_count=10000 339 203 136 103 79 200 9661 9567 195 9369 9112 257 8822 1909 290 1771 6913 1855 294 1398 5058 373 765 477 194 4581 2193 215 630
is_linear=0
shrinkage=0.05


Tree=84
num_leaves=31
num_cat=0
split_feature=2 7 2 2 3 13 3 7 8 7 2 9 8 9 9 13 13 5 12 5 8 13 13 11 20 16 11 13 16 20
split_gain=0.200085 0.00259395 0.00877846 6.00054e-05 0.000177051 2.15864e-08 1.34255e-09 1.02571e-10 7.96714e-11 2.96427e-11 1.63547e-12 6.38515e-13 1.41364e-13 6.77791e-14 1.71391e-14 1.58693e-14 1.50088e-14 4.88498e-15 3.6221e-15 3.06699e-15 3.26995e-15 2.93168e-15 3.67067e-15 2.83801e-15 2.0396e-15 1.86223e-15 1.54043e-15 1.5335e-15 1.47972e-15 1.40339e-15
threshold=1.2500000000000002 1.0000000180025095e-35 2.7500000000000004 2.2500000000000004 2.0500000000000003 1.0000000180025095e-35 1.0000000180025095e-35 1.8750000000000002 4.8747118837114094 5.0250000000000012 1.0000000180025095e-35 0.69047619047619058 3.651887178919957 0.69047619047619058 0.84523809523809534 3.1500000000000004 4.3500000000000005 1.0000000180025095e-35 1.1500000000000001 1.0000000180025095e-35 5.1823005996863012 4.5499999999999998 5.9500000000000002 17.090000000000003 0.45550000000000007 0.38690476190476197 17.990000000000006 5.1500000000000004 -0.45833333333333331 0.77350000000000019
decision_type=2 2 2 2 2 2 2 2 2 2 2 2 2 2 2 2 2 2 2 2 2 2 2 2 2 2 2 2 2 2
left_child=6 2 5 4 -3 -2 7 10 9 12 13 -12 -9 18 16 19 17 23 26 20 29 -18 25 -15 -25 -23 -1 -17 -24 -16
right_child=1 3 -4 -5 -6 -7 -8 8 -10 -11 11 -13 -14 14 15 27 21 -19 -20 -21 -22 22 28 24 -26 -27 -28 -29 -30 -31
leaf_value=-0.050005556052425848 -0.050299268524120394 0.038226568400422323 0.05000908868811247 0.050009580590610406 0.050009682659425514 -0.05001373952775643 -0.050054358824310724 -0.050006215803025222 -0.050025677109704805 -0.050016579250389208 -0.050007508708854946 -0.050006085541970779 -0.050006999660091339 -0.050005568765363634 -0.050005628704859841 -0.050005752195067567 -0.050005711844591454 -0.050005684179223846 -0.050005528167883506 -0.050005696992481023 -0.050005728405847098 -0.050005599900759867 -0.050005613265461685 -0.05000556261134842 -0.050005649324761474 -0.050005663004954348 -0.05000561861442402 -0.050005835672859746 -0.050005671484512043 -0.050005670890309988
leaf_weight=0.014480971894954564 0.001005576909847151 0.0044710502688758433 0.0085524455644190311 0.083129754057154059 0.011109319515526295 0.001937043717589404 0.0014540714623763043 0.0012864687791989118 0.0010195669369750249 0.0010832678599399514 0.0014822770535829468 0.0016829795231387834 0.0010403013143331918 0.017292237314450176 0.011719015004928224 0.0011125792902930689 0.0015098866656444434 0.0011141718741782816 0.020118199886383081 0.0030569806312996653 0.0010221127631666613 0.005709876434139006 0.0013022998136875694 0.0010089670845445644 0.0020692189546025475 0.0014703109986839991 0.0010552780631769574 0.0010879442747864232 0.0067225817529106271 0.0023650487046325006
leaf_count=1312 11 82 3 33 21 189 127 155 131 192 155 178 128 1561 1080 105 142 102 1808 284 96 522 119 91 187 138 96 107 629 216
internal_value=-2.72914e-08 0.0468582 0.0243793 0.0494759 0.0466283 -0.0501113 -0.0500067 -0.050006 -0.0500134 -0.0500097 -0.0500056 -0.0500068 -0.0500066 -0.0500056 -0.0500056 -0.0500057 -0.0500056 -0.0500056 -0.0500055 -0.0500057 -0.0500056 -0.0500056 -0.0500056 -0.0500056 -0.0500056 -0.0500056 -0.0500056 -0.0500058 -0.0500057 -0.0500056
internal_weight=0.213472 0.110205 0.0114951 0.0987101 0.0155804 0.00294262 0.103267 0.101813 0.0044296 0.00341004 0.0973829 0.00316526 0.00232677 0.0942177 0.0585632 0.0203637 0.0381996 0.0214846 0.0356544 0.0181632 0.0151062 0.016715 0.0152051 0.0203704 0.00307819 0.00718019 0.0155362 0.00220052 0.00802488 0.0140841
internal_count=10000 339 203 136 103 200 9661 9534 606 475 8928 333 283 8595 5379 1888 3491 1941 3216 1676 1392 1550 1408 1839 278 660 1408 212 748 1296
is_linear=0
shrinkage=0.05


Tree=85
num_leaves=31
num_cat=0
split_feature=2 7 2 3 19 19 19 1 7 22 7 1 1 1 0 0 9 9 1 9 9 0 1 9 1 20 1 0 0 13
split_gain=0.180404 0.0022443 0.00797732 6.44632e-05 9.23563e-05 0.000239774 1.3471e-08 1.96796e-09 2.01585e-11 2.97297e-12 9.02001e-13 6.34799e-13 3.89383e-13 1.24664e-13 9.34704e-14 7.05707e-14 6.00422e-14 5.02653e-14 3.31783e-14 2.42358e-14 1.75467e-14 1.35334e-14 1.28925e-14 1.13624e-14 1.07492e-14 6.84695e-15 6.05505e-15 3.67935e-15 3.05051e-15 2.74954e-15
threshold=1.2500000000000002 1.0000000180025095e-35 2.7500000000000004 1.2500000000000002 0.64500000000000013 0.54800000000000015 0.37350000000000005 0.87812770045192978 5.0250000000000012 2.5000000000000004 1.8750000000000002 0.66507218554661851 0.74200107251327996 0.60908405236354046 0.49475097656250006 0.49719238281250006 0.84523809523809534 0.84523809523809534 0.56252755703614421 0.69047619047619058 0.69047619047619058 0.43713378906250006 0.50706044527175165 0.69047619047619058 0.6873990952604464 0.42350000000000004 0.66258833491166358 0.50415039062500011 0.48449707031250006 2.1500000000000004
decision_type=2 2 2 2 2 2 2 2 2 2 2 2 2 2 2 2 2 2 2 2 2 2 2 2 2 2 2 2 2 2
left_child=7 2 6 4 5 -3 -2 8 10 -5 12 -12 13 17 16 -14 20 22 27 -16 -15 -22 -1 -24 -23 -25 -21 -19 -20 -27
right_child=1 3 -4 9 -6 -7 -8 -9 -10 -11 11 -13 15 14 19 -17 -18 18 28 26 21 24 23 25 -26 29 -28 -29 -30 -31
leaf_value=-0.050004983469646283 -0.050012111406783556 0.029825769791973829 0.050008528315016648 0.050008188857141471 0.049863440143994409 0.050008783081920055 -0.050244591865154002 -0.050070592643552417 -0.050011255326346517 0.050008867458490494 -0.050005417628938023 -0.050006998297188299 -0.050005414206600346 -0.050005029157134506 -0.050005255665802328 -0.050005962783059743 -0.050005421994711065 -0.050005069557668348 -0.05000522505259674 -0.050005436501466397 -0.050004980170454752 -0.050005144114132351 -0.050004998922982824 -0.050005007963961484 -0.05000532399931782 -0.050005137178357709 -0.050005605588042429 -0.050005168075678341 -0.050005334181078123 -0.050005074264461324
leaf_weight=0.026268734016412054 0.0016441318630313626 0.0025076460310629054 0.0080128130502998829 0.023559266934171319 0.0079353939299835474 0.003561482997611165 0.001003384690193343 0.0011650994129013261 0.0013541037978939121 0.051249894546344876 0.0017048317863554976 0.0010123546985596477 0.0010716265819610262 0.0063187380865201703 0.0015281166038221264 0.0012943878405167197 0.0015062535117067464 0.013888200160181441 0.0017378919701513942 0.0011150278146487835 0.0010163072702198406 0.004223460707180493 0.011652636915641779 0.0034233151009175353 0.0010338371344005282 0.0023822463190299459 0.001008175785500498 0.0010171215226364447 0.0010137435474462109 0.006407821563698235
leaf_count=2593 180 63 3 31 6 4 20 94 274 32 229 143 118 636 163 160 161 1416 178 119 102 441 1162 344 112 240 115 105 105 651
internal_value=-2.54395e-08 0.0468239 0.0251463 0.0494258 0.0463125 0.0416696 -0.0501002 -0.050006 -0.0500052 0.0500087 -0.0500051 -0.050006 -0.0500051 -0.0500051 -0.0500052 -0.0500057 -0.0500051 -0.050005 -0.0500051 -0.0500054 -0.0500051 -0.0500051 -0.050005 -0.050005 -0.0500052 -0.0500051 -0.0500055 -0.0500051 -0.0500053 -0.0500051
internal_weight=0.192618 0.099474 0.0106603 0.0888137 0.0140045 0.00606913 0.00264752 0.093144 0.0919789 0.0748092 0.0906248 0.00271719 0.0879076 0.0855416 0.0177499 0.00236601 0.0140986 0.0677917 0.017657 0.00365132 0.0125923 0.00627361 0.0501348 0.023866 0.0052573 0.0122134 0.0021232 0.0149053 0.00275164 0.00879007
internal_count=10000 339 203 136 73 67 200 9661 9567 63 9293 372 8921 8643 1849 278 1452 6794 1804 397 1291 655 4990 2397 553 1235 234 1521 283 891
is_linear=0
shrinkage=0.05


Tree=86
num_leaves=31
num_cat=0
split_feature=1 7 7 21 11 7 12 21 19 7 1 13 7 1 1 0 0 9 9 1 9 21 9 1 0 1 9 11 1 20
split_gain=0.154495 0.00680469 0.00210833 0.00643219 0.000106817 0.000381523 0.00037011 1.07026e-08 6.54729e-09 1.73786e-11 1.08086e-12 3.3337e-13 3.19328e-13 1.67554e-13 1.0715e-13 9.62598e-14 8.53701e-14 4.27037e-14 3.69149e-14 2.55698e-14 1.57851e-14 1.47451e-14 1.15827e-14 1.03207e-14 8.40907e-15 6.22419e-15 8.01442e-15 6.43929e-15 5.42968e-15 3.02362e-15
threshold=0.86211933658959194 9.8250000000000011 1.0000000180025095e-35 0.75225000000000009 17.990000000000006 8.7750000000000021 3.5500000000000003 0.63525000000000009 0.21650000000000005 5.0250000000000012 0.73623722764153554 3.5500000000000003 1.8750000000000002 0.60620306664850154 0.60908405236354046 0.49475097656250006 0.50024414062500011 0.84523809523809534 0.84523809523809534 0.56252755703614421 0.69047619047619058 0.46625000000000005 0.69047619047619058 0.55841970335894009 0.43981933593750006 0.50706044527175165 0.69047619047619058 17.330000000000002 0.68216362441698719 0.42350000000000004
decision_type=2 2 2 2 2 2 2 2 2 2 2 2 2 2 2 2 2 2 2 2 2 2 2 2 2 2 2 2 2 2
left_child=1 9 3 8 5 6 -4 -6 -2 10 12 -12 14 -14 18 17 -13 22 21 -20 -17 25 -16 -23 -24 -1 -27 29 -26 -28
right_child=2 -3 4 -5 7 -7 -8 -9 -10 -11 11 16 13 -15 15 20 -18 -19 19 -21 -22 23 24 -25 28 26 27 -29 -30 -31
leaf_value=-0.05000450622103756 -0.05001163686201171 0.050007319257396848 0.019868702443364618 0.046608444166957329 0.049963259103485175 0.050007777595412611 0.050007213258306371 0.050008004309770128 -0.050183766596905946 -0.050010556359003512 -0.050006293317038319 -0.050004893766118025 -0.050004745144099527 -0.05000562471911553 -0.05000455644398516 -0.050004813877374446 -0.05000552751063362 -0.05000490608978312 -0.050004594879217684 -0.050004769305200515 -0.050005033643515877 -0.05000457833435034 -0.050004528241772629 -0.050004761996426256 -0.050004657500804933 -0.050004512762618761 -0.050004513336254032 -0.050004684380192913 -0.050004787632948439 -0.050004579828657574
leaf_weight=0.021661916374796419 0.0012317890677877585 0.0017360685160383573 0.0024400859006163947 0.0074770122300833464 0.019333749288307445 0.011841212632134557 0.0017486688448116183 0.043280273326672614 0.001001698633444903 0.0012600846234818155 0.0010165616645281253 0.0011254791338615178 0.0010425616856082334 0.0011264391537224583 0.0056298443969353684 0.0014167337189974196 0.0010067194261864643 0.0013362662907638887 0.013437904861802963 0.002490481072527472 0.0019304416373415734 0.0030488791644529547 0.0010207970453848247 0.0010210909540546709 0.003542683838531957 0.0096401231012350763 0.0023516434512202977 0.0012205538741909558 0.0010358738154536695 0.0062657592843606835
leaf_count=2370 152 23 63 4 35 13 3 26 38 262 133 138 147 185 628 167 145 158 1521 284 236 337 114 113 410 1066 263 137 124 705
internal_value=8.74214e-08 -0.0479708 0.0463478 0.0243673 0.0490618 0.0454199 0.0324506 0.0499942 -0.0500888 -0.0500047 -0.0500046 -0.0500055 -0.0500046 -0.0500052 -0.0500046 -0.0500047 -0.0500052 -0.0500046 -0.0500046 -0.0500046 -0.0500049 -0.0500045 -0.0500046 -0.0500046 -0.0500047 -0.0500045 -0.0500045 -0.0500046 -0.0500047 -0.0500046
internal_weight=0.173719 0.0853649 0.0883545 0.0097105 0.078644 0.01603 0.00418875 0.062614 0.00223349 0.0836288 0.0823688 0.00314876 0.07922 0.002169 0.077051 0.0159126 0.0021322 0.0125655 0.0611384 0.0159284 0.00334718 0.04521 0.0112292 0.00406997 0.00559935 0.04114 0.0194781 0.00983796 0.00457856 0.0086174
internal_count=10000 9666 334 194 140 79 66 61 190 9643 9381 416 8965 332 8633 1837 283 1434 6796 1805 403 4991 1276 450 648 4541 2171 1105 534 968
is_linear=0
shrinkage=0.05


Tree=87
num_leaves=31
num_cat=0
split_feature=2 7 2 8 19 7 14 19 1 7 7 1 1 0 1 9 9 0 1 9 9 1 1 9 0 20 1 0 20 20
split_gain=0.146548 0.00202618 0.00633925 5.30105e-05 0.000111104 0.000157269 2.79718e-07 5.64603e-09 1.06773e-09 1.09346e-11 4.97435e-13 3.13128e-13 1.4258e-13 4.86434e-14 4.27991e-14 4.23481e-14 2.00426e-14 1.79197e-14 1.80485e-14 1.35308e-14 6.41674e-15 6.17518e-15 3.86496e-15 3.31853e-15 2.65933e-15 2.16147e-15 1.91167e-15 1.74513e-15 1.63368e-15 9.91394e-16
threshold=1.2500000000000002 1.0000000180025095e-35 2.7500000000000004 4.9092118923290018 0.49350000000000005 8.3250000000000011 1.0000000180025095e-35 0.15150000000000002 0.86211933658959194 5.0250000000000012 1.8750000000000002 0.64104479504003364 0.6899041751943692 0.49719238281250006 0.56062835938462541 0.84523809523809534 0.69047619047619058 0.49377441406250006 0.60908405236354046 0.84523809523809534 0.69047619047619058 0.60790662315787813 0.50706044527175165 0.69047619047619058 0.43469238281250006 0.42350000000000004 0.60908405236354046 0.50122070312500011 0.61850000000000016 0.4865000000000001
decision_type=2 2 2 2 2 2 2 2 2 2 2 2 2 2 2 2 2 2 2 2 2 2 2 2 2 2 2 2 2 2
left_child=8 2 7 4 5 -3 -5 -2 9 10 12 -12 14 16 19 17 -14 20 -19 22 -16 28 -1 -24 -22 -25 29 -21 -17 -26
right_child=1 3 -4 6 -6 -7 -8 -9 -10 -11 11 -13 13 -15 15 21 -18 18 -20 27 24 -23 23 25 26 -27 -28 -29 -30 -31
leaf_value=-0.050004085708940986 -0.05001001247936937 0.029501752604961004 0.050006871199084937 0.049792288429951946 0.04983620812257273 0.050006764480300496 0.050007226749448769 -0.050171747838080899 -0.050053714224181478 -0.050009207014976409 -0.050004378768459749 -0.050005573828558192 -0.050004176571622365 -0.050004623050305987 -0.050004113124331423 -0.050004273829903134 -0.050004427611114566 -0.050004149492489602 -0.050004376321693023 -0.050004154501112487 -0.050004108674698879 -0.050004445537996912 -0.050004094329871268 -0.050004098008351199 -0.050004125252014225 -0.050004169533392019 -0.050004215835878718 -0.050004222301471328 -0.050004356881931625 -0.050004184108584732
leaf_weight=0.021350829448692821 0.0011672781033666979 0.0019824288106065069 0.0058316100621595979 0.025962774319850723 0.0070029600783527712 0.0017700274474918842 0.036300705978646874 0.0010034873930635513 0.0011076299347223531 0.0011005613746419831 0.0011991986179964434 0.0010095881107190507 0.0016051277166297942 0.0018556352342784521 0.0075453052490956907 0.0014133426952867003 0.0015754661562823458 0.0016376249309359983 0.0018880499242186488 0.010863839595913305 0.0011704998933055322 0.0012450488243302971 0.0052416127559808956 0.0014449628538386605 0.0011631781599135138 0.003920546236258815 0.0034770973484228307 0.0010388705577497612 0.0010184706534346333 0.0018592314945635735
leaf_count=2593 157 58 3 24 21 9 24 43 115 272 195 177 204 270 927 179 213 205 247 1362 144 164 643 179 144 489 447 132 129 231
internal_value=-1.40313e-07 0.0467401 0.0228555 0.0493577 0.0461162 0.0391739 0.0499176 -0.0500848 -0.050005 -0.0500043 -0.0500042 -0.0500049 -0.0500042 -0.0500044 -0.0500041 -0.0500042 -0.0500043 -0.0500042 -0.0500043 -0.0500041 -0.0500041 -0.0500044 -0.0500041 -0.0500041 -0.0500042 -0.0500042 -0.0500042 -0.0500042 -0.0500043 -0.0500042
internal_weight=0.156753 0.0810213 0.00800238 0.0730189 0.0107554 0.00375246 0.0622635 0.00217077 0.0757317 0.0746241 0.0735235 0.00220879 0.0713147 0.00503623 0.0662785 0.0224178 0.00318059 0.018741 0.00352567 0.0438607 0.0152153 0.00367686 0.031958 0.0106071 0.00767001 0.00536551 0.00649951 0.0119027 0.00243181 0.00302241
internal_count=10000 339 203 136 88 67 48 200 9661 9546 9274 372 8902 687 8215 2817 417 2345 452 5398 1893 472 3904 1311 966 668 822 1494 308 375
is_linear=0
shrinkage=0.05


Tree=88
num_leaves=31
num_cat=0
split_feature=2 7 2 3 11 1 7 21 8 7 1 1 9 1 9 21 9 9 1 1 1 9 13 1 21 13 11 14 1 7
split_gain=0.131935 0.00179373 0.00572034 7.05604e-05 0.000133582 7.04125e-10 7.61841e-12 2.28361e-12 3.54085e-13 2.69521e-13 9.64645e-14 3.12875e-14 3.10897e-14 2.44076e-14 1.77523e-14 9.90614e-15 9.86017e-15 8.25034e-15 5.26662e-15 4.83207e-15 2.76862e-15 2.41647e-15 1.60288e-15 1.47191e-15 1.42247e-15 1.19783e-15 1.13277e-15 6.01949e-16 5.97179e-16 3.62557e-16
threshold=1.2500000000000002 1.0000000180025095e-35 2.7500000000000004 1.2500000000000002 17.270000000000007 0.84345615412171793 4.8000000000000016 0.72536666666666683 6.3061214547812314 1.8750000000000002 0.6899041751943692 0.56062835938462541 0.84523809523809534 0.74200107251327996 0.69047619047619058 0.35075000000000006 0.84523809523809534 0.69047619047619058 0.60908405236354046 0.59667307609974096 0.50706044527175165 0.69047619047619058 2.1500000000000004 0.60908405236354046 0.46625000000000005 3.1500000000000004 16.450000000000006 1.0000000180025095e-35 0.6483455605043833 1.0000000180025095e-35
decision_type=2 2 2 2 2 2 2 2 2 2 2 2 2 2 2 2 2 2 2 2 2 2 2 2 2 2 2 2 2 2
left_child=5 2 -2 4 -3 6 9 8 -5 10 11 16 17 14 -12 19 20 22 25 -14 24 -22 -13 -24 -1 -19 -23 28 -20 -18
right_child=1 3 -4 7 -6 -7 -8 -9 -10 -11 13 12 15 -15 -16 -17 29 18 27 -21 21 26 23 -25 -26 -27 -28 -29 -30 -31
leaf_value=-0.050003695249462778 -0.050076494921928262 0.036201627479509356 0.05000617838961316 0.05000615030277325 0.048984842969412162 -0.050044057535965886 -0.050007884895782242 0.050006953362303611 0.050006492764997607 -0.050004385744620107 -0.050003785427663754 -0.0500037928178962 -0.050003819793391691 -0.050004156123430593 -0.050004031883059699 -0.050004073588827871 -0.050003761873038927 -0.050003808110967357 -0.050003839441920939 -0.050003965105712804 -0.050003706896292258 -0.050003744344735937 -0.050003703402641542 -0.050003749733498831 -0.050003743844844295 -0.050003749174869855 -0.050003802803283752 -0.050003820130079236 -0.050003884703852121 -0.050003784710067091
leaf_weight=0.017590507512977638 0.0019520428190844532 0.0028089044176340394 0.0053154242923483253 0.016305860481224954 0.0075013349419350561 0.001107141554257395 0.0011529857611094476 0.02510843682102859 0.014052642975002527 0.0018167312337027388 0.0014604089778913467 0.0011521798369358294 0.001269813742965197 0.0015131662489693554 0.0014621419713876094 0.0010006511920437333 0.0085477315114985686 0.0012315257308728178 0.0018090797061631747 0.0010412289698251698 0.0047213345251293504 0.0037708128043050237 0.0030883970912327641 0.0038529600578840473 0.0016413609960181921 0.0028764915414285497 0.0010620388588904461 0.0016503671581631352 0.0012195532804071263 0.002173348188989622
leaf_count=2370 200 51 3 39 22 138 302 17 7 338 207 157 179 240 221 141 1168 169 255 152 643 521 421 533 223 398 147 235 177 326
internal_value=-7.6761e-09 0.0466962 0.023124 0.0493006 0.0455022 -0.0500045 -0.0500039 0.0500066 0.0500063 -0.0500038 -0.0500038 -0.0500038 -0.0500038 -0.050004 -0.0500039 -0.0500039 -0.0500037 -0.0500038 -0.0500038 -0.0500039 -0.0500037 -0.0500037 -0.0500037 -0.0500037 -0.0500037 -0.0500038 -0.0500038 -0.0500038 -0.0500039 -0.0500038
internal_weight=0.141257 0.0730446 0.00726747 0.0657772 0.0103102 0.068212 0.0671048 0.0554669 0.0303585 0.0659518 0.0641351 0.0596994 0.0201922 0.00443572 0.00292255 0.00331169 0.0395071 0.0168806 0.00878702 0.00231104 0.0287861 0.00955419 0.00809354 0.00694136 0.0192319 0.00410802 0.00483285 0.004679 0.00302863 0.0107211
internal_count=10000 339 203 136 73 9661 9523 63 46 9221 8883 8215 2817 668 428 472 5398 2345 1234 331 3904 1311 1111 954 2593 567 668 667 432 1494
is_linear=0
shrinkage=0.05


Tree=89
num_leaves=31
num_cat=0
split_feature=2 17 2 7 0 1 7 7 1 1 13 0 0 1 1 13 21 1 1 0 21 1 12 20 20 20 12 12 12 13
split_gain=0.11871 0.00173807 0.00362987 0.000174921 4.43868e-07 4.568e-10 5.59217e-12 1.86372e-13 6.37893e-14 2.31898e-14 2.21906e-14 2.02212e-14 1.04326e-14 6.48787e-15 2.56045e-15 2.56045e-15 1.46758e-15 1.07553e-15 9.99201e-16 1.00961e-15 9.45424e-16 5.82867e-16 4.88325e-16 4.77916e-16 3.64292e-16 2.68015e-16 2.48933e-16 2.25514e-16 2.1684e-16 2.07299e-16
threshold=1.2500000000000002 -1.0000000180025095e-35 2.2500000000000004 3.2250000000000005 0.53540039062500011 0.82951703464829418 4.8000000000000016 1.8750000000000002 0.6899041751943692 0.56062835938462541 1.0000000180025095e-35 0.49719238281250006 0.49475097656250006 0.60908405236354046 0.72702904965237869 1.1500000000000001 0.46925000000000006 0.50706044527175165 0.60908405236354046 0.43469238281250006 0.30825000000000008 0.49195623348253797 1.1500000000000001 0.40650000000000008 0.42350000000000004 0.77550000000000008 1.1500000000000001 1.1500000000000001 1.1500000000000001 1.0000000180025095e-35
decision_type=2 2 2 2 2 2 2 2 2 2 2 2 2 2 2 2 2 2 2 2 2 2 2 2 2 2 2 2 2 2
left_child=5 2 -2 -3 -5 6 7 8 9 15 -11 14 16 -14 -10 21 18 20 24 -20 -17 22 25 -19 -12 -1 -26 -21 -25 -23
right_child=1 3 -4 4 -6 -7 -8 -9 11 10 12 -13 13 -15 -16 17 -18 23 19 27 -22 29 -24 28 26 -27 -28 -29 -30 -31
leaf_value=-0.050003383239665813 -0.050008177449909354 0.042905021735942683 0.050005923621298548 0.049672592697363238 0.050006053013478741 -0.050035622942047824 -0.050007137564586968 -0.05000395414964285 -0.050003482569245056 -0.050003599596120378 -0.050003364357870554 -0.050003764888488726 -0.050003430042555398 -0.050003583058455474 -0.050003584243673661 -0.050003349451926353 -0.05000346164348745 -0.050003356560902407 -0.050003373816181446 -0.05000343174115357 -0.050003386151023933 -0.050003407966087189 -0.05000335850493294 -0.050003393699781788 -0.050003402280460962 -0.050003411738914316 -0.050003377532409049 -0.050003410782373983 -0.050003374124684377 -0.050003385885333956
leaf_weight=0.0046386051471927203 0.0014055463311706254 0.01076672081308061 0.0025587852578610182 0.013596629741186916 0.037511306465603411 0.001126602234762685 0.0010320473327283244 0.0016193263365948942 0.0015176442057054365 0.0019903998040717843 0.0016130054145833128 0.0013205094528530026 0.0013117839803271627 0.0014677927347293007 0.0010460254102326871 0.01274055541944108 0.0010335269962524771 0.0020082153700968766 0.0013128546011103026 0.0030178181223163847 0.0020352930778244635 0.0041972276994783897 0.0018150532969229971 0.0031519432254754065 0.0025133011658908799 0.0010028199526459503 0.0016985643392217753 0.0022201179435796803 0.002551221645262558 0.0014283928644545085
leaf_count=708 227 34 1 39 38 164 300 335 241 307 245 233 204 239 173 1914 160 306 199 474 308 646 273 484 385 152 259 345 389 218
internal_value=1.09875e-08 0.0466408 0.0145461 0.0486971 0.0499173 -0.0500041 -0.0500035 -0.0500034 -0.0500034 -0.0500034 -0.0500034 -0.0500036 -0.0500034 -0.0500035 -0.0500035 -0.0500034 -0.0500034 -0.0500034 -0.0500034 -0.0500034 -0.0500034 -0.0500034 -0.0500034 -0.0500034 -0.0500034 -0.0500034 -0.0500034 -0.0500034 -0.0500034 -0.0500034
internal_weight=0.12725 0.065839 0.00396433 0.0618747 0.0511079 0.0614106 0.060284 0.059252 0.0576327 0.0537485 0.0181792 0.00388418 0.0161888 0.00277958 0.00256367 0.0355693 0.0134092 0.0224872 0.0123757 0.00655079 0.0147758 0.0130821 0.00745648 0.00771138 0.00582487 0.00564143 0.00421187 0.00523794 0.00570316 0.00562562
internal_count=10000 339 228 111 77 9661 9497 9197 8862 8215 2817 647 2510 443 414 5398 2067 3401 1907 1018 2222 1997 1133 1179 889 860 644 819 873 864
is_linear=0
shrinkage=0.05


Tree=90
num_leaves=31
num_cat=0
split_feature=2 7 2 21 8 12 1 7 21 7 1 1 9 1 9 9 9 1 1 1 9 20 1 21 20 13 14 1 20 13
split_gain=0.106781 0.0016209 0.004704 5.85442e-05 0.000129958 0.000153386 3.34862e-10 3.6852e-12 2.30468e-13 1.1318e-13 4.73094e-14 1.69031e-14 1.69968e-14 1.09504e-14 9.67238e-15 5.38458e-15 4.41487e-15 2.83367e-15 2.15626e-15 1.5335e-15 1.31752e-15 9.2374e-16 8.23994e-16 7.84095e-16 6.31873e-16 3.15286e-16 3.05311e-16 2.81025e-16 2.70617e-16 2.13805e-16
threshold=1.2500000000000002 1.0000000180025095e-35 2.7500000000000004 0.60525000000000018 4.9092118923290018 3.5500000000000003 0.82951703464829418 4.1250000000000009 0.72536666666666683 1.8750000000000002 0.6899041751943692 0.56062835938462541 0.84523809523809534 0.74200107251327996 0.69047619047619058 0.84523809523809534 0.69047619047619058 0.60908405236354046 0.60042747489695947 0.50706044527175165 0.69047619047619058 0.42350000000000004 0.61059240488531541 0.46625000000000005 0.43050000000000005 3.9500000000000002 1.0000000180025095e-35 0.64654634916082532 0.7955000000000001 2.9500000000000002
decision_type=2 2 2 2 2 2 2 2 2 2 2 2 2 2 2 2 2 2 2 2 2 2 2 2 2 2 2 2 2 2
left_child=6 2 -2 4 5 -3 7 9 -5 10 11 15 16 14 -12 19 22 24 -14 23 -21 -22 29 -1 -18 -24 27 -19 -17 -13
right_child=1 3 -4 8 -6 -7 -8 -9 -10 -11 13 12 18 -15 -16 28 17 26 -20 20 21 -23 25 -25 -26 -27 -28 -29 -30 -31
leaf_value=-0.050003030207159994 -0.050072086163462197 0.025770003745782186 0.050005229387877742 0.050005584377164104 0.049248364304239026 0.05000518584228425 -0.050032176054539856 -0.050006013994622879 0.050005815130373825 -0.050003565098454418 -0.050003104586415797 -0.050003065914385803 -0.05000319530901453 -0.050003394899247211 -0.050003306628092006 -0.050003085138859177 -0.050003055575107438 -0.050003147568754513 -0.050003286421396766 -0.05000304000724435 -0.050003041277271225 -0.050003095977033091 -0.050003102848845661 -0.050003070307308765 -0.050003103000521604 -0.050003071124997668 -0.050003132639780748 -0.050003181668862584 -0.050003110201332718 -0.050003038163019577
leaf_weight=0.01426345865456824 0.0016472836255161374 0.0015037100761219335 0.0040883702458813787 0.019316466990858316 0.0071243128477362916 0.0011538622202351689 0.001012878894698587 0.0011080336591930964 0.024601819692179561 0.0012797691051673601 0.0011841191642361073 0.0010269923459418351 0.001584573637956054 0.0011284933798378916 0.0011853710018385755 0.0074339074972158414 0.0010066479094348324 0.0013923488886575797 0.0011003862093730277 0.0038283053681880111 0.001055355761309329 0.0028632257008212036 0.001228361285484425 0.0013308618968039818 0.0023242157949425746 0.0021621349396809819 0.001337928205884964 0.001063361255773998 0.0012588814106493373 0.002145048481906997
leaf_count=2370 200 63 3 30 21 1 164 347 21 288 207 172 274 219 221 1279 170 242 198 643 179 489 208 223 397 370 235 190 215 361
internal_value=-3.90629e-08 0.046528 0.021263 0.0492266 0.0457285 0.0362924 -0.0500037 -0.0500032 0.0500057 -0.0500031 -0.0500031 -0.0500031 -0.0500031 -0.0500033 -0.0500032 -0.0500031 -0.0500031 -0.0500031 -0.0500032 -0.050003 -0.0500031 -0.0500031 -0.0500031 -0.050003 -0.0500031 -0.0500031 -0.0500032 -0.0500032 -0.0500031 -0.050003
internal_weight=0.11474 0.0594358 0.00573565 0.0537002 0.00978189 0.00265757 0.0553047 0.0542918 0.0439183 0.0531837 0.051904 0.048406 0.016372 0.00349798 0.00236949 0.032034 0.013687 0.0071245 0.00268496 0.0233412 0.00774689 0.00391858 0.00656254 0.0155943 0.00333086 0.0033905 0.00379364 0.00245571 0.00869279 0.00317204
internal_count=10000 339 203 136 85 64 9661 9497 51 9150 8862 8215 2817 647 428 5398 2345 1234 472 3904 1311 668 1111 2593 567 578 667 432 1494 533
is_linear=0
shrinkage=0.05


Tree=91
num_leaves=31
num_cat=0
split_feature=2 17 2 7 0 1 7 1 9 1 13 0 9 1 9 9 1 9 21 0 1 0 13 0 1 21 13 1 8 0
split_gain=0.0960274 0.00144878 0.0029821 0.000188321 5.25478e-07 2.21801e-10 2.46659e-12 6.109e-14 2.23285e-14 1.6355e-14 2.18506e-14 5.72979e-15 4.13558e-15 3.78387e-15 3.31332e-15 1.70523e-15 1.14145e-15 1.03216e-15 7.06032e-16 6.21031e-16 4.23273e-16 2.8276e-16 1.94723e-16 1.30972e-16 9.36751e-17 5.11743e-17 1.56125e-17 1.30104e-17 1.12757e-17 9.97466e-18
threshold=1.2500000000000002 -1.0000000180025095e-35 2.2500000000000004 3.2250000000000005 0.53540039062500011 0.81591072250600349 3.5250000000000008 0.6899041751943692 0.69047619047619058 0.56062835938462541 1.0000000180025095e-35 0.49475097656250006 0.84523809523809534 0.60908405236354046 0.84523809523809534 0.69047619047619058 0.50706044527175165 0.69047619047619058 0.46625000000000005 0.44177246093750006 0.60908405236354046 0.49670410156250006 2.1500000000000004 0.44396972656250006 0.60908405236354046 0.45575000000000004 4.1500000000000012 0.46384894020599726 3.7105762098167969 0.46398925781250006
decision_type=2 2 2 2 2 2 2 2 2 2 2 2 2 2 2 2 2 2 2 2 2 2 2 2 2 2 2 2 2 2
left_child=5 2 -2 -3 -5 6 7 9 -9 12 -11 14 16 -13 15 24 18 28 -1 -17 -21 23 -19 -14 26 27 -12 -25 -18 -24
right_child=1 3 -4 4 -6 -7 -8 8 -10 10 11 13 21 -15 -16 19 17 22 -20 20 -22 -23 29 25 -26 -27 -28 -29 -30 -31
leaf_value=-0.050002743607803747 -0.050006998009261575 0.041546012883404031 0.050005075271758376 0.049607304029054784 0.050005164034816169 -0.050026561390832405 -0.050005107123973873 -0.050002876539362445 -0.050003139395460083 -0.05000298701065628 -0.050002759556884213 -0.050002811732236585 -0.050002810295825463 -0.050002940829328636 -0.05000287531492828 -0.050002769538829983 -0.050002750472859715 -0.050002807650447213 -0.050002783005377353 -0.050002795014507363 -0.050002828018501026 -0.050002821808422429 -0.050002786198965102 -0.050002797357225348 -0.050002768960383463 -0.050002783294623925 -0.050002751238992872 -0.050002791724895301 -0.050002756724747521 -0.050002779713016789
leaf_weight=0.01292026763985632 0.0011636022443326502 0.0080309562349611952 0.0020735727157443762 0.011343403551109077 0.030924020335078239 0.0010075122477246614 0.00119164820489459 0.0015488073202050137 0.0016888643269794557 0.0019517604291650068 0.0010468943082742044 0.0010753890417163356 0.0010202258768003958 0.0012020848134852713 0.0010908312503943316 0.0010311347896276857 0.0024552713721277533 0.001141694801617632 0.001245797795945692 0.0017655779140568484 0.002162805559919434 0.0010410021643565415 0.0010858316882149666 0.0015740913499939779 0.0025692196788895671 0.0015882939087532577 0.0012353350903140381 0.0027695816334016854 0.0010080579413624946 0.0013434345328278141
leaf_count=2388 227 34 1 39 38 189 402 309 362 393 195 207 194 243 215 194 458 217 233 334 425 202 204 301 483 301 231 535 189 257
internal_value=-5.32558e-08 0.0464781 0.0140557 0.0485648 0.0498984 -0.0500033 -0.0500029 -0.0500028 -0.050003 -0.0500028 -0.0500028 -0.0500028 -0.0500028 -0.0500029 -0.0500028 -0.0500028 -0.0500028 -0.0500028 -0.0500027 -0.0500028 -0.0500028 -0.0500028 -0.0500028 -0.0500028 -0.0500028 -0.0500028 -0.0500028 -0.0500028 -0.0500028 -0.0500028
internal_weight=0.103297 0.0535356 0.00323717 0.0502984 0.0422674 0.0497614 0.0487539 0.0475623 0.00323767 0.0443246 0.015131 0.0131793 0.0291936 0.00227747 0.0109018 0.00981097 0.0212004 0.00703429 0.0141661 0.00495952 0.00392838 0.00799319 0.00357096 0.00695219 0.00485145 0.00593197 0.00228223 0.00434367 0.00346333 0.00242927
internal_count=10000 339 228 111 77 9661 9472 9070 671 8399 2920 2527 5479 450 2077 1862 3946 1325 2621 953 759 1533 678 1331 909 1137 426 836 647 461
is_linear=0
shrinkage=0.05


Tree=92
num_leaves=31
num_cat=0
split_feature=2 7 2 3 21 19 1 21 7 21 1 9 1 13 0 9 9 1 1 9 21 20 0 1 20 0 11 20 1 20
split_gain=0.0863236 0.00145284 0.00387172 6.92101e-05 0.000140299 0.000201479 1.35538e-10 2.0465e-12 1.78612e-12 1.37969e-13 3.73521e-14 1.71347e-14 1.20459e-14 1.62145e-14 4.2865e-15 3.00801e-15 2.48239e-15 2.23996e-15 8.60423e-16 7.84962e-16 5.20417e-16 4.13298e-16 3.43475e-16 2.90566e-16 1.97325e-16 1.92554e-16 1.30538e-16 9.71445e-17 7.89299e-17 2.1684e-17
threshold=1.2500000000000002 1.0000000180025095e-35 2.7500000000000004 1.2500000000000002 0.65050000000000008 0.81350000000000011 0.7938570754413915 0.72536666666666683 3.5250000000000008 0.6096666666666668 0.6899041751943692 0.69047619047619058 0.56062835938462541 1.0000000180025095e-35 0.49475097656250006 0.84523809523809534 0.69047619047619058 0.61212799947832386 0.50706044527175165 0.69047619047619058 0.46625000000000005 0.45550000000000007 0.44177246093750006 0.60908405236354046 0.55750000000000011 0.49475097656250006 14.810000000000004 0.77750000000000019 0.60908405236354046 0.64550000000000007
decision_type=2 2 2 2 2 2 2 2 2 2 2 2 2 2 2 2 2 2 2 2 2 2 2 2 2 2 2 2 2 2
left_child=6 2 -2 4 5 -3 8 9 10 -5 12 -12 15 -14 16 18 28 -16 20 -20 -1 -21 -18 24 -24 27 -23 29 -15 -17
right_child=1 3 -4 7 -6 -7 -8 -9 -10 -11 11 -13 13 14 17 25 22 -19 19 21 -22 26 23 -25 -26 -27 -28 -29 -30 -31
leaf_value=-0.05000248567078755 -0.050067534685108973 0.021654351500581162 0.050004573278912126 0.050004666771839706 0.050004942447140127 0.050004720803178693 -0.050020419671141375 0.050005572303207929 -0.050004624281060422 0.050004933797391952 -0.050002585670690783 -0.050002835705261456 -0.050002706385706953 -0.050002494632389455 -0.050002557481630211 -0.0500025259873507 -0.050002528617781455 -0.050002662017817549 -0.050002493472694698 -0.050002502267990828 -0.050002521281657657 -0.050002529711849014 -0.050002529569111734 -0.050002571537335276 -0.05000256067239011 -0.050002553834025937 -0.0500025541734746 -0.050002544845563004 -0.050002508174144644 -0.050002533288276085
leaf_weight=0.011630729629814596 0.0013904045035815207 0.0013180169262341215 0.0031704885186627507 0.0081484731053933501 0.0043009944492951035 0.0011947802267968655 0.0010924116991191104 0.016891524835955352 0.0010519375955482238 0.011905099847353995 0.0013043950291375941 0.0014434476952374098 0.0017567615882398977 0.0020544256228731683 0.001032461692147991 0.0037082167566495619 0.0011873864918925392 0.0010175586996865604 0.0031176386123661351 0.0010150120315302047 0.0011214284886591494 0.0011970475206908304 0.0010017875849825941 0.0022211251532553433 0.0010359034877183149 0.0010662862225672143 0.0010023836152868171 0.0010220463664154522 0.00231275005671705 0.0013985928535475978
leaf_count=2388 200 59 3 29 13 1 245 17 389 17 287 341 393 426 221 792 249 229 647 213 233 252 212 488 219 230 213 215 483 296
internal_value=5.20435e-08 0.0463522 0.0194972 0.0491512 0.0445209 0.0351343 -0.050003 0.0500052 -0.0500026 0.0500048 -0.0500025 -0.0500027 -0.0500025 -0.0500026 -0.0500025 -0.0500025 -0.0500025 -0.0500026 -0.0500025 -0.0500025 -0.0500025 -0.0500025 -0.0500026 -0.0500026 -0.0500025 -0.0500025 -0.0500025 -0.0500025 -0.0500025 -0.0500025
internal_weight=0.0931115 0.0483198 0.00456089 0.0437589 0.00681379 0.0025128 0.0447917 0.0369451 0.0436993 0.0200536 0.0426474 0.00274784 0.0398995 0.0136202 0.0118634 0.0262794 0.00981338 0.00205002 0.0190842 0.00633208 0.0127522 0.00321444 0.0054462 0.00425882 0.00203769 0.00719514 0.00219943 0.00612886 0.00436718 0.00510681
internal_count=10000 339 203 136 73 60 9661 63 9416 46 9027 628 8399 2920 2527 5479 2077 450 3946 1325 2621 678 1168 919 431 1533 465 1303 909 1088
is_linear=0
shrinkage=0.05


Tree=93
num_leaves=31
num_cat=0
split_feature=2 2 20 1 0 1 13 1 13 9 0 1 21 9 1 9 20 11 0 9 20 21 20 0 1 13 0 13 0 0
split_gain=0.0775874 0.00121547 0.00488999 8.96384e-11 2.76369e-13 7.42045e-14 5.02103e-14 1.53627e-14 3.09544e-14 4.08701e-15 3.69756e-15 3.15026e-15 2.60902e-15 1.05645e-15 8.04912e-16 9.36751e-16 6.86083e-16 3.75568e-16 1.34441e-16 1.12323e-16 7.37257e-17 1.17094e-17 5.20417e-18 3.46945e-18 3.46945e-18 1.73472e-18 8.67362e-19 8.67362e-19 4.33681e-19 4.33681e-19
threshold=1.2500000000000002 2.2500000000000004 0.86050000000000015 0.78346284258960497 0.41174316406250006 0.6899041751943692 3.75 0.60173033069635184 1.5500000000000003 0.81666666666666676 0.49475097656250006 0.55841970335894009 0.46625000000000005 0.69047619047619058 0.50706044527175165 0.69047619047619058 0.42350000000000004 15.590000000000002 0.49377441406250006 0.76388888888888895 0.69750000000000012 0.44250000000000006 0.75250000000000006 0.47424316406250006 0.46506839241104631 2.3500000000000005 0.48303222656250006 5.5500000000000007 0.46081542968750006 0.46350097656250006
decision_type=2 2 2 2 2 2 2 2 2 2 2 2 2 2 2 2 2 2 2 2 2 2 2 2 2 2 2 2 2 2
left_child=3 2 -2 4 -1 7 -7 9 -9 12 13 18 14 28 22 26 -17 23 20 -15 21 24 25 -18 -11 -6 29 -27 -10 -16
right_child=1 -3 -4 -5 5 6 -8 8 10 11 -12 -13 -14 19 15 16 17 -19 -20 -21 -22 -23 -24 -25 -26 27 -28 -29 -30 -31
leaf_value=-0.050002946402637971 -0.050049878894414868 0.050004523457246888 0.049551718506787482 -0.050016893738985595 -0.050002249279297618 -0.050002832217646731 -0.050002390219083842 -0.050002605295555835 -0.050002270037015406 -0.050002291232416979 -0.050002399853116719 -0.050002379835676715 -0.050002321349516758 -0.050002308419235558 -0.050002254880567233 -0.050002254962979886 -0.050002289829099322 -0.050002324966013402 -0.050002310825189161 -0.050002329317103383 -0.050002300220652954 -0.050002282725376601 -0.050002252285737708 -0.050002285844461675 -0.050002287598090549 -0.050002250434740748 -0.050002253206436156 -0.050002251113481201 -0.05000226987737913 -0.05000225397548147
leaf_weight=0.0018103717357007545 0.001584126493526127 0.036365494597703218 0.0055484762051491998 0.0010878209729980872 0.0035866295706910023 0.0010732986795574098 0.0016009111479888816 0.0010923650950189758 0.0010735718537944194 0.0010301979409632614 0.0010532403557590442 0.0012975955376077764 0.0019246080798893664 0.0014926271649073897 0.0020109922145365999 0.0011724607441010448 0.0011317103117107763 0.0010077641779844271 0.0010354992598422541 0.0011353518736996193 0.0015912060212031065 0.0010061175560167612 0.001633955130500909 0.0010072115503589885 0.0016966715927537734 0.0034728761729638791 0.0010489260771464615 0.0011520375451254949 0.0010383824985638057 0.0010152939994441113
leaf_count=418 290 36 13 276 818 350 403 338 249 244 262 319 451 358 463 273 265 241 248 277 373 238 373 239 408 793 244 264 242 234
internal_value=-5.40671e-08 0.046303 0.0274305 -0.0500027 -0.0500023 -0.0500023 -0.0500026 -0.0500023 -0.0500024 -0.0500023 -0.0500023 -0.0500023 -0.0500023 -0.0500023 -0.0500023 -0.0500023 -0.0500023 -0.0500023 -0.0500023 -0.0500023 -0.0500023 -0.0500023 -0.0500023 -0.0500023 -0.0500023 -0.0500023 -0.0500023 -0.0500023 -0.0500023 -0.0500023
internal_weight=0.0837778 0.0434981 0.0071326 0.0402797 0.0391919 0.0373815 0.00267421 0.0347073 0.00688554 0.0278218 0.00579317 0.00765729 0.0201645 0.00473993 0.0182399 0.00839436 0.00431915 0.00314669 0.00635969 0.00262798 0.00532419 0.00373299 0.0098455 0.00213892 0.00272687 0.00821154 0.00407521 0.00462491 0.00211195 0.00302629
internal_count=10000 339 303 9661 9385 8967 753 8214 1726 6488 1388 1830 4658 1126 4207 1959 1018 745 1511 635 1263 890 2248 504 652 1875 941 1057 491 697
is_linear=0
shrinkage=0.05


Tree=94
num_leaves=31
num_cat=0
split_feature=2 2 7 8 7 2 9 21 0 13 0 9 21 21 13 0 13 8 13 20 11 13 0 11 8 13 0 8 12 11
split_gain=0.0697183 0.00118011 0.00439178 2.62967e-11 1.06435e-11 9.64576e-14 4.36456e-15 2.45637e-15 1.43635e-15 1.23729e-15 1.11716e-15 9.4022e-16 3.22659e-16 3.00107e-16 3.10516e-16 3.35669e-16 2.498e-16 7.89299e-17 7.28584e-17 7.28584e-17 5.76796e-17 5.72459e-17 3.81639e-17 3.55618e-17 1.86483e-17 1.38778e-17 1.69136e-17 4.77049e-18 3.46945e-18 8.67362e-19
threshold=1.2500000000000002 2.2500000000000004 9.3000000000000025 5.4154489282483693 3.2250000000000005 1.0000000180025095e-35 0.69047619047619058 0.58640000000000014 0.49572753906250006 2.6000000000000005 0.50170898437500011 0.81666666666666676 0.43350000000000005 0.35350000000000004 3.5500000000000003 0.43566894531250006 1.8000000000000003 3.1054026727399706 5.9500000000000002 0.44950000000000007 15.070000000000004 4.3500000000000005 0.47302246093750006 13.690000000000003 4.0657109649146657 2.3500000000000005 0.46911621093750006 2.9409941514477169 1.1500000000000001 14.610000000000003
decision_type=2 2 2 2 2 2 2 2 2 2 2 2 2 2 2 2 2 2 2 2 2 2 2 2 2 2 2 2 2 2
left_child=3 2 -2 4 5 6 10 8 11 -10 12 13 21 14 19 -16 17 -13 23 -8 -21 25 27 -17 -19 28 29 -23 -1 -27
right_child=1 -3 -4 -5 -6 -7 7 -9 9 -11 -12 16 -14 -15 15 18 -18 24 -20 20 -22 22 -24 -25 -26 26 -28 -29 -30 -31
leaf_value=-0.050002041116715773 -0.050044589210242109 0.050004010221057105 0.050004097893329186 -0.050010247581090621 -0.050007309354153463 -0.050002545445783753 -0.050002045199958781 -0.050002153074261507 -0.050002085849148829 -0.050002147475945537 -0.050002101004321502 -0.050002080731982479 -0.050002074425244118 -0.050002095168647932 -0.050002050895538823 -0.05000207003669746 -0.05000211326748974 -0.05000209083218609 -0.050002088956544982 -0.050002053905787838 -0.050002069607979316 -0.05000204432679109 -0.050002057046425602 -0.050002081088221517 -0.050002099639327148 -0.050002040386852367 -0.050002049244271499 -0.050002048187675119 -0.050002037436922088 -0.050002042664286254
leaf_weight=0.0011153817576996516 0.0014450462358581708 0.033086545881815255 0.0045524745946750045 0.0010562214049514287 0.0010059794371954913 0.0011294874732357121 0.0011649732389287237 0.0014203183252448062 0.0017091593861096035 0.0015555286240669375 0.0010663002367437011 0.001660167275076673 0.0010112601510172689 0.0010494050950455866 0.0012153913562542584 0.0014091590462612658 0.0014507519865674112 0.001292246209231962 0.0016234698171047057 0.0014066596002066944 0.0010041272983016825 0.0014541247187480622 0.0011476197648789821 0.0015252455577865476 0.0011113335165191529 0.0012240914957146742 0.0010076645598928735 0.0018091202452978905 0.001559798199650686 0.0010089347319990338
leaf_count=284 286 36 17 272 436 338 299 372 450 426 285 435 262 274 312 368 392 341 432 361 259 372 300 400 298 312 260 466 397 258
internal_value=5.76152e-10 0.0463049 0.0258983 -0.0500025 -0.0500022 -0.0500021 -0.0500021 -0.0500021 -0.0500021 -0.0500021 -0.0500021 -0.0500021 -0.050002 -0.0500021 -0.0500021 -0.0500021 -0.0500021 -0.0500021 -0.0500021 -0.0500021 -0.0500021 -0.050002 -0.050002 -0.0500021 -0.0500021 -0.050002 -0.050002 -0.050002 -0.050002 -0.050002
internal_weight=0.075278 0.0390841 0.00599752 0.0361939 0.0351377 0.0341317 0.0330022 0.0205979 0.0191776 0.00326469 0.0124043 0.0159129 0.011338 0.0103984 0.00934903 0.00577327 0.0055145 0.00406375 0.00455787 0.00357576 0.00241079 0.0103267 0.00441086 0.0029344 0.00240358 0.00591587 0.00324069 0.00326324 0.00267518 0.00223303
internal_count=10000 339 303 9661 9389 8953 8615 5419 5047 876 3196 4171 2911 2705 2431 1512 1466 1074 1200 919 620 2649 1138 768 639 1511 830 838 681 570
is_linear=0
shrinkage=0.05


Tree=95
num_leaves=28
num_cat=0
split_feature=2 2 7 8 7 2 9 21 0 13 0 9 21 0 13 13 20 11 8 13 0 13 12 0 13 0 20
split_gain=0.0626348 0.00105574 0.00393759 1.71043e-11 6.05173e-12 6.42403e-14 3.06352e-15 1.62717e-15 1.0339e-15 9.14633e-16 7.30319e-16 6.31439e-16 1.99493e-16 1.89085e-16 1.83013e-16 1.76942e-16 9.28077e-17 8.97719e-17 4.85723e-17 4.68375e-17 3.03577e-17 2.42861e-17 6.50521e-18 5.20417e-18 5.20417e-18 3.46945e-18 8.67362e-19
threshold=1.2500000000000002 2.2500000000000004 9.3000000000000025 5.3665825394303877 2.6250000000000004 1.0000000180025095e-35 0.69047619047619058 0.58640000000000014 0.49572753906250006 2.6000000000000005 0.50073242187500011 0.81666666666666676 0.39050000000000007 0.43713378906250006 4.3500000000000005 1.8000000000000003 0.43650000000000005 14.870000000000003 3.1054026727399706 3.5500000000000003 0.47180175781250006 5.7500000000000009 1.1500000000000001 0.46545410156250006 5.1500000000000004 0.44396972656250006 0.56050000000000011
decision_type=2 2 2 2 2 2 2 2 2 2 2 2 2 2 2 2 2 2 2 2 2 2 2 2 2 2 2
left_child=3 2 -2 4 5 6 10 8 11 -10 12 13 19 -8 16 18 -15 -18 -13 22 24 -16 -1 -20 -21 -26 -24
right_child=1 -3 -4 -5 -6 -7 7 -9 9 -11 -12 15 -14 14 21 -17 17 -19 23 20 -22 -23 26 -25 25 -27 -28
leaf_value=-0.050001848370202023 -0.05004019213183078 0.050003765018789698 0.050003698116607299 -0.050008479602163626 -0.050005575583913046 -0.050002284881994076 -0.050001857717772415 -0.050001945350836012 -0.050001886535658228 -0.05000194278769881 -0.050001897365558726 -0.050001882300978011 -0.050001873729690574 -0.050001858674744229 -0.050001880293593787 -0.050001910838658264 -0.050001866213184781 -0.050001883568644982 -0.050001891513422353 -0.050001849104927068 -0.050001859674003363 -0.050001888951459218 -0.050001844877122371 -0.050001896628172227 -0.050001850908125089 -0.050001854789413207 -0.050001843598678777
leaf_weight=0.0016107760413888172 0.0012950079731126598 0.029719771177042276 0.0040892031975090504 0.0010615067963044558 0.0011569396067443441 0.0010008043072957653 0.0016948398890690441 0.0012382149877794282 0.0015200603820630923 0.0013777272165498289 0.0010048051810827028 0.0014618562413488698 0.0010049448715108164 0.0013633369635499548 0.0014128220698239602 0.0012992033869068109 0.0015598415702697821 0.0014082107779813668 0.0010201089669408248 0.0018818622643266281 0.0013932135293543979 0.0018306578735973744 0.001114026482355257 0.0010733194121712586 0.001016076615314887 0.0010019674864452099 0.0010069024958738737
leaf_count=457 286 36 17 308 525 334 483 359 444 418 297 425 288 390 413 390 448 406 300 535 404 541 316 317 289 289 285
internal_value=-1.0673e-08 0.0463131 0.0259412 -0.0500022 -0.050002 -0.0500019 -0.0500019 -0.0500019 -0.0500019 -0.0500019 -0.0500019 -0.0500019 -0.0500019 -0.0500019 -0.0500019 -0.0500019 -0.0500019 -0.0500019 -0.0500019 -0.0500019 -0.0500019 -0.0500019 -0.0500018 -0.0500019 -0.0500019 -0.0500019 -0.0500018
internal_weight=0.067618 0.035104 0.00538421 0.032514 0.0314525 0.0302956 0.0292948 0.0182602 0.017022 0.00289779 0.0110346 0.0141242 0.0100298 0.00926971 0.00757487 0.00485449 0.00433139 0.00296805 0.00355528 0.00902482 0.00529312 0.00324348 0.00373171 0.00209343 0.00389991 0.00201804 0.00212093
internal_count=10000 339 303 9661 9353 8828 8494 5334 4975 862 3160 4113 2863 2681 2198 1432 1244 854 1042 2575 1517 954 1058 617 1113 578 601
is_linear=0
shrinkage=0.05


Tree=96
num_leaves=24
num_cat=0
split_feature=2 2 7 1 7 1 0 9 9 1 21 9 1 9 0 0 13 0 0 0 1 1 1
split_gain=0.0562611 0.000944368 0.0035299 2.66392e-11 3.26638e-13 5.27703e-15 3.50067e-15 1.73819e-15 1.51528e-15 1.14578e-15 6.21031e-16 3.64726e-16 2.89699e-16 3.9118e-16 3.72966e-17 1.25767e-17 8.67362e-18 8.23994e-18 3.03577e-18 1.73472e-18 1.73472e-18 8.67362e-19 4.33681e-19
threshold=1.2500000000000002 2.2500000000000004 9.3000000000000025 0.76035263349980109 1.8750000000000002 0.60908405236354046 0.49475097656250006 0.84523809523809534 0.69047619047619058 0.55841970335894009 0.46625000000000005 0.76388888888888895 0.50706044527175165 0.69047619047619058 0.48767089843750006 0.45910644531250006 2.9500000000000002 0.45910644531250006 0.47351074218750006 0.48352050781250006 0.56865154585790145 0.53674738411077427 0.48919280869741771
decision_type=2 2 2 2 2 2 2 2 2 2 2 2 2 2 2 2 2 2 2 2 2 2 2
left_child=3 2 -2 4 5 7 8 10 17 14 12 -10 19 20 15 -9 -15 -7 -18 -1 21 -14 -17
right_child=1 -3 -4 -5 -6 6 -8 9 11 -11 -12 -13 13 16 -16 22 18 -19 -20 -21 -22 -23 -24
leaf_value=-0.050001667155453747 -0.050036231770476905 0.050003367892977948 0.050003265053547533 -0.050009862619073989 -0.050002562699538046 -0.050001684292982684 -0.05000181503343646 -0.050001700248001407 -0.050001727061898087 -0.050001758112626221 -0.050001708824229413 -0.050001765155056478 -0.050001671040920362 -0.050001697229712629 -0.05000170753541603 -0.050001694666686095 -0.05000169318572676 -0.050001690701617398 -0.050001689924226156 -0.050001667891811 -0.050001668112262893 -0.050001669437625511 -0.050001693770495216
leaf_weight=0.0057107136051399721 0.001160396118962125 0.026691169128753245 0.0036724598612636328 0.001044838293751126 0.0011359524844465332 0.0010328852720249406 0.0012154370743928666 0.0014100326802690679 0.0012996533114346676 0.0010037619886134053 0.0014116979707523561 0.0012154051693187284 0.0010525605521252146 0.0010805150980104372 0.0010134663145890954 0.0010930103503596911 0.001324927429550371 0.0010035995436510348 0.0010156860471397522 0.0018239536816508917 0.0012292345518289949 0.0010712022112784325 0.0010146817332952196
leaf_count=1795 286 36 17 382 563 330 423 456 432 329 449 412 335 349 333 355 426 325 330 575 391 340 331
internal_value=2.69637e-08 0.0463209 0.0259832 -0.050002 -0.0500017 -0.0500017 -0.0500017 -0.0500017 -0.0500017 -0.0500017 -0.0500017 -0.0500017 -0.0500017 -0.0500017 -0.0500017 -0.0500017 -0.0500017 -0.0500017 -0.0500017 -0.0500017 -0.0500017 -0.0500017 -0.0500017
internal_weight=0.0607272 0.031524 0.00483286 0.0292032 0.0281584 0.0270224 0.00576698 0.0212554 0.00455154 0.00553495 0.0157205 0.00251506 0.0143088 0.00677413 0.00453119 0.00351772 0.00342113 0.00203648 0.00234061 0.00753467 0.003353 0.00212376 0.00210769
internal_count=10000 339 303 9661 9279 8716 1922 6794 1499 1804 4990 844 4541 2171 1475 1142 1105 655 756 2370 1066 675 686
is_linear=0
shrinkage=0.05


Tree=97
num_leaves=24
num_cat=0
split_feature=2 2 20 1 0 1 13 1 13 0 13 1 21 1 13 1 20 20 21 11 13 1 0
split_gain=0.0505284 0.000844698 0.0030923 1.78922e-11 8.06959e-14 1.2202e-14 7.53694e-15 2.57433e-15 4.68809e-15 3.98986e-16 2.22045e-16 8.84709e-17 6.41848e-17 5.46438e-17 5.29091e-17 6.41848e-17 2.60209e-17 1.47451e-17 1.21431e-17 1.21431e-17 1.04083e-17 1.30104e-18 4.33681e-19
threshold=1.2500000000000002 2.2500000000000004 0.86050000000000015 0.75297652447446961 0.41174316406250006 0.65262435610803671 3.75 0.55841970335894009 1.0000000180025095e-35 0.49426269531250006 1.1500000000000001 0.50706044527175165 0.20550000000000004 0.49006136561846925 2.9500000000000002 0.60908405236354046 0.45850000000000002 0.55150000000000021 0.31150000000000005 14.590000000000002 2.1500000000000004 0.46632608988386337 0.46032714843750006
decision_type=2 2 2 2 2 2 2 2 2 2 2 2 2 2 2 2 2 2 2 2 2 2 2
left_child=3 2 -2 4 -1 7 -7 10 -9 14 13 12 20 18 -10 -16 -13 -15 19 -6 -12 22 -22
right_child=1 -3 -4 -5 5 6 -8 8 9 -11 11 16 -14 17 15 -17 -18 -19 -20 -21 21 -23 -24
leaf_value=-0.050001970365694738 -0.050032932985657155 0.050002986196489213 0.049458620659674074 -0.050008317033285378 -0.050001519126552145 -0.050001742356682588 -0.050001577223123428 -0.050001653432997409 -0.050001543208818569 -0.050001568748565463 -0.050001514719382183 -0.050001517403056778 -0.050001524777672272 -0.050001530861592626 -0.050001524696654809 -0.050001538746894697 -0.050001527182980968 -0.050001538569599539 -0.050001529693943725 -0.050001526533315056 -0.050001509220829382 -0.050001508795078781 -0.050001510962030607
leaf_weight=0.0011786905956796536 0.0010216333868129359 0.023967659217305481 0.0033157613634102745 0.0010213437211632473 0.0010038556829385934 0.001150641291133069 0.0017295001437105384 0.001103436119478828 0.001166602072544265 0.0010190915251087063 0.0013060158755706652 0.0010264835045745713 0.0010148159885829955 0.0011506912755976373 0.0018640633162476661 0.0014414633196793147 0.0019558343774406239 0.0013437604584396468 0.0010013912208250986 0.0011430546538804265 0.0010506471001008322 0.001538582427883739 0.0010156943684478392
leaf_count=418 290 36 13 420 356 534 658 456 420 377 462 367 360 419 667 524 702 486 359 409 368 541 358
internal_value=2.33605e-08 0.0463286 0.0260243 -0.0500018 -0.0500016 -0.0500015 -0.0500016 -0.0500015 -0.0500016 -0.0500015 -0.0500015 -0.0500015 -0.0500015 -0.0500015 -0.0500015 -0.0500015 -0.0500015 -0.0500015 -0.0500015 -0.0500015 -0.0500015 -0.0500015 -0.0500015
internal_weight=0.0545307 0.0283051 0.00433739 0.0262257 0.0252043 0.0240256 0.00288014 0.0211455 0.00659466 0.00549122 0.0145508 0.00890807 0.00592576 0.00564275 0.00447213 0.00330553 0.00298232 0.00249445 0.0031483 0.00214691 0.00491094 0.00360492 0.00206634
internal_count=10000 339 303 9661 9241 8823 1192 7631 2444 1988 5187 3158 2089 2029 1611 1191 1069 905 1124 765 1729 1267 726
is_linear=0
shrinkage=0.05


Tree=98
num_leaves=25
num_cat=0
split_feature=1 7 7 0 3 19 20 19 1 1 9 21 0 1 9 1 9 20 1 0 0 0 0 0
split_gain=0.0432213 0.000930013 0.000759638 0.00078359 4.73927e-05 0.000104274 9.22129e-07 1.49093e-13 3.67519e-14 4.05925e-15 2.95684e-15 1.13798e-15 8.99888e-16 8.09682e-16 7.61544e-16 1.70003e-16 2.06432e-16 9.71445e-17 8.45678e-17 3.64292e-17 5.20417e-18 1.73472e-18 8.67362e-19 8.67362e-19
threshold=0.86211933658959194 4.1250000000000009 1.0000000180025095e-35 0.58422851562500011 1.2500000000000002 0.64500000000000013 0.64350000000000007 0.31450000000000006 0.72253614954730361 0.60908405236354046 0.76388888888888895 0.46625000000000005 0.48425292968750006 0.51984047405234368 0.84523809523809534 0.50706044527175165 0.69047619047619058 0.47050000000000008 0.53868981266870952 0.45397949218750006 0.47351074218750006 0.48596191406250006 0.47204589843750006 0.47106933593750006
decision_type=2 2 2 2 2 2 2 2 2 2 2 2 2 2 2 2 2 2 2 2 2 2 2 2
left_child=1 8 3 -2 5 -4 -6 -8 9 11 12 14 19 -13 15 21 23 -18 20 -11 -16 22 -1 -17
right_child=2 -3 4 -5 6 -7 7 -9 -10 10 -12 13 -14 -15 18 16 17 -19 -20 -21 -22 -23 -24 -25
leaf_value=-0.050001365110901232 -0.0082342900041876051 -0.00075333949572416615 0.030893567414085634 0.048651429610929373 0.049225395586953963 0.050002570959406835 0.050002898925664702 0.050002574575381403 -0.050001689285268582 -0.050001384694121576 -0.050001499871901535 -0.050001388919540979 -0.050001449019450209 -0.050001448354959538 -0.05000139055389085 -0.050001367976160838 -0.050001374426763195 -0.050001393837726262 -0.050001409698237721 -0.050001397711464148 -0.050001395429386301 -0.050001366055633267 -0.050001364613194058 -0.050001366798721802
leaf_weight=0.0037528099010160076 0.0012452400454776571 0.0010003563703548926 0.0011139661312427043 0.0011781069625840246 0.0052097297448199234 0.0019878309103660285 0.0076541322050616145 0.0065960721694864333 0.0010991976747618528 0.0010002792519117057 0.0012770395858296979 0.0013285923353123499 0.0010008975322080005 0.001006992586439992 0.0014164274697350274 0.0016796026720840018 0.0010004147287645537 0.0017895404271257576 0.0010231343953819305 0.0011741686860204936 0.001023542869575067 0.0013073453527567835 0.0010572706667062448 0.0010445257944411424
leaf_count=1463 183 368 60 11 27 4 18 31 503 400 565 528 420 409 572 661 401 720 422 476 419 512 413 414
internal_value=-1.39317e-08 -0.0479471 0.0460224 0.0194206 0.0488797 0.0431398 0.0497946 0.0500027 -0.0500014 -0.0500014 -0.0500014 -0.0500014 -0.0500014 -0.0500014 -0.0500014 -0.0500014 -0.0500014 -0.0500014 -0.0500014 -0.0500014 -0.0500014 -0.0500014 -0.0500014 -0.0500014
internal_weight=0.0489672 0.0239821 0.0249851 0.00242335 0.0225617 0.0031018 0.0194599 0.0142502 0.0229818 0.0218826 0.00445239 0.0174302 0.00317535 0.00233558 0.0150946 0.0116315 0.00551408 0.00278996 0.0034631 0.00217445 0.00243997 0.00611743 0.00481008 0.00272413
internal_count=10000 9666 334 194 140 64 76 49 9298 8795 1861 6934 1296 937 5997 4584 2196 1121 1413 876 991 2388 1876 1075
is_linear=0
shrinkage=0.05


Tree=99
num_leaves=18
num_cat=0
split_feature=2 2 20 1 1 13 21 9 1 9 1 1 9 20 1 11 1
split_gain=0.0409053 0.000721619 0.00128985 1.02506e-11 2.78597e-14 8.44203e-14 8.72566e-16 6.245e-16 5.59882e-16 5.16948e-16 2.24647e-16 1.31839e-16 1.5786e-16 7.069e-17 3.07913e-17 1.73472e-18 8.67362e-19
threshold=1.2500000000000002 2.2500000000000004 0.87450000000000017 0.73623722764153554 0.60042747489695947 2.3500000000000005 0.46625000000000005 0.69047619047619058 0.50591534194561028 0.81666666666666676 0.6483455605043833 0.50706044527175165 0.69047619047619058 0.51550000000000018 0.52986943072452874 15.610000000000003 0.48417531325998342
decision_type=2 2 2 2 2 2 2 2 2 2 2 2 2 2 2 2 2
left_child=3 2 -2 4 6 -6 9 -7 -8 11 -9 16 -13 -14 15 -11 -1
right_child=1 -3 -4 -5 5 7 8 10 -10 14 -12 12 13 -15 -16 -17 -18
leaf_value=-0.050001239384961607 -0.012451352137574685 0.050002551226281694 0.049236267315822861 -0.050006371206221714 -0.050001771291424107 -0.050001257821348025 -0.050001259632813211 -0.0500012819183146 -0.050001311808526454 -0.050001263301139853 -0.05000131482700218 -0.050001241532461375 -0.050001250441575697 -0.050001267913770901 -0.050001275181889751 -0.050001265881871641 -0.050001239620138194
leaf_weight=0.0041776337491228333 0.0013742556706120004 0.019425169302849099 0.0022102847851783736 0.0010431067579474975 0.0011289247859167508 0.0017773050569758198 0.0010546625002234586 0.0010446064645748265 0.0010044250510645725 0.0010162422031498872 0.0010263510562253941 0.002276543398238573 0.0010406490703189775 0.0012899670680326381 0.0010163668789573421 0.0010295994923126273 0.0013334049440345552
leaf_count=1808 294 36 9 525 639 795 466 476 457 458 487 997 465 577 466 465 580
internal_value=1.66649e-08 0.0461989 0.0255862 -0.0500015 -0.0500013 -0.0500014 -0.0500013 -0.0500013 -0.0500013 -0.0500013 -0.0500013 -0.0500012 -0.0500013 -0.0500013 -0.0500013 -0.0500013 -0.0500012
internal_weight=0.0442695 0.0230097 0.00358454 0.0212598 0.0202167 0.00497719 0.0152395 0.00384826 0.00205909 0.0131804 0.00207096 0.0101182 0.00460716 0.00233062 0.00306221 0.00204584 0.00551104
internal_count=10000 339 303 9661 9136 2397 6739 1758 923 5816 963 4427 2039 1042 1389 923 2388
is_linear=0
shrinkage=0.05


end of trees

feature_importances:
bm25_score=683
production_ml_score=323
leadership_score=316
semantic_sim=240
career_consistency_score=232
hireability_score=225
avg_skill_assessment=195
retrieval_experience_score=163
recruiter_interest_score=158
profile_completeness=117
ranking_experience_score=85
vector_db_score=49
jd_disqualifier_penalty=44
github_activity_score=43
startup_readiness_score=34
product_ownership_score=23
trust_score=23
role_progression_score=11

parameters:
[boosting: gbdt]
[objective: lambdarank]
[metric: ndcg]
[tree_learner: serial]
[device_type: cpu]
[data_sample_strategy: bagging]
[data: ]
[valid: ]
[num_iterations: 100]
[learning_rate: 0.05]
[num_leaves: 31]
[num_threads: 0]
[seed: 42]
[deterministic: 0]
[force_col_wise: 0]
[force_row_wise: 0]
[histogram_pool_size: -1]
[max_depth: -1]
[min_data_in_leaf: 20]
[min_sum_hessian_in_leaf: 0.001]
[bagging_fraction: 1]
[pos_bagging_fraction: 1]
[neg_bagging_fraction: 1]
[bagging_freq: 0]
[bagging_seed: 400]
[bagging_by_query: 0]
[feature_fraction: 0.8]
[feature_fraction_bynode: 1]
[feature_fraction_seed: 30056]
[extra_trees: 0]
[extra_seed: 12879]
[early_stopping_round: 0]
[early_stopping_min_delta: 0]
[first_metric_only: 0]
[max_delta_step: 0]
[lambda_l1: 0]
[lambda_l2: 0]
[linear_lambda: 0]
[min_gain_to_split: 0]
[drop_rate: 0.1]
[max_drop: 50]
[skip_drop: 0.5]
[xgboost_dart_mode: 0]
[uniform_drop: 0]
[drop_seed: 17869]
[top_rate: 0.2]
[other_rate: 0.1]
[min_data_per_group: 100]
[max_cat_threshold: 32]
[cat_l2: 10]
[cat_smooth: 10]
[max_cat_to_onehot: 4]
[top_k: 20]
[monotone_constraints: ]
[monotone_constraints_method: basic]
[monotone_penalty: 0]
[feature_contri: ]
[forcedsplits_filename: ]
[refit_decay_rate: 0.9]
[cegb_tradeoff: 1]
[cegb_penalty_split: 0]
[cegb_penalty_feature_lazy: ]
[cegb_penalty_feature_coupled: ]
[path_smooth: 0]
[interaction_constraints: ]
[verbosity: -1]
[saved_feature_importance_type: 0]
[use_quantized_grad: 0]
[num_grad_quant_bins: 4]
[quant_train_renew_leaf: 0]
[stochastic_rounding: 1]
[linear_tree: 0]
[max_bin: 255]
[max_bin_by_feature: ]
[min_data_in_bin: 3]
[bin_construct_sample_cnt: 200000]
[data_random_seed: 175]
[is_enable_sparse: 1]
[enable_bundle: 1]
[use_missing: 1]
[zero_as_missing: 0]
[feature_pre_filter: 1]
[pre_partition: 0]
[two_round: 0]
[header: 0]
[label_column: ]
[weight_column: ]
[group_column: ]
[ignore_column: ]
[categorical_feature: ]
[forcedbins_filename: ]
[precise_float_parser: 0]
[parser_config_file: ]
[objective_seed: 16083]
[num_class: 1]
[is_unbalance: 0]
[scale_pos_weight: 1]
[sigmoid: 1]
[boost_from_average: 1]
[reg_sqrt: 0]
[alpha: 0.9]
[fair_c: 1]
[poisson_max_delta_step: 0.7]
[tweedie_variance_power: 1.5]
[lambdarank_truncation_level: 30]
[lambdarank_norm: 1]
[label_gain: ]
[lambdarank_position_bias_regularization: 0]
[eval_at: 10,20]
[multi_error_top_k: 1]
[auc_mu_weights: ]
[num_machines: 1]
[local_listen_port: 12400]
[time_out: 120]
[machine_list_filename: ]
[machines: ]
[gpu_platform_id: -1]
[gpu_device_id: -1]
[gpu_use_dp: 0]
[num_gpu: 1]

end of parameters

pandas_categorical:[]
