resume_id,category,character_count,word_count,estimated_layout_type,contains_email,contains_phone,contains_dates,contains_education,contains_experience,contains_skills
16852973,HR,5442,674,single_column,False,False,True,True,True,True
22323967,HR,5572,708,single_column,False,False,True,True,True,True
33176873,HR,7720,1017,single_column,False,False,True,True,True,True
27018550,HR,2855,379,single_column,False,False,True,True,True,True
17812897,HR,9172,1206,single_column,False,False,True,True,True,True
11592605,HR,5480,666,single_column,False,False,True,True,True,True
25824789,HR,5250,637,single_column,False,False,True,True,True,True
15375009,HR,9033,1106,single_column,False,False,True,True,True,True
11847784,HR,6720,796,single_column,False,False,True,True,True,True
32896934,HR,5978,716,single_column,False,False,True,True,True,True
29149998,HR,5356,679,single_column,False,False,True,True,True,True
11480899,HR,8718,1123,single_column,False,False,True,True,True,True
23155093,HR,5766,732,single_column,False,False,True,True,True,True
11763983,HR,5662,715,single_column,False,False,True,True,True,True
27490876,HR,6163,724,single_column,False,False,True,True,True,True
32977530,HR,6007,750,single_column,False,False,True,True,True,True
93002334,HR,5458,701,single_column,False,False,True,True,True,True
24184357,HR,9115,1123,single_column,False,False,True,True,True,True
73077810,HR,5220,642,single_column,False,False,True,True,True,True
13879043,HR,6287,802,single_column,False,False,True,True,True,True
30163002,HR,4938,620,single_column,False,False,True,True,True,True
18827609,HR,8512,1108,single_column,False,False,True,True,True,True
25676643,HR,11326,1510,single_column,False,False,True,True,True,True
12786012,HR,5213,628,single_column,False,False,True,True,True,True
87968870,HR,6195,757,single_column,False,False,True,True,True,True
46258701,HR,4543,612,single_column,False,False,True,True,True,True
14225422,HR,6249,798,single_column,False,False,True,True,True,True
29297973,HR,5754,706,single_column,False,False,True,True,True,True
18334783,HR,5134,643,single_column,False,False,True,True,True,True
19717385,HR,7530,941,single_column,False,False,True,True,True,True
49937469,HR,6349,794,single_column,False,False,True,True,True,True
18316239,HR,6236,776,single_column,False,False,True,True,True,True
17855844,HR,6922,906,single_column,False,False,True,True,True,True
57667857,HR,12715,1552,single_column,False,False,True,True,True,True
17422560,HR,5658,729,single_column,False,False,True,True,True,True
32947778,HR,8163,1015,single_column,False,False,True,True,True,True
23914451,HR,5406,638,single_column,False,False,True,True,True,True
21265194,HR,9383,1213,single_column,False,False,True,True,True,True
51769822,HR,5088,623,single_column,False,False,True,True,True,True
19616406,HR,6439,765,single_column,False,False,True,True,True,True
41523474,HR,5504,724,single_column,False,False,True,True,True,True
59962788,HR,5761,748,single_column,False,False,True,True,True,True
86184722,HR,6681,859,single_column,False,False,True,True,True,True
28419173,HR,6460,840,single_column,False,False,True,True,True,True
18155310,HR,6781,813,single_column,False,False,True,True,True,True
26780935,HR,4589,581,single_column,False,False,True,True,True,True
34554248,HR,7102,896,single_column,False,False,True,True,True,True
26202430,HR,8303,1102,single_column,False,False,True,True,True,True
19867922,HR,5813,659,single_column,False,False,True,True,True,True
91930382,HR,3307,421,single_column,False,False,True,True,True,True
30646367,HR,7695,913,single_column,False,False,True,True,True,True
39650734,HR,7297,917,single_column,False,False,True,True,True,True
72231872,HR,9162,1177,single_column,False,False,True,True,True,True
13520837,HR,6579,825,single_column,False,False,True,True,True,True
18422164,HR,6635,828,single_column,False,False,True,True,True,True
30862904,HR,6889,826,single_column,False,False,True,True,True,True
52979663,HR,5904,750,single_column,False,False,True,True,True,True
28828844,HR,6559,828,single_column,False,False,True,True,True,True
21830565,HR,8400,1066,single_column,False,False,True,True,True,True
27523575,HR,5305,706,single_column,False,False,True,True,True,True
39081840,HR,7652,979,single_column,False,False,True,True,True,True
20925036,HR,7975,1038,single_column,False,False,True,True,True,True
15576950,HR,5372,700,single_column,False,False,True,True,True,True
29564653,HR,5531,714,single_column,False,False,True,True,True,True
14886205,HR,5595,687,single_column,False,False,True,True,True,True
17412079,HR,6586,851,single_column,False,False,True,True,True,True
16861758,HR,5706,748,single_column,False,False,True,True,True,True
93112113,HR,7282,891,single_column,False,False,True,True,True,True
15041689,HR,5179,662,single_column,False,False,True,True,True,True
80162314,HR,5546,713,single_column,False,False,True,True,True,True
20993320,HR,5716,726,single_column,False,False,True,True,True,True
14640322,HR,5241,717,single_column,False,False,True,True,True,True
26289308,HR,5392,670,single_column,False,False,True,True,True,True
23408537,HR,5393,653,single_column,False,False,True,True,True,True
28808263,HR,5874,713,single_column,False,False,True,True,True,True
18084150,HR,5909,734,single_column,False,False,True,True,True,True
26671167,HR,5496,670,single_column,False,False,True,True,True,True
44476983,HR,6073,759,single_column,False,False,True,True,True,True
16877897,HR,8029,1065,single_column,False,False,True,True,True,True
29091445,HR,5227,686,single_column,False,False,True,True,True,True
25724495,HR,6969,914,single_column,False,False,True,True,True,True
24508725,HR,17242,2302,single_column,False,True,True,True,True,True
11698189,HR,4168,511,single_column,False,False,True,True,True,True
27165830,HR,8009,1002,single_column,False,False,True,True,True,True
47470864,HR,6527,814,single_column,False,False,True,True,True,True
34740556,HR,5446,674,single_column,False,False,True,True,True,True
18557164,HR,5202,662,single_column,False,False,True,True,True,True
19179079,HR,13958,1761,single_column,False,False,True,True,True,True
13376919,HR,5051,660,single_column,False,False,True,True,True,True
26048718,HR,13218,1652,single_column,False,False,True,True,True,True
17150707,HR,5038,648,single_column,False,False,True,True,True,True
18297650,HR,10434,1318,single_column,False,False,True,True,True,True
23510685,HR,6618,846,single_column,False,False,True,True,True,True
39970711,HR,4997,632,single_column,False,False,True,True,True,True
20806155,HR,24834,3119,single_column,False,True,True,True,True,True
28640735,HR,8226,1054,single_column,False,False,True,True,True,True
15575117,HR,9304,1197,single_column,False,False,True,False,True,True
27496514,HR,4954,641,single_column,False,False,True,True,True,True
14256329,HR,5018,683,single_column,False,False,True,True,True,True
19336728,HR,2077,254,single_column,False,False,True,True,True,True
10694288,HR,5107,647,single_column,False,False,True,True,True,True
28175164,HR,7089,910,single_column,False,False,True,True,True,True
10399912,HR,5599,720,single_column,False,False,True,True,True,True
20417897,HR,5661,676,single_column,False,False,True,True,True,True
18731098,HR,7582,919,single_column,False,False,True,True,True,True
30563572,HR,5604,665,single_column,False,False,True,True,True,True
24402267,HR,6118,807,single_column,False,False,True,True,True,True
32308556,HR,5654,716,single_column,False,False,True,True,True,True
27847081,HR,6403,760,single_column,False,False,True,True,True,True
25150191,HR,5350,661,single_column,False,False,True,True,True,True
37058472,DESIGNER,4633,582,single_column,False,False,True,True,True,True
68240723,DESIGNER,4280,565,single_column,False,False,True,True,True,True
76010167,DESIGNER,1990,245,single_column,False,False,True,True,True,True
19164410,DESIGNER,5436,755,single_column,False,False,True,True,True,True
29147100,DESIGNER,1974,247,single_column,False,False,True,True,True,True
25061645,DESIGNER,2772,362,single_column,False,False,True,True,True,True
11919526,DESIGNER,7133,909,single_column,False,False,True,True,True,True
81011612,DESIGNER,2473,315,single_column,False,False,True,True,True,True
11722421,DESIGNER,5095,643,single_column,False,False,True,True,True,True
13774329,DESIGNER,7310,940,single_column,False,False,True,True,True,True
35990852,DESIGNER,10603,1548,single_column,False,False,True,True,True,True
36269672,DESIGNER,2706,417,single_column,False,False,True,False,True,True
90066849,DESIGNER,8406,1091,single_column,False,False,True,True,True,True
27529455,DESIGNER,8607,1065,single_column,False,False,True,True,True,True
85101052,DESIGNER,5942,826,single_column,False,False,True,True,True,True
22567495,DESIGNER,6992,881,single_column,False,False,True,True,True,True
10751444,DESIGNER,9259,1132,single_column,False,False,True,True,True,True
11807040,DESIGNER,10153,1295,single_column,False,False,True,True,True,True
12415691,DESIGNER,5406,711,single_column,False,False,True,True,True,True
38565119,DESIGNER,6886,826,single_column,False,False,True,True,True,True
21705160,DESIGNER,985,131,single_column,False,False,True,True,True,True
26496059,DESIGNER,10221,1348,single_column,False,False,True,True,True,True
29524570,DESIGNER,5249,711,single_column,False,False,True,True,True,True
15936656,DESIGNER,2377,289,single_column,False,False,True,True,True,True
13557622,DESIGNER,1464,200,single_column,False,False,True,True,True,True
41506705,DESIGNER,5553,692,single_column,False,False,True,True,True,True
32954522,DESIGNER,3577,491,single_column,False,False,True,True,True,True
44185767,DESIGNER,9181,1101,single_column,False,False,True,True,True,True
14014749,DESIGNER,6016,826,single_column,False,False,True,True,True,True
34349255,DESIGNER,2680,338,single_column,False,False,True,True,True,True
16288901,DESIGNER,2612,335,single_column,False,False,True,True,True,True
25422388,DESIGNER,6322,763,single_column,False,False,True,True,True,True
22496394,DESIGNER,6136,726,single_column,False,False,True,True,True,True
38744475,DESIGNER,3688,456,single_column,False,False,True,True,True,True
67582956,DESIGNER,4964,591,single_column,False,False,True,True,True,True
26676567,DESIGNER,12148,1666,single_column,False,False,True,True,True,True
14724186,DESIGNER,2706,359,single_column,False,False,True,True,True,True
10748989,DESIGNER,6685,722,single_column,False,False,True,True,True,True
26924514,DESIGNER,9856,1201,single_column,False,False,True,True,True,True
12674307,DESIGNER,3314,430,single_column,False,False,True,True,True,True
23951429,DESIGNER,2436,286,single_column,False,False,True,True,True,True
26046064,DESIGNER,1962,252,single_column,False,False,True,True,True,True
28326441,DESIGNER,6319,843,single_column,False,False,True,True,True,True
78149576,DESIGNER,1181,134,single_column,False,False,True,True,True,True
17555081,DESIGNER,5952,710,single_column,False,False,True,True,True,True
39776400,DESIGNER,6428,860,single_column,False,False,True,True,True,True
37263609,DESIGNER,4706,606,single_column,False,False,True,True,True,True
13518263,DESIGNER,2561,318,single_column,False,False,True,True,True,True
11155153,DESIGNER,17154,2284,single_column,False,False,True,True,True,True
54201930,DESIGNER,7079,914,single_column,False,False,True,True,True,True
10466583,DESIGNER,1915,253,single_column,False,False,True,True,True,False
26790545,DESIGNER,5693,754,single_column,False,False,True,True,True,True
11958994,DESIGNER,5873,735,single_column,False,False,True,True,True,True
30968749,DESIGNER,6621,815,single_column,False,False,True,True,True,True
20932019,DESIGNER,3154,426,single_column,False,False,True,True,True,True
51681660,DESIGNER,7133,1143,single_column,False,False,True,True,True,True
34657584,DESIGNER,6319,801,single_column,False,False,True,True,True,True
15471999,DESIGNER,5826,770,single_column,False,False,True,True,True,True
18979238,DESIGNER,6203,957,single_column,False,False,True,True,True,True
26622051,DESIGNER,4076,532,single_column,False,False,True,True,True,True
22675694,DESIGNER,5695,901,single_column,False,False,True,True,True,True
25023614,DESIGNER,4973,714,single_column,False,False,True,True,True,True
20390397,DESIGNER,3938,482,single_column,False,False,True,True,True,True
17199951,DESIGNER,3805,477,single_column,False,False,True,True,True,True
14743911,DESIGNER,5786,787,single_column,False,False,True,True,True,True
24455357,DESIGNER,4287,565,single_column,False,False,True,True,True,True
91153752,DESIGNER,2902,375,single_column,False,False,True,True,True,True
14528265,DESIGNER,2630,307,single_column,False,False,True,True,True,True
18460045,DESIGNER,2052,242,single_column,False,False,True,False,True,True
20986595,DESIGNER,5488,706,single_column,False,False,True,True,True,True
20748926,DESIGNER,6312,782,single_column,False,False,True,True,True,True
32532982,DESIGNER,5921,814,single_column,False,False,True,True,True,True
34317538,DESIGNER,16001,2268,single_column,False,False,True,True,True,True
19195747,DESIGNER,7813,1090,single_column,False,False,True,True,True,True
12547982,DESIGNER,8975,1099,single_column,False,False,True,True,True,True
94417768,DESIGNER,5562,649,single_column,False,False,True,True,True,True
24655918,DESIGNER,3788,465,single_column,False,False,True,True,True,True
27497542,DESIGNER,3094,393,single_column,False,False,True,True,True,True
62312955,DESIGNER,2755,346,single_column,False,False,True,True,True,True
22506245,DESIGNER,4026,539,single_column,False,False,True,True,True,True
28663949,DESIGNER,2190,295,single_column,False,False,True,True,True,True
39434376,DESIGNER,1966,256,single_column,False,False,True,True,True,True
13998435,DESIGNER,7212,894,single_column,False,False,True,True,True,True
30965258,DESIGNER,5518,711,single_column,False,False,True,True,True,True
18835363,DESIGNER,6878,932,single_column,False,False,True,True,True,True
26503829,DESIGNER,6210,811,single_column,False,False,True,True,True,True
18198627,DESIGNER,7404,946,single_column,False,False,True,True,True,True
39252859,DESIGNER,5175,706,single_column,False,False,True,True,True,True
34051710,DESIGNER,6453,799,single_column,False,False,True,True,True,True
37664296,DESIGNER,11535,1449,single_column,False,False,True,True,True,True
21916744,DESIGNER,5552,732,single_column,False,False,True,True,True,True
15425154,DESIGNER,7504,948,single_column,False,False,True,True,True,True
24285142,DESIGNER,6878,883,single_column,False,False,True,True,True,True
24583187,DESIGNER,5150,630,single_column,False,False,True,True,True,True
29865476,DESIGNER,6263,830,single_column,False,False,True,True,True,True
25949631,DESIGNER,6412,877,single_column,False,False,True,True,True,True
21283733,DESIGNER,6734,838,single_column,False,False,True,True,True,True
51018476,DESIGNER,3626,512,single_column,False,False,True,True,True,True
13014900,DESIGNER,11117,1568,single_column,False,False,True,True,True,True
44145704,DESIGNER,5674,699,single_column,False,False,True,True,True,True
18795567,DESIGNER,5169,653,single_column,False,False,True,True,True,True
42384185,DESIGNER,5893,760,single_column,False,False,True,True,True,True
26942552,DESIGNER,5857,714,single_column,False,False,True,True,True,True
67645662,DESIGNER,8422,1081,single_column,False,False,True,True,True,True
34511655,DESIGNER,5743,747,single_column,False,False,True,True,True,True
37695494,DESIGNER,3549,455,single_column,False,False,True,True,True,True
93301686,DESIGNER,5986,791,single_column,False,False,True,True,True,True
36856210,INFORMATION-TECHNOLOGY,4888,617,single_column,False,False,True,True,True,True
21780877,INFORMATION-TECHNOLOGY,6491,807,single_column,False,True,True,True,True,True
33241454,INFORMATION-TECHNOLOGY,4447,540,single_column,False,False,True,True,True,True
25990239,INFORMATION-TECHNOLOGY,6443,736,single_column,False,False,True,True,True,True
16899268,INFORMATION-TECHNOLOGY,4203,573,single_column,False,False,True,True,True,True
91635250,INFORMATION-TECHNOLOGY,7648,944,single_column,False,False,True,True,True,True
19796840,INFORMATION-TECHNOLOGY,16124,2043,single_column,False,False,True,True,True,True
15651486,INFORMATION-TECHNOLOGY,6895,888,single_column,False,False,True,True,True,True
52246737,INFORMATION-TECHNOLOGY,8381,961,single_column,False,False,True,True,True,True
12045067,INFORMATION-TECHNOLOGY,9157,1206,single_column,False,True,True,True,True,True
13836471,INFORMATION-TECHNOLOGY,4974,658,single_column,False,False,True,True,True,True
14789139,INFORMATION-TECHNOLOGY,8844,1163,single_column,False,False,True,True,True,True
36434348,INFORMATION-TECHNOLOGY,5790,715,single_column,False,False,True,True,True,True
27536013,INFORMATION-TECHNOLOGY,6093,780,single_column,False,False,True,True,True,True
18301617,INFORMATION-TECHNOLOGY,5794,657,single_column,False,False,True,True,True,True
24913648,INFORMATION-TECHNOLOGY,7294,906,single_column,False,False,True,True,True,True
26801767,INFORMATION-TECHNOLOGY,9776,1227,single_column,False,False,True,True,True,True
27372171,INFORMATION-TECHNOLOGY,12274,1572,single_column,False,False,True,True,True,True
91697974,INFORMATION-TECHNOLOGY,6113,729,single_column,False,False,True,True,True,True
28672970,INFORMATION-TECHNOLOGY,6855,846,single_column,False,False,True,True,True,True
66832845,INFORMATION-TECHNOLOGY,5278,710,single_column,False,False,True,True,True,True
25207620,INFORMATION-TECHNOLOGY,6677,862,single_column,False,False,True,True,True,True
41344156,INFORMATION-TECHNOLOGY,6782,913,single_column,False,False,True,True,True,True
68460556,INFORMATION-TECHNOLOGY,2672,330,single_column,False,False,True,True,True,True
10247517,INFORMATION-TECHNOLOGY,7224,881,single_column,False,False,True,True,True,True
25959103,INFORMATION-TECHNOLOGY,5652,692,single_column,False,False,True,True,True,True
13385306,INFORMATION-TECHNOLOGY,5383,714,single_column,False,False,True,True,True,True
38753827,INFORMATION-TECHNOLOGY,10135,1289,single_column,False,False,True,True,True,True
17681064,INFORMATION-TECHNOLOGY,5466,653,single_column,False,False,True,True,True,True
25905275,INFORMATION-TECHNOLOGY,7654,966,single_column,False,False,True,True,True,True
11580408,INFORMATION-TECHNOLOGY,5963,807,single_column,False,False,True,True,True,True
19201175,INFORMATION-TECHNOLOGY,5927,753,single_column,False,False,True,True,True,True
12635195,INFORMATION-TECHNOLOGY,3101,380,single_column,False,False,True,True,True,True
32959732,INFORMATION-TECHNOLOGY,12215,1661,single_column,False,False,True,True,True,True
17688766,INFORMATION-TECHNOLOGY,4567,579,single_column,False,False,True,True,True,True
20024870,INFORMATION-TECHNOLOGY,3018,390,single_column,False,False,True,True,True,True
22450718,INFORMATION-TECHNOLOGY,8011,995,single_column,False,False,True,True,True,True
46260230,INFORMATION-TECHNOLOGY,10644,1321,single_column,False,False,True,True,True,True
10839851,INFORMATION-TECHNOLOGY,4627,556,single_column,False,False,True,False,True,True
18752129,INFORMATION-TECHNOLOGY,8887,1325,single_column,False,False,True,True,True,True
37764298,INFORMATION-TECHNOLOGY,6977,872,single_column,False,False,True,True,True,True
90867631,INFORMATION-TECHNOLOGY,13253,1641,single_column,True,True,True,True,True,True
17641670,INFORMATION-TECHNOLOGY,14373,1847,single_column,False,False,True,True,True,True
24889109,INFORMATION-TECHNOLOGY,4968,628,single_column,False,False,True,True,True,True
24083609,INFORMATION-TECHNOLOGY,2062,237,single_column,False,False,True,True,True,True
24038620,INFORMATION-TECHNOLOGY,6393,907,single_column,False,False,True,True,True,True
29051656,INFORMATION-TECHNOLOGY,7129,956,single_column,False,False,True,True,True,True
20237244,INFORMATION-TECHNOLOGY,3439,402,single_column,False,False,True,True,True,True
20001721,INFORMATION-TECHNOLOGY,4028,465,single_column,False,False,True,True,True,True
92069209,INFORMATION-TECHNOLOGY,5757,710,single_column,False,False,True,True,True,True
13405733,INFORMATION-TECHNOLOGY,6589,797,single_column,False,False,True,True,True,True
28697203,INFORMATION-TECHNOLOGY,5648,700,single_column,False,False,True,True,True,True
28035460,INFORMATION-TECHNOLOGY,6758,805,single_column,False,False,True,True,True,True
21283365,INFORMATION-TECHNOLOGY,6227,886,single_column,False,False,True,True,True,True
17987433,INFORMATION-TECHNOLOGY,6122,751,single_column,False,False,True,True,True,True
10553553,INFORMATION-TECHNOLOGY,5403,662,single_column,False,False,True,True,True,True
15118506,INFORMATION-TECHNOLOGY,5559,721,single_column,False,False,True,True,True,True
18176523,INFORMATION-TECHNOLOGY,4977,606,single_column,False,False,True,True,True,True
24020470,INFORMATION-TECHNOLOGY,8193,1098,single_column,False,False,True,True,True,True
70089206,INFORMATION-TECHNOLOGY,7092,875,single_column,False,False,True,True,True,True
27770859,INFORMATION-TECHNOLOGY,5689,741,single_column,False,False,True,True,True,True
57002858,INFORMATION-TECHNOLOGY,5515,691,single_column,False,False,True,True,True,True
13477922,INFORMATION-TECHNOLOGY,5484,723,single_column,False,False,True,True,True,True
28126340,INFORMATION-TECHNOLOGY,8840,1256,single_column,False,False,True,True,True,True
37242217,INFORMATION-TECHNOLOGY,7455,920,single_column,False,False,True,True,True,True
10089434,INFORMATION-TECHNOLOGY,8521,1055,single_column,False,False,True,True,True,True
11957080,INFORMATION-TECHNOLOGY,9592,1241,single_column,False,False,True,True,True,True
35325329,INFORMATION-TECHNOLOGY,6887,871,single_column,False,False,True,True,True,True
10840430,INFORMATION-TECHNOLOGY,7716,915,single_column,False,False,True,True,True,True
64017585,INFORMATION-TECHNOLOGY,3372,419,single_column,False,False,True,True,True,True
19850482,INFORMATION-TECHNOLOGY,7313,983,single_column,False,False,True,True,True,True
52618188,INFORMATION-TECHNOLOGY,7801,1012,single_column,False,False,True,True,True,True
28897981,INFORMATION-TECHNOLOGY,6952,899,single_column,False,False,True,True,True,True
51639418,INFORMATION-TECHNOLOGY,5383,655,single_column,False,False,True,True,True,True
20674668,INFORMATION-TECHNOLOGY,6022,832,single_column,False,False,True,True,True,True
23527321,INFORMATION-TECHNOLOGY,6139,809,single_column,False,False,True,True,True,True
18159866,INFORMATION-TECHNOLOGY,10762,1347,single_column,False,False,True,True,True,True
22776912,INFORMATION-TECHNOLOGY,9561,1172,single_column,False,False,True,True,True,True
23864648,INFORMATION-TECHNOLOGY,6207,786,single_column,False,False,True,True,True,True
18187364,INFORMATION-TECHNOLOGY,9662,1186,single_column,False,False,True,True,True,True
83816738,INFORMATION-TECHNOLOGY,9483,1227,single_column,False,False,True,True,True,True
20824105,INFORMATION-TECHNOLOGY,7376,916,single_column,False,False,True,True,True,True
33381211,INFORMATION-TECHNOLOGY,11360,1513,single_column,False,False,True,True,True,True
16533554,INFORMATION-TECHNOLOGY,5446,702,single_column,False,False,True,True,True,True
20879311,INFORMATION-TECHNOLOGY,8440,1030,single_column,False,False,True,True,True,True
31111279,INFORMATION-TECHNOLOGY,8421,1140,single_column,False,False,True,True,True,True
17111768,INFORMATION-TECHNOLOGY,11083,1397,single_column,False,False,True,True,True,True
11584809,INFORMATION-TECHNOLOGY,5663,662,single_column,False,False,True,True,True,True
20408458,INFORMATION-TECHNOLOGY,8646,1296,single_column,False,False,True,True,True,True
91121135,INFORMATION-TECHNOLOGY,7041,829,single_column,False,False,True,True,True,True
24230851,INFORMATION-TECHNOLOGY,5125,655,single_column,False,False,True,True,True,True
40018190,INFORMATION-TECHNOLOGY,3466,394,single_column,False,False,True,True,True,True
16186411,INFORMATION-TECHNOLOGY,9224,1313,single_column,False,False,True,True,True,True
29975124,INFORMATION-TECHNOLOGY,6390,826,single_column,False,False,True,True,True,True
26746496,INFORMATION-TECHNOLOGY,8520,1222,single_column,False,False,True,True,True,True
89413122,INFORMATION-TECHNOLOGY,4951,614,single_column,False,False,True,True,True,True
12334140,INFORMATION-TECHNOLOGY,13398,2044,single_column,False,False,True,True,True,True
10641230,INFORMATION-TECHNOLOGY,5906,738,single_column,False,False,True,True,True,True
10265057,INFORMATION-TECHNOLOGY,5373,716,single_column,False,False,True,True,True,True
30223363,INFORMATION-TECHNOLOGY,11032,1431,single_column,False,False,True,True,True,True
15791766,INFORMATION-TECHNOLOGY,5031,613,single_column,False,False,True,True,True,True
29075857,INFORMATION-TECHNOLOGY,9509,1253,single_column,False,False,True,True,True,True
12763627,INFORMATION-TECHNOLOGY,6289,931,single_column,False,False,True,True,True,True
39718499,INFORMATION-TECHNOLOGY,2532,321,single_column,False,False,True,True,True,True
27058381,INFORMATION-TECHNOLOGY,12189,1715,single_column,False,True,True,True,True,True
25857360,INFORMATION-TECHNOLOGY,6930,826,single_column,False,False,True,True,True,True
26768723,INFORMATION-TECHNOLOGY,5254,695,single_column,False,False,True,True,True,True
31243710,INFORMATION-TECHNOLOGY,8049,1041,single_column,False,False,True,True,True,True
15297298,INFORMATION-TECHNOLOGY,6231,729,single_column,False,False,True,True,True,True
27295996,INFORMATION-TECHNOLOGY,7475,928,single_column,False,False,True,True,True,True
39413067,INFORMATION-TECHNOLOGY,5621,688,single_column,False,False,True,True,True,True
48037995,INFORMATION-TECHNOLOGY,6132,743,single_column,False,False,True,True,True,True
15802627,INFORMATION-TECHNOLOGY,8342,1085,single_column,False,False,True,True,True,True
51363762,INFORMATION-TECHNOLOGY,8634,1053,single_column,False,False,True,True,True,True
18067556,INFORMATION-TECHNOLOGY,20561,2670,single_column,False,False,True,True,True,True
27485716,INFORMATION-TECHNOLOGY,6358,741,single_column,False,False,True,True,True,True
26480367,INFORMATION-TECHNOLOGY,5296,671,single_column,False,False,True,True,True,True
81761658,INFORMATION-TECHNOLOGY,6956,884,single_column,False,False,True,True,True,True
79541391,INFORMATION-TECHNOLOGY,13149,1769,single_column,False,False,True,True,True,True
23666211,INFORMATION-TECHNOLOGY,6237,745,single_column,False,False,True,True,True,True
12467531,TEACHER,7158,905,single_column,False,False,True,True,True,True
19918523,TEACHER,2827,351,single_column,False,False,True,True,True,True
62184086,TEACHER,2891,361,single_column,False,False,True,True,True,True
28063132,TEACHER,2893,362,single_column,False,False,True,True,True,True
29797594,TEACHER,5554,789,single_column,False,False,True,True,True,True
22408666,TEACHER,5817,754,single_column,False,False,True,True,True,True
13087952,TEACHER,5205,619,single_column,False,False,True,True,True,True
15850434,TEACHER,5281,746,single_column,False,False,True,True,True,True
28772892,TEACHER,7745,909,single_column,False,False,True,True,True,True
33704389,TEACHER,5656,788,single_column,False,True,True,True,True,True
16210888,TEACHER,6088,728,single_column,False,False,True,True,True,True
38750659,TEACHER,5256,628,single_column,False,False,True,True,True,True
90363254,TEACHER,6873,903,single_column,False,False,True,True,True,True
66906212,TEACHER,7534,1027,single_column,False,False,True,True,True,True
34745915,TEACHER,7532,955,single_column,False,False,True,True,True,True
34689720,TEACHER,5116,754,single_column,False,False,True,True,True,True
48547319,TEACHER,5756,705,single_column,False,True,True,True,True,True
19464810,TEACHER,7966,887,single_column,False,False,True,True,True,True
28086303,TEACHER,4414,563,single_column,False,False,True,True,True,True
13855004,TEACHER,6101,801,single_column,False,False,True,True,True,True
35421497,TEACHER,3870,483,single_column,False,False,True,True,True,True
69005326,TEACHER,5505,698,single_column,False,False,True,True,True,True
18001081,TEACHER,6848,873,single_column,False,False,True,True,True,True
14958913,TEACHER,5353,714,single_column,False,False,True,True,True,True
13296856,TEACHER,4887,594,single_column,False,False,True,True,True,True
63391085,TEACHER,5982,756,single_column,False,False,True,True,True,True
23939133,TEACHER,6229,825,single_column,False,False,True,True,True,True
96547039,TEACHER,5447,662,single_column,False,False,True,True,True,True
22807104,TEACHER,7791,1000,single_column,False,False,True,True,True,True
23628651,TEACHER,5236,734,single_column,False,False,True,True,True,True
29486525,TEACHER,5242,682,single_column,False,False,True,True,True,True
22510753,TEACHER,4945,615,single_column,False,False,True,True,True,True
21773106,TEACHER,7079,910,single_column,False,False,True,True,True,True
34465087,TEACHER,6819,812,single_column,False,True,True,True,True,True
24791126,TEACHER,6120,758,single_column,False,True,True,True,True,True
15899269,TEACHER,2930,372,single_column,False,False,True,True,True,True
37402097,TEACHER,2788,342,single_column,False,False,True,True,True,True
36206485,TEACHER,6664,834,single_column,False,False,True,True,True,True
36569713,TEACHER,2483,309,single_column,False,False,True,True,True,True
28013287,TEACHER,5812,850,single_column,False,False,True,True,True,True
29267293,TEACHER,3063,400,single_column,False,False,True,True,True,True
45286020,TEACHER,6844,938,single_column,False,False,True,True,True,True
13330982,TEACHER,5166,667,single_column,False,False,True,True,True,True
22551979,TEACHER,5888,724,single_column,False,False,True,True,True,True
29639533,TEACHER,6343,805,single_column,False,False,True,True,True,True
49285644,TEACHER,6255,816,single_column,False,False,True,True,True,True
16270906,TEACHER,11184,1509,single_column,False,False,True,True,True,True
27531694,TEACHER,8859,1118,single_column,False,False,True,True,True,True
74816727,TEACHER,4966,735,single_column,False,False,True,True,True,True
23398843,TEACHER,5467,645,single_column,True,False,True,True,True,True
31552617,TEACHER,2860,370,single_column,False,True,True,True,True,True
19556300,TEACHER,6407,810,single_column,False,False,True,True,True,True
66683238,TEACHER,5025,649,single_column,False,False,True,True,True,True
17311685,TEACHER,2285,260,single_column,False,False,True,True,True,True
17481570,TEACHER,2823,345,single_column,False,False,True,True,True,True
22884757,TEACHER,2777,330,single_column,False,False,True,True,True,True
58708773,TEACHER,2035,273,single_column,False,False,True,True,True,True
10527994,TEACHER,1815,209,single_column,False,False,True,True,True,True
69532425,TEACHER,2257,279,single_column,False,False,True,True,True,True
20399718,TEACHER,6015,736,single_column,False,False,True,True,True,True
19302310,TEACHER,5208,679,single_column,False,False,True,True,True,True
51209395,TEACHER,1632,183,single_column,False,False,True,True,True,True
22632070,TEACHER,3479,430,single_column,False,False,True,True,True,True
22056333,TEACHER,2364,283,single_column,False,False,True,True,True,True
11336022,TEACHER,3122,423,single_column,False,False,True,True,True,True
11616482,TEACHER,3916,475,single_column,False,False,True,True,True,True
34033933,TEACHER,5007,651,single_column,False,False,True,True,True,True
21531811,TEACHER,2452,309,single_column,False,False,True,True,True,True
20626794,TEACHER,1953,257,single_column,False,False,True,True,True,True
58665241,TEACHER,5626,765,single_column,False,False,True,True,True,True
37660306,TEACHER,18080,2694,single_column,False,False,True,True,True,True
13583538,TEACHER,6282,850,single_column,False,False,True,True,True,True
20230207,TEACHER,5293,663,single_column,False,False,True,True,True,True
28642819,TEACHER,5814,755,single_column,False,False,True,True,True,True
16820422,TEACHER,6012,813,single_column,False,False,True,True,True,True
29930479,TEACHER,2628,331,single_column,False,False,True,True,True,True
25588694,TEACHER,3442,428,single_column,False,False,True,True,True,True
86597425,TEACHER,9805,1151,single_column,False,False,True,True,True,True
10909720,TEACHER,6082,765,single_column,False,False,True,True,True,True
28933005,TEACHER,8671,1085,single_column,False,False,True,True,True,True
53129155,TEACHER,5428,686,single_column,False,False,True,True,True,True
11943065,TEACHER,5520,635,single_column,False,False,True,True,True,True
45987048,TEACHER,6255,795,single_column,False,False,True,True,True,True
99244405,TEACHER,5576,681,single_column,False,False,True,True,True,True
32067700,TEACHER,3888,492,single_column,False,False,True,True,True,True
27126818,TEACHER,14004,1832,single_column,False,False,True,True,True,True
19786924,TEACHER,6667,830,single_column,False,False,True,True,True,True
70892619,TEACHER,5623,745,single_column,False,False,True,True,True,True
25729119,TEACHER,5061,640,single_column,False,False,True,True,True,True
58105060,TEACHER,5514,733,single_column,False,False,True,True,True,True
12587973,TEACHER,5656,697,single_column,False,False,True,True,True,True
21611212,TEACHER,3588,465,single_column,False,False,True,True,True,True
21550454,TEACHER,5457,684,single_column,False,False,True,True,True,True
86322251,TEACHER,6593,843,single_column,False,False,True,True,True,True
22968380,TEACHER,6354,894,single_column,False,False,True,True,True,True
10504237,TEACHER,6551,798,single_column,False,False,True,True,True,True
24240349,TEACHER,5657,713,single_column,False,False,True,True,True,True
20478831,TEACHER,5603,692,single_column,False,False,True,True,True,True
79663360,TEACHER,5325,689,single_column,False,False,True,True,True,True
76196367,TEACHER,6084,780,single_column,False,False,True,True,True,True
27524018,TEACHER,9176,1247,single_column,False,False,True,True,True,True
27798860,TEACHER,10931,1422,single_column,False,False,True,True,True,True
14445309,ADVOCATE,5068,635,single_column,False,False,True,True,True,True
35474904,ADVOCATE,7604,1027,single_column,False,False,True,True,True,True
37348041,ADVOCATE,5247,635,single_column,False,False,True,True,True,True
89508407,ADVOCATE,5648,763,single_column,False,False,True,True,True,True
25873425,ADVOCATE,7461,976,single_column,False,False,True,True,True,True
31040875,ADVOCATE,2980,407,single_column,False,False,True,True,True,True
11188218,ADVOCATE,6394,812,single_column,False,False,True,True,True,True
73448369,ADVOCATE,5183,676,single_column,False,False,True,False,True,True
42164460,ADVOCATE,6018,758,single_column,False,False,True,True,True,True
18725071,ADVOCATE,5879,726,single_column,False,False,True,True,True,True
28974459,ADVOCATE,5716,711,single_column,False,False,True,True,True,True
38291889,ADVOCATE,5735,756,single_column,False,False,True,True,True,True
12171093,ADVOCATE,3484,436,single_column,False,False,True,True,True,True
13967854,ADVOCATE,5978,663,single_column,False,False,True,True,True,True
90468982,ADVOCATE,5221,701,single_column,False,False,True,True,True,True
49475708,ADVOCATE,5966,884,single_column,False,False,True,True,True,True
54067174,ADVOCATE,4141,523,single_column,False,False,True,True,True,True
49486820,ADVOCATE,7983,1009,single_column,False,False,True,True,True,True
38860712,ADVOCATE,4878,625,single_column,False,False,True,True,True,True
16332348,ADVOCATE,12447,1590,single_column,False,False,True,True,True,True
34970271,ADVOCATE,5572,696,single_column,False,False,True,True,True,True
14064815,ADVOCATE,5241,667,single_column,False,False,True,True,True,True
12544735,ADVOCATE,3665,468,single_column,False,False,True,True,True,True
20138606,ADVOCATE,7586,958,single_column,False,False,True,True,True,True
36694627,ADVOCATE,5069,638,single_column,False,False,True,True,True,True
29926588,ADVOCATE,5293,645,single_column,False,False,True,True,True,True
28206098,ADVOCATE,5433,689,single_column,False,False,True,False,True,True
20765795,ADVOCATE,5381,681,single_column,False,False,True,True,True,True
20272792,ADVOCATE,2432,304,single_column,False,False,True,True,True,True
20324037,ADVOCATE,5893,772,single_column,False,False,True,True,True,True
53169257,ADVOCATE,5224,644,single_column,False,False,True,True,True,True
24588864,ADVOCATE,14150,1733,single_column,False,False,True,True,True,True
11963737,ADVOCATE,5129,640,single_column,False,False,True,True,True,True
13593241,ADVOCATE,7278,929,single_column,False,False,True,True,True,True
22391901,ADVOCATE,5158,646,single_column,False,False,True,True,True,True
10344379,ADVOCATE,5284,663,single_column,False,False,True,True,True,True
74126637,ADVOCATE,5386,692,single_column,False,False,True,True,True,True
26071861,ADVOCATE,6205,801,single_column,False,False,True,True,True,True
24410405,ADVOCATE,5747,731,single_column,False,False,True,True,True,True
14146106,ADVOCATE,5147,700,single_column,False,False,True,True,True,True
74191424,ADVOCATE,5790,743,single_column,False,False,True,True,True,True
10186968,ADVOCATE,4275,518,single_column,False,False,True,True,True,True
20400279,ADVOCATE,7873,991,single_column,False,False,True,True,True,True
23427369,ADVOCATE,5290,666,single_column,False,False,True,True,True,True
95714702,ADVOCATE,7075,940,single_column,False,False,True,True,True,True
18997135,ADVOCATE,4812,611,single_column,False,False,True,True,True,True
11773767,ADVOCATE,5237,655,single_column,False,False,True,True,True,True
78538268,ADVOCATE,5389,644,single_column,False,False,True,True,True,True
13909762,ADVOCATE,7619,1006,single_column,False,False,True,False,True,True
20604208,ADVOCATE,7246,951,single_column,False,False,True,True,True,True
72652441,ADVOCATE,8027,972,single_column,False,False,True,True,True,True
24754689,ADVOCATE,6702,867,single_column,False,False,True,True,True,True
75057933,ADVOCATE,5800,717,single_column,False,False,True,True,True,True
19063156,ADVOCATE,18652,2309,single_column,False,False,True,True,True,True
91051945,ADVOCATE,14516,1844,single_column,False,False,True,True,True,True
14176254,ADVOCATE,5775,757,single_column,False,False,True,True,True,True
22259475,ADVOCATE,4694,601,single_column,False,False,True,True,True,True
37560528,ADVOCATE,8666,1278,single_column,False,False,True,True,True,True
23577836,ADVOCATE,7978,1118,single_column,False,False,True,True,True,True
36392131,ADVOCATE,7727,993,single_column,False,False,True,True,True,True
32965335,ADVOCATE,8195,1123,single_column,False,False,True,True,True,True
21614256,ADVOCATE,5934,781,single_column,False,False,True,True,True,True
97405769,ADVOCATE,7556,946,single_column,False,False,True,True,True,True
95970987,ADVOCATE,12666,1923,single_column,False,False,True,True,True,True
17021141,ADVOCATE,6289,852,single_column,False,False,True,True,True,False
15337481,ADVOCATE,6328,794,single_column,False,False,True,True,True,True
75950464,ADVOCATE,12223,1629,single_column,False,False,True,True,True,True
19518606,ADVOCATE,5421,704,single_column,False,False,True,True,True,True
15727656,ADVOCATE,5172,647,single_column,False,False,True,True,True,True
31242382,ADVOCATE,6484,836,single_column,False,False,True,True,True,True
29173771,ADVOCATE,5595,707,single_column,False,False,True,True,True,True
19108760,ADVOCATE,8714,1088,single_column,False,False,True,True,True,True
14708590,ADVOCATE,5685,731,single_column,False,False,True,True,True,True
77439230,ADVOCATE,8675,1073,single_column,False,False,True,True,True,True
40088790,ADVOCATE,7056,892,single_column,False,False,True,True,True,True
22042181,ADVOCATE,6713,857,single_column,False,False,True,True,True,True
29415426,ADVOCATE,2764,343,single_column,False,False,True,True,True,True
37333719,ADVOCATE,2136,266,single_column,False,False,True,True,True,True
15313140,ADVOCATE,5509,720,single_column,False,False,True,True,True,True
13072354,ADVOCATE,6367,829,single_column,False,False,True,True,True,True
20544228,ADVOCATE,5024,651,single_column,False,False,True,True,True,True
30741799,ADVOCATE,5810,733,single_column,False,False,True,True,True,True
17847636,ADVOCATE,5204,667,single_column,False,False,True,True,True,True
80503242,ADVOCATE,5585,692,single_column,False,False,True,True,True,True
26456474,ADVOCATE,5294,717,single_column,False,False,True,True,True,True
10818478,ADVOCATE,2435,311,single_column,False,False,True,True,True,True
24124250,ADVOCATE,5564,704,single_column,False,False,True,True,True,True
37640804,ADVOCATE,7407,936,single_column,False,False,True,True,True,True
27182111,ADVOCATE,7640,988,single_column,False,False,True,True,True,True
11174187,ADVOCATE,8287,1313,single_column,False,False,True,True,True,True
47133747,ADVOCATE,7658,974,single_column,False,False,True,True,True,True
10659182,ADVOCATE,5123,648,single_column,False,False,True,True,True,True
35344611,ADVOCATE,6831,804,single_column,False,False,True,True,True,True
13342150,ADVOCATE,6075,731,single_column,False,False,True,True,True,True
28111403,ADVOCATE,8672,1152,single_column,False,False,True,True,True,True
34327438,ADVOCATE,7267,995,single_column,False,False,True,True,True,True
15958967,ADVOCATE,7631,938,single_column,False,False,True,True,True,True
13115648,ADVOCATE,5271,650,single_column,False,False,True,True,True,True
46772262,ADVOCATE,5026,645,single_column,False,False,True,True,True,True
38059130,ADVOCATE,7078,899,single_column,False,False,True,True,True,True
24695561,ADVOCATE,8128,1015,single_column,False,False,True,True,True,True
93512385,ADVOCATE,2660,331,single_column,False,False,True,True,True,True
38698573,ADVOCATE,5729,763,single_column,False,False,True,True,True,True
18090899,ADVOCATE,6518,837,single_column,False,False,True,True,True,True
23804341,ADVOCATE,4776,597,single_column,False,False,True,True,True,True
29177904,ADVOCATE,5678,695,single_column,False,False,True,True,True,True
17911230,ADVOCATE,6164,768,single_column,False,False,True,True,True,True
19926135,ADVOCATE,5294,633,single_column,False,False,True,True,True,True
44115326,ADVOCATE,20975,2888,single_column,False,False,True,True,True,True
75435017,ADVOCATE,8226,1061,single_column,False,False,True,True,True,True
19234823,ADVOCATE,7696,942,single_column,False,False,True,True,True,True
13809698,ADVOCATE,5050,612,single_column,False,False,True,True,True,True
17254634,ADVOCATE,6075,797,single_column,False,False,True,True,True,True
28871170,ADVOCATE,6065,758,single_column,False,False,True,True,True,True
24946537,ADVOCATE,12387,1566,single_column,False,False,True,True,True,True
28635795,ADVOCATE,5876,783,single_column,False,False,True,True,True,True
24763208,ADVOCATE,9455,1431,single_column,False,False,True,True,True,True
17165107,ADVOCATE,4306,566,single_column,False,False,True,True,True,True
65708020,BUSINESS-DEVELOPMENT,6828,874,single_column,False,False,True,True,True,False
36805025,BUSINESS-DEVELOPMENT,11038,1425,single_column,False,False,True,True,True,True
13080868,BUSINESS-DEVELOPMENT,5092,668,single_column,False,False,True,True,True,True
20748929,BUSINESS-DEVELOPMENT,7663,1030,single_column,False,False,True,True,True,True
26581830,BUSINESS-DEVELOPMENT,5281,637,single_column,False,False,True,True,True,True
38688388,BUSINESS-DEVELOPMENT,6611,851,single_column,False,False,True,True,True,True
25397102,BUSINESS-DEVELOPMENT,3662,438,single_column,False,False,True,True,True,True
12059198,BUSINESS-DEVELOPMENT,3368,417,single_column,False,False,True,True,True,True
10228751,BUSINESS-DEVELOPMENT,4915,619,single_column,False,False,True,True,True,True
61677751,BUSINESS-DEVELOPMENT,5361,657,single_column,False,False,True,True,True,True
20553895,BUSINESS-DEVELOPMENT,2513,306,single_column,False,False,True,False,True,True
18757174,BUSINESS-DEVELOPMENT,2681,326,single_column,False,False,True,True,True,True
14726000,BUSINESS-DEVELOPMENT,5264,665,single_column,False,False,True,True,True,True
29208172,BUSINESS-DEVELOPMENT,7608,927,single_column,False,False,True,True,True,True
40792022,BUSINESS-DEVELOPMENT,4502,549,single_column,False,False,True,True,True,True
17095812,BUSINESS-DEVELOPMENT,7856,954,single_column,False,False,True,False,True,True
27850777,BUSINESS-DEVELOPMENT,7257,925,single_column,False,False,True,True,True,True
90629382,BUSINESS-DEVELOPMENT,5134,631,single_column,False,False,True,True,True,True
34797369,BUSINESS-DEVELOPMENT,6745,861,single_column,False,False,True,True,True,True
98379112,BUSINESS-DEVELOPMENT,4490,534,single_column,False,False,True,True,True,True
37521676,BUSINESS-DEVELOPMENT,10626,1389,single_column,False,False,True,True,True,True
10501991,BUSINESS-DEVELOPMENT,8334,1084,single_column,False,False,True,True,True,True
18293620,BUSINESS-DEVELOPMENT,6959,913,single_column,False,False,True,True,True,True
19557384,BUSINESS-DEVELOPMENT,5196,643,single_column,False,False,True,True,True,True
15423153,BUSINESS-DEVELOPMENT,7513,989,single_column,False,False,True,True,True,True
20357858,BUSINESS-DEVELOPMENT,5639,694,single_column,False,False,True,True,True,True
12546838,BUSINESS-DEVELOPMENT,7924,1075,single_column,False,False,True,True,True,True
24647386,BUSINESS-DEVELOPMENT,7648,1006,single_column,False,False,True,True,True,True
23568641,BUSINESS-DEVELOPMENT,3099,360,single_column,False,False,True,True,True,True
22423839,BUSINESS-DEVELOPMENT,3921,495,single_column,False,False,True,True,True,True
19738730,BUSINESS-DEVELOPMENT,2339,280,single_column,False,False,True,True,True,True
32531824,BUSINESS-DEVELOPMENT,2989,370,single_column,False,False,True,True,True,True
34046031,BUSINESS-DEVELOPMENT,6473,816,single_column,False,False,True,True,True,True
14825300,BUSINESS-DEVELOPMENT,7400,975,single_column,False,False,True,True,True,True
37391947,BUSINESS-DEVELOPMENT,6533,857,single_column,False,False,True,True,True,True
26896699,BUSINESS-DEVELOPMENT,5023,648,single_column,False,False,True,True,True,True
11289482,BUSINESS-DEVELOPMENT,8039,1024,single_column,False,False,True,True,True,True
29908929,BUSINESS-DEVELOPMENT,5871,725,single_column,False,False,True,True,True,True
10704573,BUSINESS-DEVELOPMENT,7918,1033,single_column,False,False,True,True,True,True
14990354,BUSINESS-DEVELOPMENT,5047,638,single_column,False,False,True,True,True,True
24964303,BUSINESS-DEVELOPMENT,5529,716,single_column,False,False,True,True,True,True
82118447,BUSINESS-DEVELOPMENT,10086,1200,single_column,False,False,True,True,True,True
18236085,BUSINESS-DEVELOPMENT,5536,732,single_column,False,False,True,True,True,True
29825044,BUSINESS-DEVELOPMENT,5461,670,single_column,False,False,True,True,True,True
77576845,BUSINESS-DEVELOPMENT,7621,996,single_column,False,True,True,True,True,True
39237915,BUSINESS-DEVELOPMENT,5642,694,single_column,False,False,True,True,True,True
28916894,BUSINESS-DEVELOPMENT,6938,912,single_column,False,False,True,True,True,True
26278597,BUSINESS-DEVELOPMENT,8566,1189,single_column,False,False,True,True,True,True
80275976,BUSINESS-DEVELOPMENT,7549,947,single_column,False,False,True,True,True,True
11088337,BUSINESS-DEVELOPMENT,5480,731,single_column,False,False,True,True,True,True
23396633,BUSINESS-DEVELOPMENT,7446,950,single_column,False,False,True,True,True,True
12814706,BUSINESS-DEVELOPMENT,5604,756,single_column,False,False,True,True,True,True
39875803,BUSINESS-DEVELOPMENT,5798,777,single_column,False,False,True,True,False,True
30938994,BUSINESS-DEVELOPMENT,6143,801,single_column,False,False,True,True,True,True
16694152,BUSINESS-DEVELOPMENT,6001,753,single_column,False,False,True,True,True,True
15233524,BUSINESS-DEVELOPMENT,5842,742,single_column,False,False,True,True,True,True
81310245,BUSINESS-DEVELOPMENT,5577,716,single_column,False,False,True,True,True,True
22025574,BUSINESS-DEVELOPMENT,6828,969,single_column,False,True,True,True,True,True
13888506,BUSINESS-DEVELOPMENT,4070,505,single_column,False,False,True,True,True,True
79759716,BUSINESS-DEVELOPMENT,5227,648,single_column,False,False,True,True,True,True
10541358,BUSINESS-DEVELOPMENT,6267,798,single_column,False,False,True,True,True,True
31638814,BUSINESS-DEVELOPMENT,2635,337,single_column,False,False,True,True,True,True
25370801,BUSINESS-DEVELOPMENT,1726,216,single_column,False,False,True,True,True,True
27796199,BUSINESS-DEVELOPMENT,3931,485,single_column,False,False,True,True,True,True
10289113,BUSINESS-DEVELOPMENT,5624,783,single_column,False,False,True,True,True,True
27219200,BUSINESS-DEVELOPMENT,5250,664,single_column,False,False,True,True,True,True
10235211,BUSINESS-DEVELOPMENT,8645,1176,single_column,False,False,True,True,True,True
14287992,BUSINESS-DEVELOPMENT,5512,681,single_column,False,False,True,True,True,True
47067533,BUSINESS-DEVELOPMENT,5579,723,single_column,False,False,True,True,True,True
14241621,BUSINESS-DEVELOPMENT,6940,907,single_column,False,False,True,True,True,True
27213082,BUSINESS-DEVELOPMENT,6457,827,single_column,False,False,True,True,True,True
31813535,BUSINESS-DEVELOPMENT,7000,909,single_column,False,False,True,True,True,True
17115815,BUSINESS-DEVELOPMENT,3789,467,single_column,False,False,True,True,True,True
20317319,BUSINESS-DEVELOPMENT,6034,798,single_column,False,False,True,True,True,True
38007664,BUSINESS-DEVELOPMENT,6240,832,single_column,False,False,True,True,True,True
24412546,BUSINESS-DEVELOPMENT,8333,1172,single_column,False,False,True,True,True,True
29014805,BUSINESS-DEVELOPMENT,9168,1134,single_column,False,False,True,True,True,True
12377803,BUSINESS-DEVELOPMENT,6061,750,single_column,False,False,True,True,True,True
32385553,BUSINESS-DEVELOPMENT,7673,956,single_column,False,False,True,True,True,True
13199813,BUSINESS-DEVELOPMENT,7720,1083,single_column,False,False,True,True,True,True
11551946,BUSINESS-DEVELOPMENT,7825,954,single_column,False,False,True,True,True,True
22765255,BUSINESS-DEVELOPMENT,9419,1218,single_column,False,False,True,True,True,True
20427934,BUSINESS-DEVELOPMENT,5595,724,single_column,False,False,True,True,True,True
35673335,BUSINESS-DEVELOPMENT,5954,794,single_column,False,False,True,True,True,True
16846478,BUSINESS-DEVELOPMENT,8530,1096,single_column,False,False,True,True,True,True
89197180,BUSINESS-DEVELOPMENT,6921,842,single_column,False,False,True,True,True,True
36574147,BUSINESS-DEVELOPMENT,6761,844,single_column,False,False,True,True,True,True
27004930,BUSINESS-DEVELOPMENT,5591,695,single_column,False,False,True,True,True,True
12230301,BUSINESS-DEVELOPMENT,12830,1605,single_column,False,False,True,True,True,True
59696315,BUSINESS-DEVELOPMENT,10707,1399,single_column,False,False,True,True,True,True
20633855,BUSINESS-DEVELOPMENT,3922,536,single_column,False,False,True,True,True,True
18311419,BUSINESS-DEVELOPMENT,4458,564,single_column,False,False,True,True,True,True
16091352,BUSINESS-DEVELOPMENT,5490,712,single_column,False,False,True,True,True,True
27375577,BUSINESS-DEVELOPMENT,6444,874,single_column,False,False,True,True,True,True
25813953,BUSINESS-DEVELOPMENT,3940,482,single_column,False,False,True,True,True,True
76916835,BUSINESS-DEVELOPMENT,3879,488,single_column,False,False,True,True,True,True
17730889,BUSINESS-DEVELOPMENT,5783,697,single_column,False,False,True,True,True,True
67501448,BUSINESS-DEVELOPMENT,6155,737,single_column,False,False,True,True,True,True
17421910,BUSINESS-DEVELOPMENT,3862,478,single_column,False,False,True,True,True,True
12632728,BUSINESS-DEVELOPMENT,21,0,single_column,False,False,False,False,False,False
91467795,BUSINESS-DEVELOPMENT,6532,838,single_column,False,False,True,True,True,True
13574264,BUSINESS-DEVELOPMENT,5459,737,single_column,False,False,True,True,True,True
27139412,BUSINESS-DEVELOPMENT,3199,370,single_column,False,False,True,True,True,True
14070138,BUSINESS-DEVELOPMENT,7951,974,single_column,False,False,True,True,True,True
15811992,BUSINESS-DEVELOPMENT,7627,1146,single_column,False,True,True,True,True,True
14871762,BUSINESS-DEVELOPMENT,3955,514,single_column,False,False,True,True,True,True
17597372,BUSINESS-DEVELOPMENT,2962,364,single_column,False,False,True,True,True,True
18937778,BUSINESS-DEVELOPMENT,5411,684,single_column,False,False,True,True,True,True
14861855,BUSINESS-DEVELOPMENT,5783,718,single_column,False,False,True,True,True,True
36170003,BUSINESS-DEVELOPMENT,5566,688,single_column,False,False,True,True,True,True
27937592,BUSINESS-DEVELOPMENT,5117,670,single_column,False,False,True,True,True,True
16519708,BUSINESS-DEVELOPMENT,6829,888,single_column,False,False,True,True,True,True
17602815,BUSINESS-DEVELOPMENT,5012,640,single_column,False,False,True,True,True,True
28337049,BUSINESS-DEVELOPMENT,6917,872,single_column,False,False,True,True,True,False
33424600,BUSINESS-DEVELOPMENT,9970,1316,single_column,False,False,True,True,True,False
32042584,BUSINESS-DEVELOPMENT,3767,512,single_column,False,False,True,True,True,True
14752209,BUSINESS-DEVELOPMENT,5377,711,single_column,False,False,True,True,True,True
31273310,BUSINESS-DEVELOPMENT,5993,764,single_column,False,False,True,True,True,True
14055971,BUSINESS-DEVELOPMENT,6362,773,single_column,False,False,True,True,True,True
95382114,BUSINESS-DEVELOPMENT,5513,675,single_column,False,False,True,True,True,True
23617240,HEALTHCARE,9999,1363,single_column,False,False,True,True,True,True
23138078,HEALTHCARE,5967,651,single_column,False,False,True,True,True,True
51777546,HEALTHCARE,5230,650,single_column,False,False,True,True,True,True
69199666,HEALTHCARE,5644,711,single_column,False,False,True,True,True,True
93988900,HEALTHCARE,12348,1615,single_column,False,False,True,True,True,True
41910253,HEALTHCARE,3474,390,single_column,False,False,True,True,True,True
28670024,HEALTHCARE,21316,2749,single_column,False,False,True,True,True,True
36625776,HEALTHCARE,8451,1059,single_column,False,False,True,True,True,True
96260484,HEALTHCARE,5874,706,single_column,False,False,True,True,True,True
11378657,HEALTHCARE,5600,689,single_column,False,False,True,True,True,True
34962725,HEALTHCARE,4512,556,single_column,False,False,True,True,True,True
18365443,HEALTHCARE,6433,836,single_column,False,False,True,True,True,True
26125407,HEALTHCARE,8835,1143,single_column,False,False,True,True,True,True
54934269,HEALTHCARE,5698,678,single_column,False,False,True,True,True,True
37374340,HEALTHCARE,4832,602,single_column,False,False,True,True,True,True
25328428,HEALTHCARE,5410,749,single_column,False,False,True,True,True,True
56520872,HEALTHCARE,6147,788,single_column,False,False,True,True,True,True
23944036,HEALTHCARE,5802,746,single_column,False,False,True,True,True,True
19090468,HEALTHCARE,6727,864,single_column,False,False,True,True,True,True
16132195,HEALTHCARE,5819,722,single_column,False,False,True,True,True,True
27030979,HEALTHCARE,5567,723,single_column,False,False,True,True,True,True
17960690,HEALTHCARE,5111,716,single_column,False,False,True,True,True,True
17624934,HEALTHCARE,5060,621,single_column,False,False,True,True,True,True
22008817,HEALTHCARE,8751,1061,single_column,False,False,True,True,True,True
20835760,HEALTHCARE,5794,794,single_column,False,False,True,True,True,True
87520378,HEALTHCARE,5880,726,single_column,False,False,True,True,True,True
58879993,HEALTHCARE,5872,733,single_column,False,False,True,True,True,True
64471954,HEALTHCARE,2494,307,single_column,False,False,True,True,True,True
18714571,HEALTHCARE,5384,660,single_column,False,False,True,True,True,True
20748468,HEALTHCARE,10293,1404,single_column,False,False,True,True,True,True
98300955,HEALTHCARE,11382,1442,single_column,False,False,True,True,True,True
11653906,HEALTHCARE,5881,790,single_column,False,False,True,True,True,True
10466208,HEALTHCARE,7523,902,single_column,False,False,True,True,True,True
13352113,HEALTHCARE,6324,808,single_column,False,False,True,True,True,True
20110597,HEALTHCARE,7701,970,single_column,False,False,True,True,True,True
20211577,HEALTHCARE,5871,752,single_column,False,False,True,True,True,True
12315079,HEALTHCARE,6499,790,single_column,False,False,True,True,True,True
10480456,HEALTHCARE,16384,2067,single_column,False,True,True,True,True,True
75297735,HEALTHCARE,5128,621,single_column,False,False,True,True,True,True
49325370,HEALTHCARE,8309,1020,single_column,False,False,True,True,True,True
21866029,HEALTHCARE,6795,953,single_column,False,False,True,True,True,True
14667957,HEALTHCARE,7412,959,single_column,False,True,True,True,True,True
10062724,HEALTHCARE,12039,1468,single_column,False,False,True,True,True,True
43994605,HEALTHCARE,5849,738,single_column,False,False,True,True,True,True
23814777,HEALTHCARE,5278,634,single_column,False,False,True,False,True,True
28745844,HEALTHCARE,5191,669,single_column,False,False,True,True,True,True
17864043,HEALTHCARE,8388,1029,single_column,False,False,True,True,True,True
16121387,HEALTHCARE,9557,1089,single_column,False,False,True,True,True,True
10076271,HEALTHCARE,5826,764,single_column,False,False,True,True,True,True
80876647,HEALTHCARE,6103,798,single_column,False,False,True,True,True,True
36861863,HEALTHCARE,1954,242,single_column,False,False,True,True,True,True
24025053,HEALTHCARE,5318,653,single_column,False,False,True,True,True,True
17545780,HEALTHCARE,5901,725,single_column,False,False,True,True,True,True
95011061,HEALTHCARE,3542,443,single_column,False,False,True,True,True,True
13565152,HEALTHCARE,12523,1591,single_column,False,False,True,True,True,True
75744306,HEALTHCARE,6709,917,single_column,False,False,True,True,True,True
26908066,HEALTHCARE,5012,645,single_column,False,False,True,True,True,True
11704150,HEALTHCARE,4952,618,single_column,False,False,True,True,True,False
27917969,HEALTHCARE,11282,1361,single_column,False,False,True,True,True,True
12613221,HEALTHCARE,3606,437,single_column,False,False,True,True,True,True
15680735,HEALTHCARE,8379,1133,single_column,False,False,True,True,True,True
13575312,HEALTHCARE,7952,980,single_column,False,False,True,True,True,True
15636923,HEALTHCARE,6704,882,single_column,False,False,True,True,True,True
14062078,HEALTHCARE,7639,983,single_column,False,False,True,True,True,True
37001381,HEALTHCARE,6258,761,single_column,False,False,True,True,True,True
32219038,HEALTHCARE,5437,696,single_column,False,False,True,True,True,True
10251432,HEALTHCARE,5519,669,single_column,False,False,True,True,True,True
28423028,HEALTHCARE,8356,987,single_column,False,False,True,True,True,True
46349752,HEALTHCARE,7899,1032,single_column,False,False,True,True,True,True
26958533,HEALTHCARE,5379,672,single_column,False,False,True,True,True,True
23110214,HEALTHCARE,8666,1128,single_column,False,False,True,True,True,True
17963031,HEALTHCARE,8169,1021,single_column,False,True,True,True,True,True
60624892,HEALTHCARE,7094,866,single_column,False,False,True,True,True,True
23918545,HEALTHCARE,6207,729,single_column,False,False,True,True,True,True
20172393,HEALTHCARE,5247,649,single_column,False,False,True,True,True,True
39082090,HEALTHCARE,6165,750,single_column,False,False,True,True,True,True
98309114,HEALTHCARE,12339,1589,single_column,False,False,True,True,True,True
16702198,HEALTHCARE,7505,962,single_column,False,False,True,True,True,True
45907524,HEALTHCARE,9754,1239,single_column,False,False,True,True,True,True
12333703,HEALTHCARE,6141,814,single_column,False,False,True,True,True,True
15499825,HEALTHCARE,5174,648,single_column,False,False,True,True,True,True
85417107,HEALTHCARE,8568,1061,single_column,False,False,True,True,True,True
33750209,HEALTHCARE,6508,831,single_column,False,False,True,True,True,True
24548333,HEALTHCARE,5252,654,single_column,False,False,True,True,True,True
16356151,HEALTHCARE,9804,1284,single_column,False,False,True,True,True,True
20736486,HEALTHCARE,7447,912,single_column,False,False,True,True,True,True
18784594,HEALTHCARE,5601,694,single_column,False,False,True,True,True,True
85421438,HEALTHCARE,6772,979,single_column,False,False,True,True,True,True
33803142,HEALTHCARE,8695,1043,single_column,False,False,True,True,True,True
47996197,HEALTHCARE,5432,717,single_column,False,False,True,True,True,True
11605833,HEALTHCARE,6093,700,single_column,False,False,True,True,True,True
25451319,HEALTHCARE,6925,857,single_column,False,False,True,True,True,True
91478356,HEALTHCARE,6773,876,single_column,False,False,True,True,True,True
29134372,HEALTHCARE,6198,763,single_column,False,False,True,True,True,True
35579812,HEALTHCARE,5430,708,single_column,False,False,True,True,True,True
12938200,HEALTHCARE,5305,687,single_column,False,False,True,True,True,True
31926950,HEALTHCARE,8067,1077,single_column,False,False,True,True,True,True
32563518,HEALTHCARE,9119,1133,single_column,False,True,True,True,True,True
29992154,HEALTHCARE,7475,969,single_column,False,False,True,True,True,True
25974844,HEALTHCARE,5217,680,single_column,False,False,True,True,True,True
18129173,HEALTHCARE,5440,715,single_column,False,False,True,True,True,True
26585242,HEALTHCARE,5245,643,single_column,False,False,True,True,True,True
26695839,HEALTHCARE,6174,794,single_column,False,False,True,True,True,True
10568183,HEALTHCARE,8118,984,single_column,False,True,True,True,True,True
24550866,HEALTHCARE,5590,659,single_column,False,False,True,True,True,True
34594746,HEALTHCARE,6144,745,single_column,False,False,True,True,True,True
25834360,HEALTHCARE,5534,690,single_column,False,False,True,True,True,True
27090089,HEALTHCARE,6974,809,single_column,False,False,True,True,True,True
35422305,HEALTHCARE,6675,830,single_column,False,False,True,True,True,False
18484846,HEALTHCARE,6168,794,single_column,False,False,True,True,True,True
18949843,HEALTHCARE,7099,935,single_column,False,False,True,True,True,True
17539842,HEALTHCARE,7349,965,single_column,False,False,True,True,True,True
36868767,HEALTHCARE,5209,658,single_column,False,False,True,True,True,True
97169343,HEALTHCARE,12058,1514,single_column,False,False,True,True,True,True
31395710,HEALTHCARE,9557,947,single_column,False,False,True,True,True,True
17576030,FITNESS,2894,380,single_column,False,False,True,True,True,True
24444525,FITNESS,5040,652,single_column,False,False,True,True,True,True
10268614,FITNESS,5736,745,single_column,False,False,True,True,True,True
29792535,FITNESS,5557,715,single_column,False,False,True,True,True,True
15932017,FITNESS,3204,391,single_column,False,False,True,True,True,True
23063986,FITNESS,7040,915,single_column,False,False,True,True,True,True
10816645,FITNESS,2999,379,single_column,False,False,True,True,True,True
11522068,FITNESS,1556,199,single_column,False,False,True,True,True,True
10568350,FITNESS,5140,642,single_column,False,False,True,True,True,True
18767449,FITNESS,3320,393,single_column,False,False,True,True,True,True
20457611,FITNESS,7799,957,single_column,False,False,True,True,True,True
54259150,FITNESS,6903,907,single_column,False,False,True,True,True,True
67032711,FITNESS,5578,880,single_column,False,False,True,True,True,True
12019284,FITNESS,5571,712,single_column,False,False,True,True,True,True
38650096,FITNESS,2364,306,single_column,False,False,True,True,True,True
32651555,FITNESS,6436,891,single_column,False,False,True,True,True,True
55746506,FITNESS,5374,738,single_column,True,False,True,True,True,True
10235429,FITNESS,6657,897,single_column,False,False,True,True,True,True
30757456,FITNESS,13558,1770,single_column,False,False,True,True,True,True
19037403,FITNESS,8702,1265,single_column,False,False,True,True,True,True
32636041,FITNESS,6707,852,single_column,False,False,True,True,True,True
27974588,FITNESS,4193,681,single_column,False,False,True,True,True,True
24251588,FITNESS,5974,754,single_column,False,False,True,True,True,True
97123005,FITNESS,5239,640,single_column,False,False,True,True,True,True
38642923,FITNESS,5089,630,single_column,False,False,True,True,True,True
39805617,FITNESS,6746,891,single_column,False,False,True,True,True,True
20565486,FITNESS,5586,723,single_column,False,False,True,True,True,True
28669770,FITNESS,6032,796,single_column,False,False,True,True,True,True
17660419,FITNESS,1995,241,single_column,False,False,True,True,True,True
22855060,FITNESS,5963,788,single_column,False,False,True,True,True,True
17163375,FITNESS,2457,318,single_column,False,False,True,True,True,True
35302620,FITNESS,5552,728,single_column,False,False,True,True,True,True
19599699,FITNESS,2544,317,single_column,False,False,True,True,True,True
17286050,FITNESS,2626,333,single_column,False,False,True,True,True,True
15293959,FITNESS,4751,604,single_column,False,False,True,True,True,True
10428916,FITNESS,3819,505,single_column,False,False,True,True,True,True
52684666,FITNESS,7356,937,single_column,False,False,True,True,True,True
19774173,FITNESS,2180,267,single_column,False,False,True,True,True,True
23011221,FITNESS,8069,1002,single_column,False,False,True,True,True,True
13367322,FITNESS,8404,1090,single_column,False,False,True,True,True,True
16038911,FITNESS,8110,1062,single_column,False,False,True,True,True,True
30990885,FITNESS,3875,501,single_column,False,False,True,True,True,True
12923795,FITNESS,8666,1110,single_column,False,False,True,True,True,True
20279756,FITNESS,5209,653,single_column,False,False,True,True,True,True
25838512,FITNESS,2707,370,single_column,False,False,True,True,True,True
17431847,FITNESS,5268,680,single_column,False,False,True,True,True,True
28321954,FITNESS,5816,753,single_column,False,False,True,True,True,True
11332602,FITNESS,6173,814,single_column,False,False,True,True,True,True
17166018,FITNESS,2967,375,single_column,False,False,True,True,True,True
29573698,FITNESS,2690,340,single_column,False,False,True,True,True,True
95769832,FITNESS,2975,373,single_column,False,False,True,True,True,True
89858892,FITNESS,5937,725,single_column,False,False,True,True,True,True
22488036,FITNESS,5577,745,single_column,False,False,True,True,True,True
22093368,FITNESS,6427,764,single_column,False,False,True,True,True,True
31042953,FITNESS,5460,701,single_column,False,False,True,True,True,True
24994145,FITNESS,3822,478,single_column,False,False,True,True,True,True
56286525,FITNESS,7129,986,single_column,False,False,True,True,True,True
32517106,FITNESS,7480,1003,single_column,False,False,True,True,True,True
38108845,FITNESS,7649,1017,single_column,False,False,True,True,True,True
28172023,FITNESS,2837,316,single_column,False,False,True,True,True,True
45656814,FITNESS,4747,706,single_column,False,False,True,True,True,True
24767027,FITNESS,6164,839,single_column,False,False,True,True,True,True
25507648,FITNESS,7923,1045,single_column,False,False,True,True,True,True
17915015,FITNESS,5922,718,single_column,False,False,True,True,True,True
36139251,FITNESS,10162,1307,single_column,False,False,True,True,True,True
16474898,FITNESS,5470,693,single_column,False,False,True,True,True,True
25482567,FITNESS,3331,399,single_column,False,False,True,True,True,True
29165698,FITNESS,2771,356,single_column,False,False,True,True,True,True
27084878,FITNESS,6666,795,single_column,False,False,True,True,True,True
26459032,FITNESS,5633,683,single_column,False,False,True,True,True,True
70603826,FITNESS,8635,1124,single_column,False,False,True,True,True,True
95085510,FITNESS,5204,671,single_column,False,False,True,True,True,True
21238396,FITNESS,6955,1078,single_column,False,False,True,True,True,True
20255404,FITNESS,6063,735,single_column,False,False,True,True,True,True
69666645,FITNESS,3154,407,single_column,False,False,True,True,True,True
19938081,FITNESS,9606,1198,single_column,False,False,True,True,True,True
12092347,FITNESS,5929,836,single_column,False,False,True,True,True,True
62870550,FITNESS,5913,765,single_column,False,False,True,True,True,True
76530505,FITNESS,5739,730,single_column,False,False,True,True,True,True
10333051,FITNESS,8779,1233,single_column,False,False,True,True,True,True
29319314,FITNESS,5185,626,single_column,False,False,True,True,True,True
77266989,FITNESS,5394,732,single_column,False,False,True,True,True,True
59487170,FITNESS,7684,1070,single_column,False,False,True,True,True,True
24219583,FITNESS,5576,700,single_column,False,False,True,True,True,True
27397245,FITNESS,5079,738,single_column,False,False,True,True,True,True
29425788,FITNESS,7132,922,single_column,False,False,True,True,True,True
11130200,FITNESS,5496,747,single_column,False,False,True,True,True,True
10969918,FITNESS,5032,661,single_column,False,False,True,True,True,True
21178545,FITNESS,6302,827,single_column,False,False,True,True,True,True
12938389,FITNESS,7437,912,single_column,False,False,True,True,True,True
57575888,FITNESS,8244,1080,single_column,False,False,True,True,True,True
37087824,FITNESS,4788,589,single_column,False,False,True,True,True,True
21122155,FITNESS,7833,956,single_column,False,False,True,True,True,True
24708621,FITNESS,4094,499,single_column,False,False,True,True,True,True
27903191,FITNESS,5201,713,single_column,False,False,True,True,True,True
24905947,FITNESS,5280,653,single_column,False,False,True,True,True,True
75156649,FITNESS,2627,325,single_column,False,False,True,True,True,True
96761538,FITNESS,2235,283,single_column,False,False,True,True,True,True
19975121,FITNESS,2538,331,single_column,False,False,True,True,True,True
12695799,FITNESS,5165,639,single_column,False,False,True,True,True,True
14515954,FITNESS,6908,867,single_column,False,False,True,True,True,True
13675377,FITNESS,5239,666,single_column,False,False,True,True,True,True
34151183,FITNESS,5980,730,single_column,False,False,True,True,True,True
16605352,FITNESS,6303,822,single_column,False,False,True,True,True,True
34792238,FITNESS,14224,1797,single_column,False,False,True,True,True,True
23004695,FITNESS,5180,620,single_column,False,False,True,True,True,True
35164503,FITNESS,6156,802,single_column,False,False,True,True,True,True
63282405,FITNESS,5197,636,single_column,False,False,True,True,True,True
31556198,FITNESS,6253,821,single_column,False,False,True,True,True,True
12791244,FITNESS,4376,540,single_column,False,False,True,True,True,True
14107571,FITNESS,7294,890,single_column,False,False,True,True,True,True
17658471,FITNESS,5130,684,single_column,False,False,True,True,True,True
80000092,FITNESS,1712,206,single_column,False,False,True,True,True,True
13037145,FITNESS,2880,353,single_column,False,False,True,True,True,True
23477199,FITNESS,7290,893,single_column,False,False,True,True,True,True
29306433,FITNESS,5196,621,single_column,False,False,True,False,True,True
90365216,FITNESS,5766,729,single_column,False,False,True,True,True,True
54246169,AGRICULTURE,6977,914,single_column,False,False,True,True,True,True
28165687,AGRICULTURE,6338,835,single_column,False,False,True,True,True,True
21134923,AGRICULTURE,5836,709,single_column,False,False,True,True,True,True
37292350,AGRICULTURE,14612,1970,single_column,False,True,True,True,True,True
84512719,AGRICULTURE,2729,344,single_column,False,False,True,True,True,True
21868149,AGRICULTURE,7279,933,single_column,False,False,True,True,True,True
37201447,AGRICULTURE,5994,793,single_column,False,False,True,True,True,True
29897742,AGRICULTURE,5121,663,single_column,False,False,True,True,True,True
55500538,AGRICULTURE,5980,758,single_column,False,False,True,True,True,True
15053703,AGRICULTURE,5302,690,single_column,False,False,True,True,True,True
15603319,AGRICULTURE,5160,663,single_column,False,False,True,True,True,True
69336473,AGRICULTURE,6596,862,single_column,False,False,True,True,True,True
18242317,AGRICULTURE,5310,678,single_column,False,False,True,True,True,True
30437583,AGRICULTURE,5584,717,single_column,True,True,True,True,True,True
14140903,AGRICULTURE,6801,907,single_column,False,False,True,True,True,True
17312146,AGRICULTURE,4510,600,single_column,False,False,True,True,True,True
29746235,AGRICULTURE,5509,687,single_column,False,False,True,True,True,True
62994611,AGRICULTURE,8360,1101,single_column,False,False,True,True,True,True
38216888,AGRICULTURE,1637,196,single_column,True,False,True,True,True,True
19851252,AGRICULTURE,1560,192,single_column,False,False,True,True,True,True
11813872,AGRICULTURE,8954,1196,single_column,False,False,True,True,True,True
16849128,AGRICULTURE,2430,308,single_column,False,False,True,True,True,True
23631188,AGRICULTURE,8582,1179,single_column,False,False,True,True,True,True
24001783,AGRICULTURE,4979,642,single_column,False,False,True,True,True,True
12341902,AGRICULTURE,5686,817,single_column,False,False,True,True,True,True
11197262,AGRICULTURE,5522,703,single_column,False,False,True,True,True,True
10953078,AGRICULTURE,5593,737,single_column,False,False,True,True,True,True
69859102,AGRICULTURE,6024,777,single_column,False,False,True,True,True,True
40882926,AGRICULTURE,4968,624,single_column,False,False,True,True,True,True
16653657,AGRICULTURE,5481,692,single_column,False,False,True,True,True,True
24397882,AGRICULTURE,6548,863,single_column,False,False,True,True,True,True
16172429,AGRICULTURE,6161,806,single_column,False,False,True,True,True,True
36102323,AGRICULTURE,8464,1072,single_column,False,False,True,True,True,True
81042872,AGRICULTURE,6008,783,single_column,False,False,True,True,True,True
19532392,AGRICULTURE,5321,642,single_column,False,False,True,True,True,True
34141299,AGRICULTURE,5308,694,single_column,False,False,True,True,True,True
89740812,AGRICULTURE,5774,720,single_column,False,False,True,True,True,True
20969119,AGRICULTURE,9644,1239,single_column,False,False,True,True,True,True
27689009,AGRICULTURE,5202,668,single_column,False,False,True,True,True,False
29510501,AGRICULTURE,5196,637,single_column,False,False,True,True,True,True
17640785,AGRICULTURE,7186,882,single_column,True,True,True,True,True,True
29968330,AGRICULTURE,5826,816,single_column,False,False,True,True,True,True
28733974,AGRICULTURE,6647,857,single_column,False,False,True,True,True,True
15546686,AGRICULTURE,3662,453,single_column,False,False,True,True,True,True
56068028,AGRICULTURE,6937,904,single_column,False,False,True,True,True,True
24068423,AGRICULTURE,5951,765,single_column,False,False,True,True,True,True
12674256,AGRICULTURE,5753,823,single_column,False,False,True,True,True,True
27888251,AGRICULTURE,5187,673,single_column,False,False,True,True,True,True
16507693,AGRICULTURE,11591,1510,single_column,False,True,True,True,True,True
55712978,AGRICULTURE,7958,950,single_column,False,False,True,True,True,True
26835781,AGRICULTURE,7920,1005,single_column,True,True,True,True,True,True
26921245,AGRICULTURE,5144,666,single_column,False,False,True,True,True,True
20006992,AGRICULTURE,5797,735,single_column,False,False,True,True,True,True
11676151,AGRICULTURE,4997,614,single_column,False,False,True,True,True,True
24416961,AGRICULTURE,7374,896,single_column,False,False,True,True,True,True
69360287,AGRICULTURE,7765,1063,single_column,False,False,True,True,True,True
18264694,AGRICULTURE,11134,1415,single_column,False,False,True,True,True,True
16661264,AGRICULTURE,11821,1644,single_column,False,True,True,True,True,True
26070334,AGRICULTURE,10939,1471,single_column,False,True,True,True,True,True
29142288,AGRICULTURE,11850,1463,single_column,False,False,True,True,True,True
28247753,AGRICULTURE,8405,1052,single_column,False,False,True,True,True,True
79536879,AGRICULTURE,10020,1325,single_column,False,True,True,True,True,True
17499196,AGRICULTURE,7229,953,single_column,False,False,True,True,True,True
79261033,BPO,4612,645,single_column,False,False,True,True,True,True
16492045,BPO,6210,770,single_column,False,False,True,True,True,True
18589927,BPO,3317,420,single_column,False,False,True,True,True,True
23933031,BPO,8533,1125,single_column,False,False,True,True,True,True
13964744,BPO,7817,984,single_column,False,False,True,True,True,True
89512321,BPO,7876,1085,single_column,False,False,True,True,True,True
30709029,BPO,5390,692,single_column,False,False,True,True,True,True
11183737,BPO,8474,1107,single_column,False,False,True,True,True,True
63158213,BPO,6203,834,single_column,False,False,True,True,True,True
24727739,BPO,7228,922,single_column,False,False,True,True,True,True
15145575,BPO,6469,829,single_column,False,False,True,True,True,True
69097572,BPO,6135,797,single_column,False,False,True,True,True,True
31064969,BPO,6187,726,single_column,False,False,True,True,True,True
38707449,BPO,3966,513,single_column,False,False,True,True,True,True
57706851,BPO,10091,1498,single_column,False,False,True,True,True,True
41152404,BPO,8294,1107,single_column,False,False,True,True,True,True
27710853,BPO,16223,2310,single_column,False,False,True,True,True,True
15573418,BPO,9123,1236,single_column,False,False,True,True,True,True
26829350,BPO,7521,1053,single_column,False,False,True,True,True,True
95625660,BPO,5366,727,single_column,False,False,True,True,True,True
19362586,BPO,5774,775,single_column,False,False,True,True,True,True
45077654,BPO,10180,1278,single_column,False,False,True,True,True,True
87118391,SALES,5474,672,single_column,False,False,True,True,True,True
33578873,SALES,2097,288,single_column,False,False,True,True,True,True
27607632,SALES,3758,480,single_column,False,False,True,True,True,True
23760084,SALES,6098,753,single_column,False,False,True,True,True,True
30083943,SALES,5444,740,single_column,False,False,True,True,True,True
20552814,SALES,8028,1017,single_column,False,False,True,True,True,True
40987524,SALES,7828,940,single_column,False,False,True,True,True,True
29134721,SALES,12759,1640,single_column,False,False,True,True,True,True
18062906,SALES,5249,685,single_column,False,False,True,True,True,True
29399491,SALES,5119,631,single_column,False,False,True,True,True,True
19473948,SALES,6576,856,single_column,False,False,True,True,True,True
71772815,SALES,6607,858,single_column,False,False,True,True,True,True
15765660,SALES,7405,952,single_column,False,False,True,True,True,True
29184740,SALES,3234,442,single_column,False,False,True,True,True,True
17781039,SALES,6664,890,single_column,False,False,True,True,True,True
19147947,SALES,6568,863,single_column,False,False,True,True,True,True
18328743,SALES,1913,255,single_column,False,False,True,True,True,True
37540732,SALES,4814,595,single_column,False,False,True,True,True,True
30608780,SALES,7227,961,single_column,False,False,True,True,True,True
15918496,SALES,5405,679,single_column,False,False,True,True,True,True
16223371,SALES,2733,350,single_column,False,False,True,True,True,True
79376680,SALES,5598,799,single_column,False,False,True,True,True,True
36904300,SALES,9448,1349,single_column,False,False,True,True,True,True
10724818,SALES,5816,680,single_column,False,False,True,True,True,True
26994282,SALES,5396,674,single_column,False,False,True,True,True,True
20819838,SALES,6852,1015,single_column,False,False,True,True,True,True
16511249,SALES,6860,867,single_column,False,False,True,True,True,True
36074301,SALES,5244,667,single_column,False,False,True,True,True,True
27624540,SALES,7769,1096,single_column,False,False,True,True,True,True
20423658,SALES,5639,904,single_column,False,False,True,True,True,True
98509238,SALES,5780,778,single_column,False,False,True,True,True,True
25810233,SALES,5397,696,single_column,False,False,True,True,True,True
15273850,SALES,1339,169,single_column,False,False,True,True,True,True
26932091,SALES,8488,1099,single_column,False,False,True,False,True,True
13812481,SALES,5533,704,single_column,False,False,True,True,True,True
55477468,SALES,4722,632,single_column,False,False,True,True,True,True
15973307,SALES,2758,359,single_column,False,False,True,True,True,True
22047665,SALES,2348,289,single_column,False,False,True,True,True,True
69155584,SALES,2915,368,single_column,False,False,True,True,True,True
30529547,SALES,2828,370,single_column,False,False,True,True,True,True
23296286,SALES,3045,373,single_column,False,False,True,False,True,True
10603337,SALES,2387,300,single_column,False,False,True,True,True,True
22319662,SALES,2210,284,single_column,False,False,True,True,True,True
15581242,SALES,2532,311,single_column,False,False,True,True,True,True
90682785,SALES,1644,222,single_column,False,False,True,True,True,True
98108571,SALES,1212,169,single_column,False,False,True,True,True,True
12351749,SALES,3700,454,single_column,False,False,True,True,True,True
39581020,SALES,2611,319,single_column,False,False,True,True,True,True
14267489,SALES,6573,852,single_column,False,False,True,True,True,True
25839123,SALES,2011,247,single_column,False,False,True,True,True,True
31454430,SALES,3573,448,single_column,False,False,True,True,True,True
18368613,SALES,2629,322,single_column,False,False,True,True,True,True
51349448,SALES,2635,331,single_column,False,False,True,True,True,True
17509935,SALES,2597,387,single_column,False,False,True,True,True,True
21595057,SALES,5385,680,single_column,False,False,True,True,True,True
12696104,SALES,1033,122,single_column,False,False,True,True,True,True
34303500,SALES,5971,801,single_column,False,False,True,True,True,True
10898339,SALES,2221,273,single_column,False,False,True,True,True,True
25315791,SALES,3520,457,single_column,False,False,True,True,True,True
36621169,SALES,2919,378,single_column,False,False,True,True,True,True
17378327,SALES,3074,427,single_column,False,False,True,True,True,True
33236701,SALES,4848,628,single_column,False,False,True,True,True,True
29211919,SALES,3621,458,single_column,False,False,True,True,True,True
16121015,SALES,6302,899,single_column,False,False,True,True,True,True
19582792,SALES,7049,875,single_column,False,False,True,True,True,True
13348915,SALES,5151,675,single_column,False,False,True,True,True,True
59422148,SALES,5251,696,single_column,False,False,True,True,True,True
10138632,SALES,5621,750,single_column,False,False,True,True,True,True
29805310,SALES,5472,725,single_column,False,False,True,True,True,True
26425074,SALES,5991,759,single_column,False,False,True,True,True,True
10464113,SALES,6428,937,single_column,False,False,True,True,True,True
54101961,SALES,2433,302,single_column,False,False,True,True,True,True
92200491,SALES,5917,813,single_column,False,False,True,True,True,True
26530696,SALES,5493,665,single_column,False,False,True,True,True,True
29332616,SALES,5223,716,single_column,False,False,True,True,True,True
42304307,SALES,6235,833,single_column,False,False,True,True,True,True
12820557,SALES,6840,933,single_column,False,False,True,True,True,True
13178604,SALES,9931,1424,single_column,False,False,True,True,True,True
23929500,SALES,5332,670,single_column,False,False,True,True,True,True
37360517,SALES,5008,637,single_column,False,False,True,True,True,True
28377361,SALES,5773,740,single_column,False,False,True,True,True,True
18171955,SALES,5284,684,single_column,False,False,True,True,True,True
12082377,SALES,4905,621,single_column,False,False,True,True,True,True
28198029,SALES,1849,208,single_column,False,False,True,True,True,True
28867567,SALES,5922,730,single_column,False,False,True,True,True,True
19147494,SALES,5962,796,single_column,False,False,True,True,True,True
14358578,SALES,6448,804,single_column,False,False,True,True,True,True
37735467,SALES,5567,717,single_column,False,False,True,True,True,True
65456466,SALES,9254,1121,single_column,False,False,True,True,True,True
32140087,SALES,6998,888,single_column,False,False,True,True,True,True
17704246,SALES,18618,2486,single_column,False,False,True,True,True,True
58428843,SALES,5340,630,single_column,False,False,True,True,True,True
70528646,SALES,9815,1258,single_column,False,False,True,True,True,True
23032182,SALES,9508,1227,single_column,False,False,True,True,True,True
36970996,SALES,9044,1236,single_column,False,False,True,True,True,True
13637605,SALES,3654,459,single_column,False,False,True,True,True,True
55097118,SALES,5766,821,single_column,False,False,True,True,True,True
24610685,SALES,6211,821,single_column,False,False,True,True,True,True
38087844,SALES,6733,868,single_column,False,False,True,True,True,True
28139742,SALES,8221,1027,single_column,False,False,True,True,True,True
17410700,SALES,3950,510,single_column,False,False,True,False,True,True
20141807,SALES,5157,786,single_column,False,False,True,True,True,True
16280971,SALES,5817,806,single_column,False,False,True,True,True,True
34131484,SALES,3289,421,single_column,False,False,True,True,True,True
18885231,SALES,1982,241,single_column,False,False,True,True,True,True
15620421,SALES,8143,1102,single_column,False,False,True,True,True,True
31199035,SALES,5806,830,single_column,False,True,True,True,True,True
85918100,SALES,6863,852,single_column,False,False,True,True,True,True
14381464,SALES,995,128,single_column,False,False,True,True,True,True
23782450,SALES,5389,709,single_column,False,False,True,True,True,True
37792474,SALES,5656,711,single_column,False,False,True,True,True,True
29928796,SALES,3483,485,single_column,False,False,True,True,True,True
55104715,SALES,3548,458,single_column,False,False,True,True,True,True
27233183,SALES,3338,398,single_column,False,False,True,True,True,True
29815762,SALES,6832,974,single_column,False,False,True,True,True,True
19156751,SALES,6846,846,single_column,False,False,True,True,True,True
27096471,CONSULTANT,6026,719,single_column,False,False,True,True,True,True
43311839,CONSULTANT,12158,1667,single_column,False,False,True,True,True,True
15119529,CONSULTANT,8011,1029,single_column,False,False,True,True,True,True
88907739,CONSULTANT,6737,819,single_column,False,False,True,True,True,True
31395742,CONSULTANT,5525,741,single_column,False,False,True,True,True,True
93349646,CONSULTANT,8325,1114,single_column,False,False,True,True,True,True
25694422,CONSULTANT,5515,690,single_column,False,False,True,True,True,True
26291616,CONSULTANT,6505,786,single_column,False,False,True,True,True,True
11020140,CONSULTANT,5648,709,single_column,False,False,True,True,True,True
93459677,CONSULTANT,9462,1286,single_column,False,False,True,True,True,True
18079050,CONSULTANT,5068,680,single_column,False,False,True,True,True,True
25213006,CONSULTANT,5395,688,single_column,False,False,True,True,True,True
14517953,CONSULTANT,5834,677,single_column,False,False,True,True,True,True
39308779,CONSULTANT,6306,849,single_column,False,False,True,True,True,True
51724595,CONSULTANT,7042,933,single_column,False,False,True,True,True,True
22259768,CONSULTANT,10076,1322,single_column,False,False,True,True,True,True
10332998,CONSULTANT,6224,721,single_column,False,False,True,True,True,True
24643412,CONSULTANT,7573,1050,single_column,False,False,True,True,True,True
69181350,CONSULTANT,6886,901,single_column,False,False,True,True,True,True
18856440,CONSULTANT,8523,1087,single_column,False,False,True,True,True,True
15433732,CONSULTANT,5515,695,single_column,False,False,True,True,True,True
15281412,CONSULTANT,6901,881,single_column,False,False,True,True,True,True
15699744,CONSULTANT,6367,790,single_column,False,False,True,True,True,True
28951817,CONSULTANT,6510,799,single_column,False,False,True,True,True,True
38165833,CONSULTANT,1710,218,single_column,False,False,False,True,True,True
13586069,CONSULTANT,6326,811,single_column,False,False,True,True,True,True
30083884,CONSULTANT,4730,573,single_column,False,False,True,True,True,True
51432451,CONSULTANT,6265,839,single_column,False,False,True,True,True,True
31169070,CONSULTANT,7533,1099,single_column,False,False,True,True,True,True
29723311,CONSULTANT,10748,1342,single_column,False,False,True,True,True,True
22485475,CONSULTANT,5282,670,single_column,True,False,True,True,True,True
22556198,CONSULTANT,8610,1102,single_column,False,False,True,True,True,True
30863060,CONSULTANT,8426,1125,single_column,False,False,True,True,True,True
78016758,CONSULTANT,5311,717,single_column,False,False,True,True,True,True
12897903,CONSULTANT,6058,757,single_column,False,False,True,True,True,True
34875813,CONSULTANT,7818,974,single_column,False,False,True,True,True,True
11333660,CONSULTANT,6571,830,single_column,False,False,True,True,True,True
21366189,CONSULTANT,6311,837,single_column,False,False,True,True,True,True
32637306,CONSULTANT,7713,1000,single_column,False,False,True,True,True,True
71888547,CONSULTANT,5735,810,single_column,False,False,True,True,True,True
29770086,CONSULTANT,6925,921,single_column,False,False,True,True,True,True
99714410,CONSULTANT,7811,1019,single_column,False,False,True,True,True,True
39441617,CONSULTANT,9179,1130,single_column,False,False,True,True,True,True
12374933,CONSULTANT,11856,1542,single_column,False,False,True,True,True,True
20176584,CONSULTANT,11414,1413,single_column,False,False,True,True,True,True
32433431,CONSULTANT,6643,831,single_column,False,False,True,True,True,True
88691367,CONSULTANT,5094,632,single_column,False,False,True,True,True,True
17025292,CONSULTANT,5883,735,single_column,False,False,True,True,True,True
23302948,CONSULTANT,8693,1110,single_column,False,False,True,True,True,True
24828381,CONSULTANT,6692,845,single_column,False,False,True,True,True,True
38896303,CONSULTANT,6171,797,single_column,False,False,True,True,True,True
31217840,CONSULTANT,11011,1438,single_column,False,False,True,True,True,True
38399177,CONSULTANT,2483,286,single_column,False,False,True,True,True,True
19161572,CONSULTANT,1805,212,single_column,False,False,True,True,True,True
29647215,CONSULTANT,8537,1068,single_column,False,False,True,True,True,True
73075521,CONSULTANT,12837,1568,single_column,False,False,True,True,True,True
17983957,CONSULTANT,5450,661,single_column,False,False,True,True,True,True
20314980,CONSULTANT,12971,1812,single_column,False,False,True,True,True,True
21512769,CONSULTANT,4874,618,single_column,False,False,True,True,True,True
21568833,CONSULTANT,5366,714,single_column,False,False,True,True,True,True
27726066,CONSULTANT,8991,1191,single_column,False,False,True,True,True,True
91189201,CONSULTANT,5113,697,single_column,False,False,True,True,True,True
95429627,CONSULTANT,8024,1051,single_column,True,True,True,True,True,True
12526702,CONSULTANT,7190,838,single_column,False,False,True,True,True,True
92246939,CONSULTANT,11623,1551,single_column,False,False,True,True,True,True
48533663,CONSULTANT,6860,899,single_column,False,False,True,True,True,True
38457612,CONSULTANT,6108,766,single_column,False,False,True,True,True,True
27788376,CONSULTANT,2728,338,single_column,False,False,True,True,True,True
31016926,CONSULTANT,9078,1156,single_column,False,False,True,True,True,True
43378989,CONSULTANT,2561,308,single_column,False,False,True,True,True,True
13454871,CONSULTANT,5534,771,single_column,False,False,True,True,True,True
19936735,CONSULTANT,2213,278,single_column,False,False,True,True,True,True
33919379,CONSULTANT,2682,328,single_column,False,False,True,True,True,True
95350373,CONSULTANT,5018,641,single_column,False,False,True,True,True,True
15602094,CONSULTANT,6798,842,single_column,False,False,True,True,True,True
95792386,CONSULTANT,11205,1339,single_column,False,False,True,True,True,True
28243590,CONSULTANT,2511,323,single_column,False,False,True,True,True,True
14593060,CONSULTANT,9178,1136,single_column,False,False,True,True,True,True
13313917,CONSULTANT,5776,705,single_column,False,False,True,True,True,True
12251115,CONSULTANT,3285,393,single_column,False,True,True,True,True,True
20574232,CONSULTANT,5796,742,single_column,False,False,True,True,True,True
12955994,CONSULTANT,8867,1092,single_column,False,False,True,True,True,True
16964217,CONSULTANT,5916,775,single_column,False,True,True,True,True,True
13215696,CONSULTANT,9881,1219,single_column,False,False,True,True,True,True
29196643,CONSULTANT,7283,1009,single_column,False,False,True,True,True,True
22351830,CONSULTANT,6853,929,single_column,False,False,True,True,True,True
11415967,CONSULTANT,5958,707,single_column,False,False,True,True,True,True
29297393,CONSULTANT,13529,1748,single_column,False,False,True,True,True,True
18227306,CONSULTANT,5776,738,single_column,False,False,True,True,True,True
31201660,CONSULTANT,5331,675,single_column,False,False,True,True,True,True
25258040,CONSULTANT,6440,826,single_column,False,False,True,True,True,True
56792999,CONSULTANT,5270,669,single_column,False,False,True,True,True,True
22571461,CONSULTANT,4726,608,single_column,True,True,True,True,True,True
80527194,CONSULTANT,7302,967,single_column,False,False,True,True,True,True
37818861,CONSULTANT,3214,408,single_column,False,False,True,True,True,True
91116867,CONSULTANT,2511,309,single_column,False,False,True,True,True,True
14346702,CONSULTANT,5128,668,single_column,False,False,True,True,True,True
15083600,CONSULTANT,5904,756,single_column,False,False,True,True,True,True
63670997,CONSULTANT,5338,649,single_column,False,False,True,True,True,True
17307206,CONSULTANT,6196,829,single_column,False,False,True,True,True,True
67406885,CONSULTANT,8078,1112,single_column,False,False,True,True,True,True
57364820,CONSULTANT,6914,904,single_column,False,False,True,True,True,True
79570655,CONSULTANT,1805,194,single_column,False,False,True,True,True,True
13569152,CONSULTANT,5599,696,single_column,False,False,True,True,True,True
65062795,CONSULTANT,5204,655,single_column,False,False,True,True,True,True
10984392,CONSULTANT,6459,856,single_column,False,False,True,True,True,True
49777184,CONSULTANT,8293,964,single_column,False,False,True,True,True,True
11835339,CONSULTANT,8200,1223,single_column,False,False,True,True,True,True
21156767,CONSULTANT,5514,749,single_column,False,False,True,True,True,True
26234972,CONSULTANT,7357,915,single_column,False,False,True,True,True,True
15535920,CONSULTANT,12722,1656,single_column,False,False,True,True,True,True
26919036,CONSULTANT,5544,735,single_column,True,True,True,True,True,True
57601040,CONSULTANT,7968,997,single_column,False,False,True,True,True,True
29076405,CONSULTANT,7363,929,single_column,False,False,True,True,True,True
26167298,CONSULTANT,15411,2018,single_column,False,False,True,True,True,True
13837784,DIGITAL-MEDIA,2750,346,single_column,False,False,True,True,True,True
16509761,DIGITAL-MEDIA,2007,254,single_column,False,False,True,True,True,True
29915354,DIGITAL-MEDIA,4885,647,single_column,False,False,True,True,True,True
82929064,DIGITAL-MEDIA,2348,303,single_column,False,False,True,True,True,True
10515955,DIGITAL-MEDIA,5993,772,single_column,False,False,True,True,True,True
14945250,DIGITAL-MEDIA,7998,1085,single_column,False,False,True,True,True,True
28609364,DIGITAL-MEDIA,5454,702,single_column,False,False,True,True,True,True
19861776,DIGITAL-MEDIA,10758,1333,single_column,False,False,True,True,True,True
14036515,DIGITAL-MEDIA,5151,655,single_column,False,False,True,True,True,True
11005406,DIGITAL-MEDIA,5982,811,single_column,False,True,True,True,True,True
17132168,DIGITAL-MEDIA,6322,867,single_column,False,False,True,True,True,True
15353911,DIGITAL-MEDIA,1797,237,single_column,False,False,True,True,True,True
18501746,DIGITAL-MEDIA,3082,412,single_column,False,False,True,True,True,True
26341987,DIGITAL-MEDIA,14801,2050,single_column,False,False,True,True,True,True
27419236,DIGITAL-MEDIA,9378,1222,single_column,False,False,True,True,True,True
13328680,DIGITAL-MEDIA,6059,815,single_column,False,False,True,True,True,True
17584743,DIGITAL-MEDIA,5702,722,single_column,False,False,True,True,True,True
14761906,DIGITAL-MEDIA,5099,728,single_column,False,False,True,True,True,True
31162167,DIGITAL-MEDIA,5466,718,single_column,False,False,True,True,True,True
15226699,DIGITAL-MEDIA,5254,701,single_column,False,False,True,True,True,True
25525152,DIGITAL-MEDIA,2718,329,single_column,False,False,True,True,True,True
13343786,DIGITAL-MEDIA,6952,845,single_column,False,False,True,True,True,True
15484097,DIGITAL-MEDIA,7195,945,single_column,False,False,True,True,True,True
25723793,DIGITAL-MEDIA,5328,674,single_column,False,False,True,True,True,True
19444529,DIGITAL-MEDIA,6139,791,single_column,False,False,True,True,True,True
33893326,DIGITAL-MEDIA,7170,887,single_column,False,False,True,True,True,True
18442517,DIGITAL-MEDIA,8509,1079,single_column,False,False,True,True,True,True
40883703,DIGITAL-MEDIA,3765,511,single_column,False,False,True,True,True,True
27981289,DIGITAL-MEDIA,3884,514,single_column,False,False,True,False,True,True
18900722,DIGITAL-MEDIA,6162,756,single_column,False,False,True,True,True,True
28109594,DIGITAL-MEDIA,6420,843,single_column,False,False,True,True,True,True
31929166,DIGITAL-MEDIA,3570,450,single_column,False,False,True,True,True,True
24574164,DIGITAL-MEDIA,11244,1498,single_column,False,False,True,True,True,True
23085604,DIGITAL-MEDIA,24500,3301,single_column,False,False,True,True,True,True
27080812,DIGITAL-MEDIA,6582,854,single_column,False,False,True,True,True,True
14209965,DIGITAL-MEDIA,7602,1013,single_column,True,False,True,True,True,True
20330739,DIGITAL-MEDIA,6644,844,single_column,False,False,True,True,True,True
37739183,DIGITAL-MEDIA,13098,1769,single_column,False,False,True,True,True,True
14771530,DIGITAL-MEDIA,2710,334,single_column,False,False,True,True,True,True
62700506,DIGITAL-MEDIA,7977,1113,single_column,False,False,True,True,True,True
34319869,DIGITAL-MEDIA,5115,634,single_column,False,False,True,True,True,True
30999638,DIGITAL-MEDIA,4387,543,single_column,False,False,True,True,True,True
11677012,DIGITAL-MEDIA,2766,330,single_column,False,False,True,True,True,True
18525641,DIGITAL-MEDIA,5875,816,single_column,False,False,True,True,True,True
91539554,DIGITAL-MEDIA,5040,643,single_column,False,True,True,True,True,True
13503650,DIGITAL-MEDIA,5428,663,single_column,False,False,True,True,True,True
23864858,DIGITAL-MEDIA,5359,691,single_column,False,False,True,True,True,True
24658786,DIGITAL-MEDIA,7538,985,single_column,False,False,True,True,True,True
39166680,DIGITAL-MEDIA,6913,910,single_column,False,False,True,True,True,True
25038571,DIGITAL-MEDIA,5429,739,single_column,False,False,True,True,True,True
33542483,DIGITAL-MEDIA,5282,695,single_column,False,False,True,True,True,True
58915642,DIGITAL-MEDIA,6104,845,single_column,False,False,True,True,True,True
18927233,DIGITAL-MEDIA,2839,343,single_column,False,False,True,True,True,True
16893572,DIGITAL-MEDIA,6768,853,single_column,False,False,True,True,True,True
18488289,DIGITAL-MEDIA,5928,705,single_column,False,False,True,True,True,True
31909493,DIGITAL-MEDIA,8089,1058,single_column,False,False,True,True,True,True
29002596,DIGITAL-MEDIA,8529,1081,single_column,False,False,True,True,True,True
73282756,DIGITAL-MEDIA,9454,1217,single_column,False,False,True,True,True,True
94492380,DIGITAL-MEDIA,5507,783,single_column,False,False,True,True,True,False
18905648,DIGITAL-MEDIA,1888,257,single_column,False,False,True,False,True,True
70196518,DIGITAL-MEDIA,2995,368,single_column,False,False,True,True,True,True
56952849,DIGITAL-MEDIA,8657,1138,single_column,False,False,True,True,True,True
40311088,DIGITAL-MEDIA,5276,683,single_column,False,False,True,True,True,True
19053815,DIGITAL-MEDIA,7646,943,single_column,False,False,True,True,True,True
10005171,DIGITAL-MEDIA,5963,772,single_column,False,False,True,True,True,True
26160200,DIGITAL-MEDIA,6787,826,single_column,False,False,True,True,True,True
59011090,DIGITAL-MEDIA,3082,391,single_column,False,False,True,True,True,True
34583750,DIGITAL-MEDIA,3242,422,single_column,False,False,True,True,True,True
22380187,DIGITAL-MEDIA,2437,298,single_column,False,False,True,True,True,True
24953921,DIGITAL-MEDIA,6463,856,single_column,False,False,True,True,True,True
20490741,DIGITAL-MEDIA,12914,1869,single_column,False,False,True,True,True,True
21125113,DIGITAL-MEDIA,6349,845,single_column,False,False,True,True,True,True
11270462,DIGITAL-MEDIA,5917,861,single_column,False,False,True,True,True,True
90685127,DIGITAL-MEDIA,3244,424,single_column,False,False,True,True,True,True
20628003,DIGITAL-MEDIA,2185,272,single_column,False,False,True,True,True,True
30504149,DIGITAL-MEDIA,4548,580,single_column,False,False,True,True,True,False
25706337,DIGITAL-MEDIA,2711,331,single_column,False,False,True,True,True,True
91318828,DIGITAL-MEDIA,4951,631,single_column,False,False,True,True,True,True
42156237,DIGITAL-MEDIA,3091,379,single_column,False,False,True,True,True,True
80679862,DIGITAL-MEDIA,10000,1285,single_column,False,False,True,True,True,True
16276121,DIGITAL-MEDIA,3709,484,single_column,False,False,True,True,True,True
27921561,DIGITAL-MEDIA,7849,1000,single_column,False,False,True,True,True,True
50219114,DIGITAL-MEDIA,6303,806,single_column,False,False,True,True,True,True
30864828,DIGITAL-MEDIA,5221,636,single_column,False,False,True,True,True,True
17562754,DIGITAL-MEDIA,6450,850,single_column,False,False,True,True,True,True
24679149,DIGITAL-MEDIA,5283,703,single_column,False,False,True,True,True,True
81508860,DIGITAL-MEDIA,7507,972,single_column,False,False,True,True,True,True
28679359,DIGITAL-MEDIA,8970,1146,single_column,False,False,True,True,True,True
14556869,DIGITAL-MEDIA,4884,596,single_column,False,False,True,True,True,True
23810469,DIGITAL-MEDIA,7020,869,single_column,False,False,True,True,True,True
16536141,DIGITAL-MEDIA,7945,987,single_column,False,False,True,True,True,True
12085736,DIGITAL-MEDIA,6479,766,single_column,False,False,True,True,True,True
20210676,DIGITAL-MEDIA,3687,470,single_column,False,False,True,True,True,True
22706174,DIGITAL-MEDIA,5540,695,single_column,False,False,True,True,True,True
18354623,DIGITAL-MEDIA,6674,845,single_column,False,False,True,True,True,True
17432318,DIGITAL-MEDIA,4422,535,single_column,False,False,True,True,True,True
11797122,AUTOMOBILE,7935,1001,single_column,False,False,True,False,True,True
16332293,AUTOMOBILE,1749,213,single_column,False,False,True,True,True,True
28790806,AUTOMOBILE,6974,920,single_column,False,False,True,True,True,True
91515108,AUTOMOBILE,5033,632,single_column,False,False,True,True,True,True
32109048,AUTOMOBILE,5493,693,single_column,False,False,True,True,True,True
11152490,AUTOMOBILE,13903,1763,single_column,False,False,True,True,True,True
99680385,AUTOMOBILE,9725,1286,single_column,False,False,True,True,True,True
15790602,AUTOMOBILE,7045,899,single_column,False,False,True,True,True,True
17510973,AUTOMOBILE,4535,561,single_column,False,False,True,True,True,True
23522150,AUTOMOBILE,5226,651,single_column,False,False,True,True,True,True
11257723,AUTOMOBILE,3593,439,single_column,False,False,True,True,True,True
14455622,AUTOMOBILE,7186,863,single_column,False,False,True,True,True,True
84295343,AUTOMOBILE,2210,278,single_column,False,False,True,True,True,True
78357954,AUTOMOBILE,6056,794,single_column,False,False,True,True,True,True
24703983,AUTOMOBILE,2379,283,single_column,False,False,True,True,True,True
47487091,AUTOMOBILE,6618,840,single_column,False,False,True,True,True,True
23009962,AUTOMOBILE,5500,683,single_column,False,False,True,True,True,True
22732234,AUTOMOBILE,6173,799,single_column,False,False,True,True,True,True
18448085,AUTOMOBILE,3485,462,single_column,False,False,True,True,True,True
11887930,AUTOMOBILE,6651,852,single_column,False,False,True,True,True,True
14508237,AUTOMOBILE,6307,822,single_column,False,False,True,True,True,True
15100547,AUTOMOBILE,5056,661,single_column,False,False,True,True,True,True
97449528,AUTOMOBILE,7274,885,single_column,False,False,True,True,True,True
26341645,AUTOMOBILE,7498,974,single_column,False,False,True,True,True,True
82140102,AUTOMOBILE,7175,929,single_column,False,False,True,True,True,True
17571262,AUTOMOBILE,4952,659,single_column,False,False,True,True,True,True
32069695,AUTOMOBILE,8239,994,single_column,False,False,True,False,True,True
22946204,AUTOMOBILE,5943,738,single_column,False,False,True,True,True,True
63989974,AUTOMOBILE,5430,692,single_column,False,False,True,True,True,True
15484011,AUTOMOBILE,5198,636,single_column,False,False,True,True,True,True
18932512,AUTOMOBILE,5738,767,single_column,False,False,True,True,True,True
15210069,AUTOMOBILE,5038,609,single_column,False,False,True,True,True,True
25047127,AUTOMOBILE,3675,440,single_column,False,False,True,True,True,True
22452756,AUTOMOBILE,5401,804,single_column,False,True,True,True,True,True
24592627,AUTOMOBILE,5140,684,single_column,False,False,True,True,True,True
51508889,AUTOMOBILE,22032,2889,single_column,False,False,True,True,True,True
15180322,CHEF,7687,1046,single_column,False,False,True,True,True,True
24221960,CHEF,3780,506,single_column,False,False,True,True,True,True
24673903,CHEF,1935,240,single_column,False,False,True,False,True,True
19007667,CHEF,1483,189,single_column,False,False,True,False,True,True
30311202,CHEF,6268,827,single_column,False,False,True,True,True,True
11121498,CHEF,6399,854,single_column,False,False,True,True,True,True
32518109,CHEF,2102,286,single_column,False,False,True,True,True,True
26718039,CHEF,1447,193,single_column,False,False,True,False,True,True
23568731,CHEF,8552,1171,single_column,False,False,True,True,True,True
14663897,CHEF,38842,5080,single_column,False,False,True,True,True,True
21904897,CHEF,3004,442,single_column,False,False,True,True,True,True
23591247,CHEF,2319,286,single_column,False,False,True,True,True,True
16594812,CHEF,2017,273,single_column,False,False,True,True,True,True
19831366,CHEF,2156,251,single_column,False,False,True,True,True,True
16804396,CHEF,4977,627,single_column,False,False,False,True,True,True
92122785,CHEF,5651,873,single_column,False,False,True,True,True,True
27831220,CHEF,5351,668,single_column,False,False,True,True,True,True
13411858,CHEF,7656,1099,single_column,False,False,True,True,True,True
25924968,CHEF,6134,849,single_column,False,False,True,True,True,True
34252537,CHEF,9746,1257,single_column,False,False,True,True,True,True
81373857,CHEF,3005,408,single_column,False,False,True,True,True,True
92985983,CHEF,4849,650,single_column,False,False,True,True,True,True
34452806,CHEF,6303,784,single_column,False,False,True,True,True,True
21611637,CHEF,7965,1016,single_column,False,False,True,True,True,True
13095891,CHEF,6847,918,single_column,False,True,True,True,True,True
12717345,CHEF,4934,691,single_column,False,False,True,True,True,True
23841877,CHEF,5730,716,single_column,False,False,True,False,True,True
23032276,CHEF,12404,1650,single_column,False,False,True,True,True,True
32605413,CHEF,6264,803,single_column,False,False,True,True,True,True
65373280,CHEF,14694,1979,single_column,False,False,True,True,True,True
27909372,CHEF,5189,684,single_column,False,False,True,True,True,True
47603843,CHEF,2431,321,single_column,False,False,True,True,True,True
11444536,CHEF,5130,646,single_column,False,False,True,True,True,True
25953797,CHEF,1390,176,single_column,False,False,True,True,True,True
23185829,CHEF,4961,771,single_column,False,False,True,True,True,True
21869994,CHEF,5817,782,single_column,False,False,True,True,True,True
28424982,CHEF,5245,700,single_column,False,False,True,True,True,True
47317494,CHEF,1349,164,single_column,False,False,True,True,True,True
29784524,CHEF,5606,730,single_column,False,False,True,True,True,True
10001727,CHEF,5198,677,single_column,False,False,True,True,True,True
74522938,CHEF,8602,1033,single_column,False,False,True,True,True,True
91591026,CHEF,6310,780,single_column,False,False,True,True,True,True
21511817,CHEF,6266,839,single_column,False,False,True,True,True,True
35468363,CHEF,1130,149,single_column,False,False,True,True,True,False
37231163,CHEF,3527,487,single_column,False,False,True,True,True,True
16924102,CHEF,3642,453,single_column,False,False,True,True,True,True
28092317,CHEF,2282,293,single_column,False,False,True,True,True,True
16855929,CHEF,5630,912,single_column,False,False,True,True,True,True
29211359,CHEF,5921,798,single_column,False,False,True,True,True,True
27820360,CHEF,6421,903,single_column,False,False,True,True,True,True
48580330,CHEF,6100,891,single_column,False,False,True,True,True,True
29072179,CHEF,6446,864,single_column,False,False,True,True,True,True
94047639,CHEF,10608,1429,single_column,False,False,True,True,True,True
21622444,CHEF,5337,906,single_column,False,False,True,True,True,True
33964275,CHEF,11306,1449,single_column,False,False,True,True,True,True
21101152,CHEF,8357,1223,single_column,False,False,True,True,True,True
25128608,CHEF,5547,716,single_column,False,False,True,True,True,True
18825446,CHEF,7887,1030,single_column,False,False,True,True,True,True
61322296,CHEF,6260,911,single_column,False,False,True,True,True,True
20817322,CHEF,5136,713,single_column,False,False,True,True,True,True
29449419,CHEF,5522,716,single_column,False,False,True,True,True,True
20321582,CHEF,6785,844,single_column,False,False,True,True,True,True
19285236,CHEF,6087,804,single_column,False,False,True,True,True,True
13264154,CHEF,6498,877,single_column,False,False,True,True,True,True
47729453,CHEF,5240,701,single_column,False,False,True,True,True,True
51554903,CHEF,6129,868,single_column,False,False,True,True,True,True
14569498,CHEF,3755,461,single_column,False,False,True,True,True,True
22561438,CHEF,2008,271,single_column,False,True,True,True,True,False
12420359,CHEF,5612,781,single_column,False,False,True,True,True,True
16248476,CHEF,2077,257,single_column,False,False,True,True,True,True
10653119,CHEF,8390,1120,single_column,False,False,True,True,True,True
11209758,CHEF,6468,833,single_column,False,False,True,True,True,True
86551046,CHEF,2734,399,single_column,False,False,True,True,True,True
23807940,CHEF,7744,1038,single_column,False,False,True,True,True,True
29775391,CHEF,9794,1222,single_column,False,False,True,True,True,True
53265899,CHEF,6482,869,single_column,False,False,True,True,True,True
38309905,CHEF,5804,742,single_column,False,False,True,True,True,True
29772450,CHEF,3794,512,single_column,False,False,True,True,True,True
21334981,CHEF,6062,779,single_column,False,False,True,True,True,True
10276858,CHEF,5829,757,single_column,False,False,True,True,True,True
10588874,CHEF,6880,911,single_column,False,False,True,True,True,True
35157762,CHEF,5850,731,single_column,True,False,True,True,True,True
91072502,CHEF,5369,732,single_column,False,False,True,True,True,True
13212436,CHEF,7016,950,single_column,False,False,True,True,True,True
15261348,CHEF,5152,627,single_column,False,False,True,True,True,True
27662298,CHEF,6318,793,single_column,False,False,True,True,True,True
16066857,CHEF,6694,867,single_column,False,False,True,True,True,True
30337969,CHEF,6136,743,single_column,False,False,True,True,True,True
10333299,CHEF,5903,711,single_column,False,False,True,True,True,True
28396528,CHEF,8810,1125,single_column,False,False,True,True,True,True
19268120,CHEF,7394,1018,single_column,False,False,True,True,True,True
20691949,CHEF,3254,433,single_column,False,False,True,True,True,True
26189601,CHEF,5316,739,single_column,False,False,True,True,True,True
30826569,CHEF,5886,731,single_column,False,False,True,True,True,True
91268638,CHEF,6623,903,single_column,False,False,True,True,True,True
18036030,CHEF,5359,714,single_column,False,False,True,True,True,True
36366044,CHEF,9066,1242,single_column,False,False,True,True,True,True
23398733,CHEF,1716,192,single_column,False,False,True,True,True,True
29990140,CHEF,6632,862,single_column,False,False,True,True,True,True
30128072,CHEF,2181,274,single_column,False,False,True,True,True,True
28176889,CHEF,3104,405,single_column,False,False,True,True,True,True
10889157,CHEF,7100,1158,single_column,False,False,True,True,True,True
19951766,CHEF,5654,764,single_column,False,False,True,True,True,True
57262959,CHEF,5516,661,single_column,False,False,True,True,True,True
20033302,CHEF,5838,736,single_column,False,False,True,True,True,True
24709432,CHEF,5125,650,single_column,False,True,True,True,True,True
62555739,CHEF,7298,967,single_column,False,False,True,True,True,True
31547476,CHEF,5536,688,single_column,False,False,True,True,True,True
18480859,CHEF,5884,793,single_column,False,False,True,True,True,True
12254068,CHEF,6777,896,single_column,False,False,True,True,True,True
11432686,CHEF,10901,1417,single_column,False,False,True,True,True,True
25452321,CHEF,7618,1113,single_column,False,True,True,True,True,True
28230807,CHEF,6872,931,single_column,False,False,True,True,True,True
15354126,CHEF,5091,696,single_column,False,False,True,True,True,True
12155206,CHEF,5327,648,single_column,False,False,True,True,True,True
27298953,CHEF,7137,869,single_column,False,False,True,True,True,True
68338341,CHEF,5521,769,single_column,False,False,True,True,True,True
22349169,CHEF,5274,675,single_column,False,False,True,True,True,True
11877150,FINANCE,3547,464,single_column,False,False,True,True,True,True
86549455,FINANCE,3096,373,single_column,False,False,True,True,True,True
26530575,FINANCE,10236,1203,single_column,False,False,True,True,True,True
23955183,FINANCE,5886,744,single_column,False,False,True,True,True,True
24854026,FINANCE,3565,432,single_column,False,False,True,True,True,True
48285304,FINANCE,4260,531,single_column,False,False,True,True,True,True
14722634,FINANCE,7276,968,single_column,False,False,True,True,True,True
27789372,FINANCE,2076,256,single_column,False,False,True,True,True,True
26767199,FINANCE,5779,741,single_column,False,False,True,True,True,True
15891494,FINANCE,7066,869,single_column,False,False,True,True,True,True
78229715,FINANCE,6521,805,single_column,False,False,True,True,True,True
22720697,FINANCE,5444,718,single_column,False,False,True,True,True,True
70541112,FINANCE,8546,1083,single_column,False,False,True,True,True,True
20705888,FINANCE,5721,720,single_column,False,False,True,True,True,True
28522529,FINANCE,5845,758,single_column,False,False,True,True,True,True
19147603,FINANCE,5196,650,single_column,False,False,True,True,True,True
11490673,FINANCE,5170,627,single_column,False,False,True,True,True,True
84356308,FINANCE,10154,1281,single_column,False,False,True,True,True,True
91564103,FINANCE,6144,750,single_column,False,False,True,True,True,True
22622351,FINANCE,5602,723,single_column,False,False,True,True,True,True
61634281,FINANCE,4349,550,single_column,False,False,True,True,True,True
24530382,FINANCE,7685,957,single_column,False,False,True,True,True,True
27018361,FINANCE,5727,829,single_column,False,False,True,True,True,True
92524964,FINANCE,5776,772,single_column,False,False,True,True,True,True
19405513,FINANCE,5114,661,single_column,False,False,True,True,True,True
17775916,FINANCE,6699,903,single_column,False,True,True,True,True,True
18975686,FINANCE,5976,771,single_column,False,False,True,True,True,True
28758002,FINANCE,5948,717,single_column,False,False,True,True,True,True
59938965,FINANCE,2707,334,single_column,False,False,True,True,True,True
28396458,FINANCE,8645,1110,single_column,False,False,True,True,True,True
27914096,FINANCE,5743,751,single_column,False,False,True,True,True,True
57088974,FINANCE,5545,689,single_column,False,False,True,True,True,True
26231609,FINANCE,5639,714,single_column,False,False,True,True,True,True
20836112,FINANCE,3696,477,single_column,False,False,True,True,True,True
28398216,FINANCE,5196,650,single_column,False,False,True,True,True,True
26961846,FINANCE,6705,1009,single_column,False,False,True,True,True,True
37931076,FINANCE,3221,400,single_column,False,False,True,True,True,True
16426777,FINANCE,8381,1093,single_column,False,False,True,True,True,True
26750846,FINANCE,5400,672,single_column,False,False,True,True,True,True
28623782,FINANCE,8151,1026,single_column,False,False,True,True,True,True
81677620,FINANCE,9741,1255,single_column,False,False,True,True,True,True
14413148,FINANCE,6226,798,single_column,False,False,True,True,True,True
76454959,FINANCE,5722,764,single_column,False,False,True,True,True,True
11441764,FINANCE,6192,795,single_column,False,False,True,True,True,True
24411323,FINANCE,3276,407,single_column,False,False,True,True,True,True
33685988,FINANCE,5048,684,single_column,False,False,True,True,True,True
62850928,FINANCE,5512,717,single_column,False,False,True,True,True,True
34250007,FINANCE,5677,755,single_column,False,False,True,True,True,True
74849878,FINANCE,2442,280,single_column,False,False,True,True,True,True
25497147,FINANCE,5413,637,single_column,False,False,True,True,True,True
31948488,FINANCE,5216,622,single_column,False,False,True,True,True,True
18640927,FINANCE,7302,1015,single_column,False,False,True,True,True,True
77638654,FINANCE,5635,691,single_column,False,False,True,True,True,True
38441665,FINANCE,5357,648,single_column,False,False,True,True,True,True
18072085,FINANCE,6762,902,single_column,False,True,True,True,True,True
14408510,FINANCE,5049,625,single_column,False,False,True,True,True,True
12858898,FINANCE,5705,702,single_column,False,False,True,True,True,True
24670867,FINANCE,9468,1211,single_column,False,False,True,True,True,True
29648950,FINANCE,5254,764,single_column,False,False,True,True,True,True
27330027,FINANCE,5165,636,single_column,False,False,True,True,True,True
17880988,FINANCE,7793,993,single_column,False,False,True,True,True,True
15011085,FINANCE,20698,2667,single_column,False,False,True,True,True,True
20977412,FINANCE,7601,951,single_column,False,False,True,True,True,True
26013403,FINANCE,5859,742,single_column,False,False,True,True,True,True
84373843,FINANCE,5631,867,single_column,False,False,True,True,True,True
21912637,FINANCE,5891,723,single_column,False,False,True,True,True,True
14181049,FINANCE,9293,1274,single_column,False,False,True,True,True,True
29998869,FINANCE,7174,974,single_column,False,False,True,True,True,True
18024825,FINANCE,5480,734,single_column,False,True,True,True,True,True
28973180,FINANCE,9036,1246,single_column,False,False,True,True,True,True
23573064,FINANCE,5919,758,single_column,False,False,True,True,True,True
10549585,FINANCE,6037,737,single_column,False,False,True,True,True,True
23354541,FINANCE,2521,287,single_column,False,False,True,True,True,True
29494962,FINANCE,5441,698,single_column,False,False,True,True,True,True
81217013,FINANCE,8641,1210,single_column,False,False,True,True,True,True
39675895,FINANCE,5499,724,single_column,False,False,True,True,True,True
12071138,FINANCE,10878,1382,single_column,False,False,True,True,True,True
25330083,FINANCE,5492,694,single_column,False,False,True,True,True,True
69487178,FINANCE,5005,620,single_column,False,False,True,True,True,True
86595128,FINANCE,5125,681,single_column,False,False,True,True,True,True
74512244,FINANCE,5675,693,single_column,False,False,True,True,True,True
25678238,FINANCE,7325,916,single_column,False,True,True,True,True,True
38907798,FINANCE,5468,689,single_column,False,False,True,True,True,True
58165257,FINANCE,5909,751,single_column,False,False,True,True,True,True
93653247,FINANCE,7275,914,single_column,False,False,True,True,True,True
29612672,FINANCE,5875,822,single_column,False,False,True,True,True,True
66741193,FINANCE,7461,963,single_column,False,False,True,True,True,True
24553863,FINANCE,6110,845,single_column,False,False,True,True,True,True
16449850,FINANCE,5189,683,single_column,False,False,True,True,True,True
47410104,FINANCE,5143,645,single_column,False,False,True,True,True,True
38225199,FINANCE,6295,820,single_column,False,False,True,True,True,True
14106638,FINANCE,8628,1099,single_column,False,False,True,True,True,True
19243556,FINANCE,5781,727,single_column,False,False,True,True,True,True
20880935,FINANCE,5562,724,single_column,False,False,True,True,True,True
95519832,FINANCE,3035,401,single_column,False,False,True,True,True,True
39295103,FINANCE,6219,647,single_column,False,False,True,True,True,True
25101183,FINANCE,7764,951,single_column,False,False,True,True,True,True
88038965,FINANCE,6208,807,single_column,False,False,True,True,True,True
17392859,FINANCE,6805,866,single_column,False,False,True,True,True,True
20969845,FINANCE,4158,533,single_column,False,False,True,True,True,True
20275356,FINANCE,5054,701,single_column,False,False,True,True,True,True
59818742,FINANCE,6775,936,single_column,True,False,True,True,True,True
72136463,FINANCE,8232,989,single_column,False,False,True,True,True,True
98513424,FINANCE,7338,981,single_column,False,False,True,True,True,True
15717923,FINANCE,5570,774,single_column,False,False,True,True,True,True
24833063,FINANCE,11123,1440,single_column,False,False,True,True,True,True
15792052,FINANCE,5558,714,single_column,False,False,True,True,True,True
59450123,FINANCE,6722,955,single_column,False,False,True,True,True,True
24611721,FINANCE,5097,634,single_column,False,False,True,True,True,True
15224503,FINANCE,5851,768,single_column,False,False,True,True,True,True
27409087,FINANCE,10227,1297,single_column,False,False,True,True,True,True
20918464,FINANCE,7193,855,single_column,False,True,True,True,True,True
19540089,FINANCE,8599,1136,single_column,False,False,True,True,True,True
28724469,FINANCE,7286,934,single_column,False,False,True,True,True,True
18636651,FINANCE,7196,908,single_column,False,False,True,True,True,True
59777056,FINANCE,5272,634,single_column,False,False,True,True,True,True
22492537,FINANCE,6209,745,single_column,False,False,True,True,True,True
24967652,FINANCE,9511,1240,single_column,False,False,True,True,True,True
24533931,APPAREL,1970,250,single_column,False,False,True,True,True,True
21807211,APPAREL,6304,793,single_column,False,False,True,True,True,True
71767359,APPAREL,9176,1289,single_column,False,False,True,True,True,True
27694040,APPAREL,2250,265,single_column,False,False,True,True,True,True
15535408,APPAREL,5533,674,single_column,False,False,True,True,True,True
13386301,APPAREL,6825,920,single_column,False,False,True,True,True,True
27091280,APPAREL,8073,1225,single_column,False,False,True,True,True,True
14413257,APPAREL,6706,788,single_column,False,True,True,True,True,True
11677077,APPAREL,8022,1110,single_column,False,False,True,True,True,True
29521434,APPAREL,2323,283,single_column,False,False,True,True,True,True
50324968,APPAREL,2947,402,single_column,False,False,True,True,True,True
13764840,APPAREL,2377,291,single_column,False,False,True,True,True,True
19070271,APPAREL,6552,813,single_column,False,False,True,True,True,True
56151548,APPAREL,5008,654,single_column,False,False,True,True,True,True
16391949,APPAREL,5322,675,single_column,False,False,True,True,True,True
13418452,APPAREL,7801,992,single_column,False,False,True,True,True,True
27099856,APPAREL,7117,979,single_column,False,False,True,True,True,True
26046878,APPAREL,4930,647,single_column,False,False,True,True,True,True
35121930,APPAREL,5659,784,single_column,False,False,True,True,True,True
10182582,APPAREL,2499,302,single_column,False,False,True,True,True,True
12669075,APPAREL,5051,620,single_column,False,False,True,True,True,True
16915389,APPAREL,2596,332,single_column,False,False,True,True,True,False
12668625,APPAREL,5551,826,single_column,False,False,True,True,True,True
14698557,APPAREL,5135,669,single_column,False,False,True,True,True,True
27549075,APPAREL,5282,639,single_column,False,False,True,True,True,True
31225895,APPAREL,5168,703,single_column,False,False,True,True,True,True
15479281,APPAREL,5160,687,single_column,False,False,True,True,True,True
26691587,APPAREL,5643,737,single_column,False,False,True,True,True,True
11232471,APPAREL,2165,286,single_column,False,False,True,True,True,True
21007083,APPAREL,2213,250,single_column,False,False,True,True,True,True
20905088,APPAREL,7919,1051,single_column,False,False,True,True,True,True
16723524,APPAREL,6261,832,single_column,False,False,True,True,True,True
14937492,APPAREL,6810,918,single_column,False,False,True,True,True,True
72807293,APPAREL,5374,683,single_column,False,False,True,True,True,True
30344127,APPAREL,6933,950,single_column,False,False,True,True,True,True
23719943,APPAREL,5572,729,single_column,False,False,True,True,True,True
58208591,APPAREL,12984,1596,single_column,False,False,True,True,True,True
15154822,APPAREL,5349,692,single_column,False,False,True,True,True,True
46514339,APPAREL,5923,752,single_column,False,False,True,True,True,True
11409460,APPAREL,3263,397,single_column,False,False,True,True,True,True
99806115,APPAREL,6489,847,single_column,False,False,True,True,True,True
29640922,APPAREL,7540,986,single_column,False,False,True,True,True,True
12860543,APPAREL,6567,859,single_column,False,False,True,True,True,True
29764492,APPAREL,11733,1515,single_column,False,False,True,True,True,True
91533580,APPAREL,5206,683,single_column,False,False,True,True,True,True
13807808,APPAREL,2652,345,single_column,False,False,True,True,True,True
16605640,APPAREL,6504,813,single_column,True,True,True,True,True,True
17714174,APPAREL,13114,1735,single_column,False,False,True,True,True,True
28998957,APPAREL,6594,846,single_column,False,False,True,True,True,True
71499299,APPAREL,4999,651,single_column,False,False,True,True,True,True
30430249,APPAREL,6371,832,single_column,False,False,True,True,True,True
10876132,APPAREL,5838,756,single_column,False,False,True,True,True,True
18509268,APPAREL,5090,663,single_column,False,False,True,True,True,True
35571205,APPAREL,9262,1091,single_column,False,False,True,True,True,True
23190306,APPAREL,5073,651,single_column,False,False,True,True,True,True
29028935,APPAREL,6938,869,single_column,False,False,True,True,True,True
12059610,APPAREL,6843,921,single_column,True,True,True,True,True,True
26829561,APPAREL,3639,433,single_column,False,False,True,True,True,True
78273826,APPAREL,8229,1110,single_column,False,False,True,True,True,True
27176039,APPAREL,6043,755,single_column,False,False,True,True,True,True
22249155,APPAREL,5320,650,single_column,False,False,True,True,True,True
25142074,APPAREL,3266,424,single_column,False,False,True,True,True,True
19402977,APPAREL,2824,362,single_column,False,False,True,True,True,True
13858219,APPAREL,2209,286,single_column,False,False,True,True,True,True
15746146,APPAREL,7897,1031,single_column,False,False,True,True,True,True
17659053,APPAREL,7291,921,single_column,False,False,True,True,True,True
26586477,APPAREL,5241,685,single_column,False,False,True,True,True,True
37750854,APPAREL,6160,797,single_column,False,False,True,True,True,True
33665485,APPAREL,5278,665,single_column,False,False,True,True,True,True
26098594,APPAREL,5819,758,single_column,False,False,True,True,True,True
91026230,APPAREL,6310,809,single_column,False,False,True,True,True,True
16985289,APPAREL,5887,711,single_column,False,False,True,True,True,True
54308684,APPAREL,7957,1022,single_column,False,False,True,True,True,True
10562768,APPAREL,6782,828,single_column,False,False,True,True,True,True
41586420,APPAREL,8153,1053,single_column,False,False,True,True,True,True
21570485,APPAREL,6423,796,single_column,False,False,True,True,True,True
12122372,APPAREL,2991,358,single_column,False,False,True,True,True,True
14304010,APPAREL,5423,676,single_column,False,False,True,True,True,True
36136569,APPAREL,6988,890,single_column,False,False,True,True,True,True
35603950,APPAREL,7101,925,single_column,True,True,True,True,True,True
52252936,APPAREL,6187,799,single_column,False,True,True,True,True,True
70750649,APPAREL,9218,1205,single_column,False,False,True,True,True,True
43852883,APPAREL,6671,837,single_column,False,False,True,True,True,True
31761591,APPAREL,6497,868,single_column,False,False,True,True,True,True
31362807,APPAREL,5892,763,single_column,False,False,True,True,True,True
24516163,APPAREL,5003,684,single_column,False,False,True,True,True,True
20504094,APPAREL,7394,919,single_column,False,False,True,True,True,True
24989856,APPAREL,5169,647,single_column,False,False,True,True,True,True
16500168,APPAREL,6099,845,single_column,False,False,True,True,True,True
35985133,APPAREL,8726,1136,single_column,False,False,True,True,True,True
22852364,APPAREL,6543,824,single_column,False,False,True,True,True,True
83566455,APPAREL,5437,706,single_column,False,False,True,True,True,True
10738095,APPAREL,8608,1117,single_column,False,False,True,True,True,True
36094883,APPAREL,5093,655,single_column,False,False,True,True,True,True
19714635,APPAREL,11171,1513,single_column,False,False,True,True,True,True
56025640,APPAREL,7098,915,single_column,False,False,True,True,True,True
25543217,APPAREL,6326,797,single_column,False,False,True,True,True,True
14206561,ENGINEERING,3651,433,single_column,False,False,True,True,True,True
15139979,ENGINEERING,13441,1714,single_column,False,False,True,True,True,True
44624796,ENGINEERING,3741,457,single_column,False,False,True,True,True,True
54227873,ENGINEERING,6319,913,single_column,False,False,True,True,True,True
28005884,ENGINEERING,4850,619,single_column,False,False,True,True,True,True
82246962,ENGINEERING,7852,1049,single_column,False,False,True,True,True,True
13149176,ENGINEERING,7037,879,single_column,False,False,True,True,True,True
12022566,ENGINEERING,5703,740,single_column,False,False,True,True,True,True
20981299,ENGINEERING,5625,735,single_column,False,False,True,True,True,True
25919149,ENGINEERING,5250,644,single_column,False,False,True,True,True,True
86828820,ENGINEERING,5463,669,single_column,False,False,True,True,True,True
28320387,ENGINEERING,5228,639,single_column,False,False,True,True,True,True
27756469,ENGINEERING,5776,743,single_column,False,False,True,True,True,True
14049846,ENGINEERING,5927,743,single_column,False,False,True,True,True,True
43752620,ENGINEERING,7164,928,single_column,False,False,True,True,True,True
74236636,ENGINEERING,5786,777,single_column,False,False,True,True,True,True
47549345,ENGINEERING,4317,539,single_column,True,False,True,True,True,True
28505854,ENGINEERING,8402,1172,single_column,False,False,True,True,True,True
38535335,ENGINEERING,1604,216,single_column,False,False,True,True,True,True
25608963,ENGINEERING,6531,849,single_column,False,False,True,True,True,True
24647794,ENGINEERING,5252,707,single_column,False,False,True,True,True,True
16803215,ENGINEERING,5172,760,single_column,False,False,True,True,True,True
37335325,ENGINEERING,9248,1220,single_column,False,False,True,True,True,True
81125166,ENGINEERING,9566,1265,single_column,False,False,True,True,True,True
32081266,ENGINEERING,10798,1392,single_column,False,False,True,True,True,True
25797445,ENGINEERING,5033,641,single_column,False,False,True,True,True,True
28831378,ENGINEERING,5568,715,single_column,False,False,True,True,True,True
50328713,ENGINEERING,9461,1209,single_column,False,False,True,True,True,True
27040860,ENGINEERING,3330,440,single_column,False,False,True,True,True,True
21807224,ENGINEERING,3116,369,single_column,False,False,True,True,True,True
17926546,ENGINEERING,6438,824,single_column,False,False,True,True,True,True
20882041,ENGINEERING,6267,826,single_column,False,False,True,True,True,True
56691064,ENGINEERING,6184,842,single_column,False,False,True,True,True,True
64755882,ENGINEERING,4994,648,single_column,False,False,True,True,True,True
30097175,ENGINEERING,5197,644,single_column,False,False,True,True,True,True
28628090,ENGINEERING,11853,1529,single_column,False,False,True,True,True,True
19612167,ENGINEERING,3351,406,single_column,False,False,True,True,True,True
21298336,ENGINEERING,1400,156,single_column,False,False,True,True,True,True
25930778,ENGINEERING,2234,276,single_column,False,False,True,True,True,True
31684925,ENGINEERING,6246,816,single_column,False,False,True,True,True,True
39855211,ENGINEERING,7537,940,single_column,False,False,True,True,True,True
12518008,ENGINEERING,7234,968,single_column,False,False,True,True,True,True
20566550,ENGINEERING,7409,988,single_column,False,False,True,True,True,True
55953734,ENGINEERING,5401,710,single_column,False,False,True,True,True,True
23234047,ENGINEERING,5904,730,single_column,False,False,True,True,True,True
38314236,ENGINEERING,3540,457,single_column,False,False,True,True,True,True
25425322,ENGINEERING,8036,1029,single_column,True,True,True,True,True,True
55595908,ENGINEERING,6711,909,single_column,False,False,True,True,True,True
28631840,ENGINEERING,5323,699,single_column,False,False,True,True,True,True
23438227,ENGINEERING,6143,804,single_column,False,False,True,True,True,True
35737840,ENGINEERING,5980,700,single_column,False,False,True,True,True,True
90280583,ENGINEERING,6896,847,single_column,True,True,True,True,True,True
51588273,ENGINEERING,3018,372,single_column,False,False,True,True,True,True
15601399,ENGINEERING,2274,294,single_column,False,False,True,True,True,True
64468610,ENGINEERING,6381,868,single_column,False,False,True,True,True,True
28078163,ENGINEERING,6450,874,single_column,False,False,True,True,True,True
31677347,ENGINEERING,6714,899,single_column,False,False,True,True,True,True
28762662,ENGINEERING,7212,976,single_column,False,False,True,True,True,True
15858254,ENGINEERING,5205,614,single_column,False,False,True,True,True,True
16911115,ENGINEERING,5181,699,single_column,False,False,True,True,True,True
27152464,ENGINEERING,6152,815,single_column,False,False,True,True,True,True
35651876,ENGINEERING,15541,1961,single_column,False,False,True,True,True,True
19124258,ENGINEERING,5447,648,single_column,False,False,True,True,True,True
24322804,ENGINEERING,5362,768,single_column,False,False,True,True,True,True
12488356,ENGINEERING,7359,891,single_column,False,False,True,True,True,True
26834746,ENGINEERING,7589,980,single_column,False,False,True,True,True,True
32985311,ENGINEERING,3284,430,single_column,False,False,True,True,True,True
39835894,ENGINEERING,5849,956,single_column,False,False,True,True,True,True
21847415,ENGINEERING,6527,817,single_column,False,False,True,True,True,True
30288581,ENGINEERING,3673,467,single_column,False,False,True,True,True,True
36149549,ENGINEERING,4982,637,single_column,False,False,True,True,True,True
17103000,ENGINEERING,5702,702,single_column,False,False,True,True,True,True
12011623,ENGINEERING,6980,915,single_column,False,False,True,True,True,True
12748557,ENGINEERING,5869,751,single_column,False,False,True,True,True,False
28923650,ENGINEERING,5772,752,single_column,False,False,True,True,True,True
30542184,ENGINEERING,9147,1115,single_column,False,False,True,True,True,True
19396040,ENGINEERING,5291,707,single_column,False,False,True,True,True,True
35389360,ENGINEERING,10455,1306,single_column,False,False,True,True,True,True
36517781,ENGINEERING,6662,849,single_column,False,False,True,True,True,True
15941675,ENGINEERING,5254,647,single_column,False,False,True,True,True,True
19397727,ENGINEERING,5050,599,single_column,False,False,True,True,True,True
47919212,ENGINEERING,5796,773,single_column,False,False,True,True,True,True
10712803,ENGINEERING,9807,1209,single_column,False,False,True,True,True,True
14554542,ENGINEERING,11856,1566,single_column,False,False,True,True,True,True
22605864,ENGINEERING,7414,1058,single_column,False,False,True,True,True,True
49127329,ENGINEERING,8903,1163,single_column,False,False,True,True,True,True
10219099,ENGINEERING,8510,1044,single_column,False,False,True,True,True,True
82125182,ENGINEERING,4404,578,single_column,False,False,True,True,True,True
22890839,ENGINEERING,6064,802,single_column,False,False,True,False,True,True
17108676,ENGINEERING,5616,722,single_column,False,False,True,True,True,True
17488801,ENGINEERING,5079,635,single_column,False,False,True,True,True,True
23497307,ENGINEERING,6983,906,single_column,False,False,True,True,True,True
19553067,ENGINEERING,5078,639,single_column,False,False,True,True,True,True
11981094,ENGINEERING,5980,810,single_column,False,False,True,True,True,True
17043822,ENGINEERING,6866,898,single_column,False,False,True,True,True,True
21038022,ENGINEERING,8557,1085,single_column,False,False,True,True,True,True
60004873,ENGINEERING,3271,386,single_column,False,False,True,True,True,True
38220146,ENGINEERING,5120,652,single_column,False,False,True,True,True,True
47276718,ENGINEERING,8561,1073,single_column,False,False,True,True,True,True
28630325,ENGINEERING,2938,379,single_column,False,False,True,True,True,True
13264796,ENGINEERING,19632,2579,single_column,False,False,True,True,True,True
96029688,ENGINEERING,8226,1039,single_column,False,False,True,True,True,True
32802563,ENGINEERING,6177,790,single_column,False,False,True,True,True,True
18753367,ENGINEERING,8218,979,single_column,False,False,True,True,True,True
26456899,ENGINEERING,4894,630,single_column,False,False,True,True,True,True
10985403,ENGINEERING,4991,648,single_column,False,False,True,True,True,True
10030015,ENGINEERING,2902,371,single_column,False,False,True,True,True,True
86209934,ENGINEERING,7261,940,single_column,False,False,True,True,True,True
11890896,ENGINEERING,6045,758,single_column,False,False,True,True,True,True
10624813,ENGINEERING,7263,974,single_column,False,False,True,True,True,True
61579998,ENGINEERING,5578,719,single_column,False,False,True,True,True,True
62071407,ENGINEERING,6005,718,single_column,False,False,True,True,True,True
12472574,ENGINEERING,18043,2449,single_column,False,False,True,True,True,True
31694970,ENGINEERING,8410,1034,single_column,False,False,True,True,True,True
33685075,ENGINEERING,7102,919,single_column,False,False,True,True,True,True
77828437,ENGINEERING,6199,846,single_column,False,False,True,True,True,True
35172961,ENGINEERING,5830,759,single_column,False,False,True,True,True,True
21629057,ENGINEERING,7722,1068,single_column,False,False,True,True,True,True
15906625,ACCOUNTANT,6268,774,single_column,False,False,True,True,True,True
30361788,ACCOUNTANT,2399,291,single_column,False,False,True,True,True,True
21031285,ACCOUNTANT,5863,759,single_column,False,False,True,True,True,True
25749150,ACCOUNTANT,6755,824,single_column,False,False,True,True,True,True
12338274,ACCOUNTANT,6284,810,single_column,False,False,True,True,True,True
33527446,ACCOUNTANT,6538,808,single_column,False,False,True,True,True,True
12442909,ACCOUNTANT,5202,653,single_column,False,False,True,True,True,True
37997506,ACCOUNTANT,8016,1021,single_column,False,False,True,True,True,True
37370455,ACCOUNTANT,5783,731,single_column,False,False,True,True,True,True
10554236,ACCOUNTANT,24695,3459,single_column,False,False,True,True,True,True
31602598,ACCOUNTANT,5462,699,single_column,False,False,True,True,True,True
19545827,ACCOUNTANT,7135,926,single_column,True,True,True,True,True,True
14470533,ACCOUNTANT,6562,837,single_column,False,False,True,True,True,True
43685045,ACCOUNTANT,5216,697,single_column,False,False,True,True,True,True
18365791,ACCOUNTANT,1774,203,single_column,False,False,True,True,True,True
14224370,ACCOUNTANT,3347,425,single_column,False,False,True,True,True,True
21794875,ACCOUNTANT,6253,795,single_column,False,False,True,True,True,True
23734441,ACCOUNTANT,6465,848,single_column,False,True,True,True,True,True
39115899,ACCOUNTANT,5120,639,single_column,False,False,True,True,True,True
23139819,ACCOUNTANT,7094,863,single_column,False,False,True,True,True,True
42487883,ACCOUNTANT,5130,650,single_column,False,False,True,True,True,True
23636277,ACCOUNTANT,6827,859,single_column,False,False,True,True,True,True
21338490,ACCOUNTANT,5338,647,single_column,False,False,True,True,True,True
14491649,ACCOUNTANT,5823,743,single_column,False,False,True,True,True,True
17407184,ACCOUNTANT,5484,671,single_column,False,False,True,True,True,True
30813919,ACCOUNTANT,6947,831,single_column,False,False,True,True,True,True
78403342,ACCOUNTANT,6679,867,single_column,False,False,True,True,True,True
20393721,ACCOUNTANT,5866,718,single_column,False,False,True,True,True,True
24817041,ACCOUNTANT,2176,271,single_column,False,False,True,True,True,True
27980446,ACCOUNTANT,5544,709,single_column,False,False,True,True,True,True
25462793,ACCOUNTANT,3730,452,single_column,False,False,True,True,True,True
29456173,ACCOUNTANT,5330,681,single_column,False,False,True,True,True,True
59403481,ACCOUNTANT,6241,747,single_column,False,False,True,True,True,True
13491889,ACCOUNTANT,5515,686,single_column,False,False,True,True,True,True
25846894,ACCOUNTANT,6339,773,single_column,False,False,True,True,True,True
53640713,ACCOUNTANT,12286,1581,single_column,False,False,True,True,True,True
11163645,ACCOUNTANT,5097,628,single_column,False,True,True,True,True,True
23513618,ACCOUNTANT,6024,761,single_column,False,False,True,True,True,True
75286906,ACCOUNTANT,6164,796,single_column,False,False,True,True,True,True
20253563,ACCOUNTANT,5194,674,single_column,False,False,False,True,True,True
16237710,ACCOUNTANT,6588,837,single_column,False,False,True,True,True,True
13294301,ACCOUNTANT,5093,632,single_column,False,False,True,True,True,True
13130984,ACCOUNTANT,4338,510,single_column,False,False,True,True,True,True
25127518,ACCOUNTANT,3693,442,single_column,False,False,True,True,True,True
24799301,ACCOUNTANT,1210,143,single_column,False,False,True,True,True,True
25067742,ACCOUNTANT,2936,344,single_column,False,True,True,True,True,True
15821633,ACCOUNTANT,6684,862,single_column,False,False,True,True,True,True
15363277,ACCOUNTANT,6911,928,single_column,False,False,True,True,True,True
18132924,ACCOUNTANT,6947,856,single_column,False,False,True,True,True,True
63137898,ACCOUNTANT,5685,789,single_column,False,False,True,True,True,True
21763056,ACCOUNTANT,5948,750,single_column,False,False,True,True,True,True
20624984,ACCOUNTANT,5093,644,single_column,False,False,True,True,True,True
25935030,ACCOUNTANT,5861,750,single_column,False,False,True,True,True,True
17556527,ACCOUNTANT,8498,1147,single_column,False,False,True,True,True,True
28939941,ACCOUNTANT,7053,899,single_column,False,False,True,True,True,True
28359817,ACCOUNTANT,6186,857,single_column,False,False,True,True,True,True
20345168,ACCOUNTANT,4022,465,single_column,False,False,True,True,True,True
14496667,ACCOUNTANT,5296,681,single_column,False,False,True,True,True,True
25862026,ACCOUNTANT,5992,753,single_column,False,False,True,True,True,True
23246831,ACCOUNTANT,5877,685,single_column,False,False,True,True,True,True
49204385,ACCOUNTANT,11831,1519,single_column,False,False,True,True,True,True
12802330,ACCOUNTANT,6652,816,single_column,False,False,True,True,True,True
22925443,ACCOUNTANT,5361,649,single_column,False,False,True,True,True,True
28614791,ACCOUNTANT,6425,842,single_column,False,True,True,True,True,True
30304575,ACCOUNTANT,8365,1046,single_column,False,False,True,True,True,True
26065877,ACCOUNTANT,5296,651,single_column,False,False,True,True,True,True
29821051,ACCOUNTANT,8966,1065,single_column,False,False,True,True,True,True
29999135,ACCOUNTANT,10809,1407,single_column,False,False,True,True,True,True
21853199,ACCOUNTANT,5754,737,single_column,False,False,True,True,True,True
39674178,ACCOUNTANT,5623,706,single_column,False,False,True,True,True,True
14449423,ACCOUNTANT,7834,982,single_column,False,False,True,True,True,True
25547145,ACCOUNTANT,7245,909,single_column,False,False,True,True,True,True
14055988,ACCOUNTANT,5030,616,single_column,False,False,True,True,True,True
27637576,ACCOUNTANT,9292,1165,single_column,False,False,True,True,True,True
49997097,ACCOUNTANT,5332,693,single_column,False,False,True,True,True,True
27558837,ACCOUNTANT,5092,740,single_column,False,False,True,True,True,True
14126433,ACCOUNTANT,6628,823,single_column,False,False,True,True,True,True
34198885,ACCOUNTANT,5556,686,single_column,False,False,True,True,True,True
62809577,ACCOUNTANT,3997,468,single_column,False,False,True,True,True,True
12065211,ACCOUNTANT,5847,782,single_column,False,False,True,True,True,True
23416654,ACCOUNTANT,5621,712,single_column,False,False,True,True,True,True
38847011,ACCOUNTANT,6870,885,single_column,False,False,True,True,True,True
27573855,ACCOUNTANT,7106,916,single_column,False,False,True,True,True,True
15592167,ACCOUNTANT,5322,670,single_column,False,False,True,True,True,True
20082776,ACCOUNTANT,5373,682,single_column,False,False,True,True,True,True
10674770,ACCOUNTANT,7826,1047,single_column,False,False,True,True,True,True
24294778,ACCOUNTANT,9467,1219,single_column,False,False,True,True,True,True
11759079,ACCOUNTANT,6166,849,single_column,False,False,True,True,True,True
18669563,ACCOUNTANT,4633,594,single_column,False,False,True,True,True,True
18569929,ACCOUNTANT,4498,544,single_column,False,False,True,True,True,True
80053367,ACCOUNTANT,4940,600,single_column,False,False,True,True,True,True
87635012,ACCOUNTANT,5812,731,single_column,False,False,True,True,True,True
24703009,ACCOUNTANT,6262,827,single_column,False,False,True,True,True,True
25867805,ACCOUNTANT,4899,628,single_column,False,False,True,True,True,True
35554162,ACCOUNTANT,5403,677,single_column,False,False,True,True,True,True
13701259,ACCOUNTANT,6898,866,single_column,False,False,True,True,True,True
12202337,ACCOUNTANT,5540,743,single_column,False,False,True,True,True,True
19446337,ACCOUNTANT,6636,747,single_column,False,False,True,True,True,True
15289348,ACCOUNTANT,8688,1186,single_column,False,False,True,True,True,True
28969385,ACCOUNTANT,5969,739,single_column,False,False,True,True,True,True
36425270,ACCOUNTANT,5047,655,single_column,False,False,True,True,True,True
78257294,ACCOUNTANT,8728,1090,single_column,False,False,True,True,True,True
23438112,ACCOUNTANT,5562,636,single_column,False,False,True,True,True,True
98559931,ACCOUNTANT,6075,797,single_column,False,False,True,True,True,True
17306905,ACCOUNTANT,13691,1825,single_column,False,False,True,True,True,True
12780508,ACCOUNTANT,7958,994,single_column,False,False,True,True,True,True
26975573,ACCOUNTANT,8779,1060,single_column,False,False,True,True,True,True
28298773,ACCOUNTANT,5174,664,single_column,False,False,True,True,True,True
29050809,ACCOUNTANT,9435,1200,single_column,False,False,True,True,True,True
34816637,ACCOUNTANT,5275,708,single_column,False,False,True,True,True,True
22465498,ACCOUNTANT,8158,992,single_column,False,False,True,True,True,True
24103168,ACCOUNTANT,5603,694,single_column,False,False,True,True,True,True
36024962,ACCOUNTANT,2002,233,single_column,False,False,True,True,True,True
18635654,ACCOUNTANT,3589,449,single_column,True,True,True,True,True,True
50222417,ACCOUNTANT,8968,1152,single_column,False,False,True,True,True,True
23387174,ACCOUNTANT,6179,782,single_column,False,False,True,True,True,True
13072019,ACCOUNTANT,6394,829,single_column,False,False,True,True,True,True
82649935,ACCOUNTANT,5277,696,single_column,False,False,True,True,True,True
99433371,CONSTRUCTION,1885,214,single_column,False,False,True,True,True,True
10734870,CONSTRUCTION,5338,727,single_column,False,False,True,True,True,True
18472240,CONSTRUCTION,1685,222,single_column,False,False,True,True,True,True
71576860,CONSTRUCTION,5403,683,single_column,False,False,True,True,True,True
29087505,CONSTRUCTION,5268,790,single_column,False,False,True,True,True,True
22965804,CONSTRUCTION,881,113,single_column,False,False,True,True,True,True
33141415,CONSTRUCTION,3526,461,single_column,False,False,True,True,True,True
26509539,CONSTRUCTION,7307,959,single_column,False,False,True,True,True,True
36331163,CONSTRUCTION,3319,384,single_column,False,False,True,True,True,True
25656981,CONSTRUCTION,5206,682,single_column,False,False,True,True,True,True
26091595,CONSTRUCTION,6244,764,single_column,False,False,True,True,True,True
11393213,CONSTRUCTION,5609,702,single_column,False,False,True,True,True,True
14900898,CONSTRUCTION,4139,626,single_column,False,False,True,True,True,True
25098739,CONSTRUCTION,1763,232,single_column,False,False,True,True,True,True
78114950,CONSTRUCTION,13910,1522,single_column,False,False,True,True,True,True
35971546,CONSTRUCTION,7512,922,single_column,False,False,True,True,True,True
22019500,CONSTRUCTION,8820,1143,single_column,False,False,True,True,True,True
12839152,CONSTRUCTION,7820,939,single_column,False,False,True,True,True,True
16353584,CONSTRUCTION,5580,729,single_column,False,True,True,True,True,True
29878348,CONSTRUCTION,2162,266,single_column,False,False,True,True,True,True
28815362,CONSTRUCTION,7662,936,single_column,False,False,True,True,True,True
15564893,CONSTRUCTION,5469,702,single_column,False,False,True,True,True,True
12491898,CONSTRUCTION,18700,2540,single_column,False,True,True,True,True,True
29574501,CONSTRUCTION,4437,573,single_column,False,False,True,True,True,True
32799518,CONSTRUCTION,11754,1565,single_column,False,False,True,True,True,True
28942221,CONSTRUCTION,5440,666,single_column,False,False,True,True,True,True
10176013,CONSTRUCTION,9431,1196,single_column,False,False,True,True,True,True
16378091,CONSTRUCTION,2815,351,single_column,False,False,True,False,True,True
16203589,CONSTRUCTION,7447,932,single_column,False,False,True,True,True,True
63145386,CONSTRUCTION,5692,678,single_column,False,False,True,True,True,True
13907230,CONSTRUCTION,2124,274,single_column,False,False,True,True,True,True
21586858,CONSTRUCTION,7302,956,single_column,False,False,True,True,True,False
61065616,CONSTRUCTION,5075,622,single_column,False,False,True,True,True,True
19471144,CONSTRUCTION,7390,953,single_column,False,False,True,True,True,True
17342969,CONSTRUCTION,21675,3128,single_column,False,False,True,True,True,True
10041713,CONSTRUCTION,7027,924,single_column,False,False,True,True,True,True
24770846,CONSTRUCTION,3764,531,single_column,False,False,True,True,True,True
24740005,CONSTRUCTION,8334,1009,single_column,False,False,True,True,True,True
14585273,CONSTRUCTION,5703,689,single_column,False,False,True,True,True,True
28756444,CONSTRUCTION,8118,1043,single_column,False,False,True,True,True,True
10281555,CONSTRUCTION,5681,708,single_column,False,False,True,True,True,True
48549972,CONSTRUCTION,4165,527,single_column,False,False,True,True,True,True
17252448,CONSTRUCTION,5507,730,single_column,False,False,True,True,True,True
15721849,CONSTRUCTION,8441,1009,single_column,False,False,True,True,True,True
56525735,CONSTRUCTION,6905,870,single_column,False,False,True,True,True,True
51638201,CONSTRUCTION,5186,654,single_column,False,False,True,True,True,True
94503308,CONSTRUCTION,4973,611,single_column,False,False,True,True,True,True
27835351,CONSTRUCTION,6442,815,single_column,False,False,True,True,True,True
38946032,CONSTRUCTION,6057,779,single_column,False,False,True,True,True,True
39674782,CONSTRUCTION,5539,682,single_column,False,False,True,True,True,True
29193505,CONSTRUCTION,6316,822,single_column,False,False,True,True,True,True
12890045,CONSTRUCTION,4994,614,single_column,False,False,True,False,True,True
29894080,CONSTRUCTION,9190,1093,single_column,False,False,True,True,True,True
32025286,CONSTRUCTION,7443,950,single_column,False,False,True,True,True,True
21567392,CONSTRUCTION,8133,1048,single_column,False,False,True,True,True,True
32265203,CONSTRUCTION,5319,670,single_column,False,False,True,True,True,True
27246366,CONSTRUCTION,5705,711,single_column,False,False,True,True,True,True
27066370,CONSTRUCTION,3395,454,single_column,False,False,True,True,True,True
21363048,CONSTRUCTION,7756,1040,single_column,False,False,True,True,True,True
21782152,CONSTRUCTION,5472,699,single_column,False,False,True,True,True,True
16626724,CONSTRUCTION,3783,470,single_column,False,False,True,True,True,True
25224998,CONSTRUCTION,5025,651,single_column,False,False,True,True,True,True
28803888,CONSTRUCTION,6038,829,single_column,False,False,True,True,True,True
25187733,CONSTRUCTION,12552,1556,single_column,False,False,True,True,True,True
88859947,CONSTRUCTION,6222,780,single_column,False,False,True,True,True,True
17570634,CONSTRUCTION,6418,784,single_column,False,False,True,True,True,True
10149490,CONSTRUCTION,10077,1356,single_column,False,False,True,True,True,True
19364677,CONSTRUCTION,6400,804,single_column,False,False,True,True,True,True
22983516,CONSTRUCTION,7964,985,single_column,False,False,True,True,True,True
31850269,CONSTRUCTION,5195,620,single_column,False,False,True,True,True,True
27243670,CONSTRUCTION,9861,1277,single_column,False,False,True,True,True,True
44147689,CONSTRUCTION,3732,428,single_column,False,False,True,True,True,True
12654876,CONSTRUCTION,7206,870,single_column,False,False,True,True,True,True
49685006,CONSTRUCTION,10072,1286,single_column,False,False,True,True,True,True
12212468,CONSTRUCTION,9190,1258,single_column,False,False,True,True,True,True
29483501,CONSTRUCTION,6071,773,single_column,False,False,True,True,True,True
69764348,CONSTRUCTION,11923,1501,single_column,False,False,True,True,True,True
18882984,CONSTRUCTION,6293,802,single_column,False,False,True,True,True,True
45475027,CONSTRUCTION,9004,1152,single_column,False,False,True,True,True,True
34544955,CONSTRUCTION,6722,844,single_column,False,False,True,True,True,True
93436805,CONSTRUCTION,5365,656,single_column,False,False,True,True,True,True
39908485,CONSTRUCTION,30055,3994,single_column,False,False,True,True,True,True
39566718,CONSTRUCTION,8125,1063,single_column,False,False,True,True,True,True
12666174,CONSTRUCTION,8459,1125,single_column,False,False,True,True,True,True
20565849,CONSTRUCTION,3403,448,single_column,False,False,True,True,True,True
12693146,CONSTRUCTION,8442,1135,single_column,False,False,True,True,True,True
14849103,CONSTRUCTION,6173,781,single_column,False,False,True,True,True,True
10100240,CONSTRUCTION,6078,801,single_column,False,False,True,True,True,True
22894544,CONSTRUCTION,4964,736,single_column,False,False,True,True,True,True
19928941,CONSTRUCTION,1930,240,single_column,False,False,True,True,True,True
39027764,CONSTRUCTION,6770,853,single_column,False,False,True,True,True,True
23818675,CONSTRUCTION,8798,1174,single_column,False,False,True,True,True,True
24953126,CONSTRUCTION,7582,1062,single_column,False,False,True,True,True,True
22718826,CONSTRUCTION,5585,707,single_column,False,False,True,True,True,True
24361598,CONSTRUCTION,7431,963,single_column,False,False,True,True,True,True
20681037,CONSTRUCTION,1936,236,single_column,False,False,True,True,True,True
16924279,CONSTRUCTION,5615,724,single_column,False,False,True,True,True,True
30311725,CONSTRUCTION,5713,727,single_column,False,False,True,True,True,True
29061628,CONSTRUCTION,2723,328,single_column,False,False,True,True,True,True
33023370,CONSTRUCTION,5854,877,single_column,False,False,True,True,True,True
32773331,CONSTRUCTION,6768,892,single_column,False,False,True,True,True,True
10820510,CONSTRUCTION,2568,356,single_column,False,False,True,True,True,True
28949406,CONSTRUCTION,6217,852,single_column,False,False,True,True,True,True
12826414,CONSTRUCTION,10119,1331,single_column,False,False,True,True,True,True
63083944,CONSTRUCTION,7010,902,single_column,False,False,True,True,True,True
22546476,CONSTRUCTION,5078,690,single_column,False,False,True,True,True,True
90032884,CONSTRUCTION,5183,656,single_column,False,False,True,True,True,True
27187994,CONSTRUCTION,1407,169,single_column,False,False,True,True,True,True
30397268,CONSTRUCTION,10860,1386,single_column,False,False,True,True,True,True
78298706,CONSTRUCTION,5600,741,single_column,False,False,True,True,True,True
11650031,CONSTRUCTION,2482,298,single_column,False,False,True,True,True,True
12695537,CONSTRUCTION,5871,741,single_column,False,False,True,True,True,True
31392754,PUBLIC-RELATIONS,6486,835,single_column,False,False,True,True,True,True
23143731,PUBLIC-RELATIONS,5317,716,single_column,False,False,False,True,True,True
26130673,PUBLIC-RELATIONS,3883,468,single_column,False,False,True,True,True,True
25070914,PUBLIC-RELATIONS,8384,1051,single_column,False,False,True,True,True,True
37913536,PUBLIC-RELATIONS,5824,772,single_column,False,False,True,True,True,True
14278888,PUBLIC-RELATIONS,5851,708,single_column,False,False,True,True,True,True
28831442,PUBLIC-RELATIONS,8009,1170,single_column,False,False,True,True,True,True
98086373,PUBLIC-RELATIONS,5750,811,single_column,False,False,True,True,True,True
23673025,PUBLIC-RELATIONS,8118,1031,single_column,False,False,True,True,True,True
10070224,PUBLIC-RELATIONS,7611,937,single_column,False,False,True,True,True,True
28290448,PUBLIC-RELATIONS,8854,1124,single_column,False,False,True,True,True,True
24559558,PUBLIC-RELATIONS,5811,745,single_column,False,False,True,True,True,True
28862054,PUBLIC-RELATIONS,8684,1179,single_column,False,False,True,True,True,True
14536764,PUBLIC-RELATIONS,5510,716,single_column,False,False,True,True,True,True
37087371,PUBLIC-RELATIONS,5420,719,single_column,False,False,True,True,True,True
12191094,PUBLIC-RELATIONS,6141,738,single_column,False,False,True,True,True,True
12920612,PUBLIC-RELATIONS,6454,860,single_column,False,False,True,True,True,True
14009087,PUBLIC-RELATIONS,6440,808,single_column,False,False,True,True,True,True
91197243,PUBLIC-RELATIONS,6273,773,single_column,False,False,True,True,True,True
12545844,PUBLIC-RELATIONS,2712,352,single_column,False,False,True,True,True,True
31292364,PUBLIC-RELATIONS,6713,845,single_column,False,False,True,True,True,True
11902276,PUBLIC-RELATIONS,6040,775,single_column,False,False,True,True,True,True
18436190,PUBLIC-RELATIONS,5191,680,single_column,False,False,True,True,True,True
23771896,PUBLIC-RELATIONS,5546,742,single_column,False,False,True,True,True,True
25413261,PUBLIC-RELATIONS,11628,1480,single_column,False,False,True,True,True,True
49119887,PUBLIC-RELATIONS,4989,604,single_column,False,False,True,True,True,False
27000192,PUBLIC-RELATIONS,8630,1081,single_column,False,False,True,True,True,True
27257013,PUBLIC-RELATIONS,9880,1284,single_column,False,False,True,True,True,True
45900271,PUBLIC-RELATIONS,5584,722,single_column,False,False,True,True,True,True
22560013,PUBLIC-RELATIONS,5978,744,single_column,False,False,True,True,True,True
24977396,PUBLIC-RELATIONS,6664,887,single_column,False,False,True,True,True,True
14364597,PUBLIC-RELATIONS,5117,634,single_column,False,False,True,True,True,True
59346975,PUBLIC-RELATIONS,6434,860,single_column,False,False,True,True,True,True
11850315,PUBLIC-RELATIONS,7308,1008,single_column,False,False,True,True,True,True
24710433,PUBLIC-RELATIONS,10724,1353,single_column,False,False,True,True,True,True
21297828,PUBLIC-RELATIONS,2099,253,single_column,False,False,True,True,True,True
26330995,PUBLIC-RELATIONS,6412,846,single_column,False,False,True,True,True,True
30642458,PUBLIC-RELATIONS,5881,771,single_column,False,False,True,True,True,True
19503224,PUBLIC-RELATIONS,8728,1111,single_column,False,False,True,True,True,True
36107065,PUBLIC-RELATIONS,11431,1492,single_column,False,False,True,True,True,True
10554045,PUBLIC-RELATIONS,7000,864,single_column,False,False,True,True,True,True
29525715,PUBLIC-RELATIONS,8912,1122,single_column,False,False,True,True,True,True
15917885,PUBLIC-RELATIONS,3220,408,single_column,False,False,True,True,True,True
12567516,PUBLIC-RELATIONS,5359,640,single_column,False,False,True,True,True,True
21478007,PUBLIC-RELATIONS,5313,707,single_column,False,False,True,True,True,True
24590489,PUBLIC-RELATIONS,7721,1048,single_column,False,False,True,True,True,True
14667659,PUBLIC-RELATIONS,5410,601,single_column,False,False,True,True,True,True
19929506,PUBLIC-RELATIONS,5110,619,single_column,False,False,True,True,True,True
31220062,PUBLIC-RELATIONS,11108,1351,single_column,False,False,True,True,True,True
26173524,PUBLIC-RELATIONS,5299,662,single_column,False,False,True,True,True,True
85973397,PUBLIC-RELATIONS,5058,630,single_column,False,False,True,True,True,True
18133495,PUBLIC-RELATIONS,9659,1369,single_column,False,False,True,True,True,True
14128006,PUBLIC-RELATIONS,4978,657,single_column,False,False,True,True,True,True
16620172,PUBLIC-RELATIONS,6800,893,single_column,False,False,True,True,True,True
25001005,PUBLIC-RELATIONS,5919,730,single_column,False,False,True,True,True,True
19497420,PUBLIC-RELATIONS,9838,1247,single_column,False,False,True,True,True,True
37375999,PUBLIC-RELATIONS,5877,793,single_column,False,False,True,True,True,True
11160414,PUBLIC-RELATIONS,6822,901,single_column,False,False,True,True,True,True
85766635,PUBLIC-RELATIONS,6530,737,single_column,False,False,True,True,True,True
16226743,PUBLIC-RELATIONS,9963,1314,single_column,False,False,True,True,True,True
61319162,PUBLIC-RELATIONS,7717,960,single_column,False,False,True,True,True,True
38056161,PUBLIC-RELATIONS,5442,664,single_column,False,False,True,True,True,True
65237556,PUBLIC-RELATIONS,7022,894,single_column,False,False,True,True,True,True
75329822,PUBLIC-RELATIONS,5641,719,single_column,False,False,True,True,True,True
11624880,PUBLIC-RELATIONS,6403,815,single_column,False,False,True,True,True,True
31211074,PUBLIC-RELATIONS,5257,659,single_column,False,False,True,True,True,True
21669215,PUBLIC-RELATIONS,3869,490,single_column,False,False,True,True,True,True
19558834,PUBLIC-RELATIONS,5023,631,single_column,False,False,True,True,True,True
53701275,PUBLIC-RELATIONS,6156,777,single_column,False,False,True,True,True,True
22455205,PUBLIC-RELATIONS,5169,683,single_column,False,False,True,True,True,True
20966771,PUBLIC-RELATIONS,5226,592,single_column,False,False,True,True,True,True
19072267,PUBLIC-RELATIONS,19887,2623,single_column,False,False,True,True,True,True
21321598,PUBLIC-RELATIONS,3869,506,single_column,False,False,True,True,True,True
11842274,PUBLIC-RELATIONS,35933,5190,single_column,False,False,True,True,True,True
21549195,PUBLIC-RELATIONS,6522,805,single_column,False,False,True,True,True,True
36671891,PUBLIC-RELATIONS,10126,1283,single_column,False,False,True,True,True,True
51415089,PUBLIC-RELATIONS,6505,888,single_column,False,False,True,True,True,True
28531493,PUBLIC-RELATIONS,8431,1060,single_column,False,False,True,True,True,True
16103783,PUBLIC-RELATIONS,6005,707,single_column,False,False,True,True,True,True
11635137,PUBLIC-RELATIONS,5215,654,single_column,False,False,True,True,True,True
13129275,PUBLIC-RELATIONS,5316,664,single_column,False,False,True,True,True,True
20470943,PUBLIC-RELATIONS,6082,722,single_column,False,False,True,True,True,True
23015611,PUBLIC-RELATIONS,6272,807,single_column,False,False,True,True,True,True
34712719,PUBLIC-RELATIONS,5487,739,single_column,False,False,True,True,True,True
14910300,PUBLIC-RELATIONS,5519,658,single_column,False,False,True,True,True,True
21386255,PUBLIC-RELATIONS,5457,800,single_column,False,False,True,True,True,True
88651471,PUBLIC-RELATIONS,6137,816,single_column,False,False,True,True,True,True
22861181,PUBLIC-RELATIONS,4877,614,single_column,False,False,True,True,True,True
45462344,PUBLIC-RELATIONS,6413,827,single_column,False,False,True,True,True,True
24677466,PUBLIC-RELATIONS,6059,778,single_column,False,False,True,True,True,True
23602130,PUBLIC-RELATIONS,2824,368,single_column,False,False,True,True,True,True
13915715,PUBLIC-RELATIONS,4446,591,single_column,False,False,True,True,True,True
13727873,PUBLIC-RELATIONS,9893,1454,single_column,False,False,True,True,True,True
93828034,PUBLIC-RELATIONS,5625,690,single_column,False,False,True,True,True,True
24491862,PUBLIC-RELATIONS,5156,665,single_column,False,False,True,True,True,True
29329075,PUBLIC-RELATIONS,5833,718,single_column,False,False,True,True,True,True
33072201,PUBLIC-RELATIONS,15415,1939,single_column,False,False,True,True,True,True
23631724,PUBLIC-RELATIONS,6081,742,single_column,False,False,True,True,True,True
14611516,PUBLIC-RELATIONS,7736,941,single_column,False,False,True,True,True,True
32441790,PUBLIC-RELATIONS,4179,481,single_column,False,False,True,True,True,True
12237267,PUBLIC-RELATIONS,5928,735,single_column,False,False,True,True,True,True
42332765,PUBLIC-RELATIONS,4445,549,single_column,False,False,True,True,True,True
26127853,PUBLIC-RELATIONS,9027,1147,single_column,False,False,True,True,True,True
10926726,PUBLIC-RELATIONS,5945,716,single_column,False,False,True,True,True,True
14966165,PUBLIC-RELATIONS,7396,940,single_column,False,False,True,True,True,True
22754014,PUBLIC-RELATIONS,5626,741,single_column,False,False,True,True,True,True
28975482,PUBLIC-RELATIONS,5940,731,single_column,False,False,True,True,True,True
21663616,PUBLIC-RELATIONS,6755,812,single_column,False,False,True,True,True,True
10873344,PUBLIC-RELATIONS,6234,776,single_column,False,False,True,True,True,True
41590605,PUBLIC-RELATIONS,10254,1323,single_column,False,False,True,True,True,True
23048999,PUBLIC-RELATIONS,5211,652,single_column,False,False,True,True,True,True
74552449,BANKING,3275,389,single_column,False,False,True,True,True,True
79041971,BANKING,1767,229,single_column,False,False,True,True,True,True
77156708,BANKING,7307,899,single_column,False,False,True,True,True,True
24580361,BANKING,2065,247,single_column,False,False,True,True,True,True
34953092,BANKING,3178,406,single_column,False,False,True,True,True,True
17189156,BANKING,5809,780,single_column,False,False,True,True,True,True
19920687,BANKING,5672,741,single_column,False,False,True,True,True,True
26579709,BANKING,5394,730,single_column,False,False,True,True,True,True
29093426,BANKING,9038,1162,single_column,False,False,True,True,True,True
33286293,BANKING,4438,553,single_column,False,False,True,True,True,True
29552167,BANKING,4797,621,single_column,False,False,True,True,True,True
69243180,BANKING,4901,646,single_column,False,False,True,True,True,True
26987539,BANKING,7891,960,single_column,False,False,True,True,True,True
17276884,BANKING,6512,830,single_column,False,False,True,True,True,True
22615491,BANKING,1824,223,single_column,False,False,True,True,True,True
45167858,BANKING,3155,402,single_column,False,False,True,True,True,True
13982572,BANKING,4872,590,single_column,False,False,True,True,True,True
3547447,BANKING,5295,682,single_column,False,False,True,True,True,True
98965485,BANKING,5337,693,single_column,False,False,True,True,True,True
38897568,BANKING,5607,715,single_column,False,False,True,True,True,True
12021752,BANKING,5126,671,single_column,False,False,True,True,True,True
19149865,BANKING,9177,1157,single_column,False,False,True,True,True,True
29839396,BANKING,5811,708,single_column,False,False,True,True,True,True
15856762,BANKING,9454,1285,single_column,False,False,True,True,True,True
18208580,BANKING,6187,758,single_column,False,False,True,True,True,True
17396388,BANKING,5719,713,single_column,False,False,True,True,True,True
28419927,BANKING,5188,706,single_column,False,False,True,True,True,True
87867370,BANKING,9649,1285,single_column,False,False,True,True,True,True
27120528,BANKING,6128,778,single_column,False,False,True,True,True,True
70667011,BANKING,6572,858,single_column,False,False,True,True,True,True
36302399,BANKING,7369,914,single_column,False,False,True,True,True,True
89049979,BANKING,8799,1122,single_column,False,False,True,True,True,True
43375498,BANKING,7184,1121,single_column,False,False,True,True,True,True
30713796,BANKING,5511,726,single_column,False,False,True,True,True,True
18805506,BANKING,5272,701,single_column,False,False,True,True,True,True
39247950,BANKING,5534,763,single_column,False,False,True,True,True,True
30127072,BANKING,5236,633,single_column,False,False,True,True,True,True
11065180,BANKING,4970,614,single_column,False,False,True,True,True,True
11637468,BANKING,5606,761,single_column,False,False,True,True,True,True
54421668,BANKING,12495,1514,single_column,False,False,True,True,True,True
13393401,BANKING,5518,804,single_column,False,False,True,True,True,True
71422121,BANKING,9758,1344,single_column,False,False,True,True,True,True
18457785,BANKING,7809,990,single_column,False,False,True,True,True,True
21856577,BANKING,8347,1108,single_column,False,False,True,True,True,True
21645690,BANKING,5206,694,single_column,False,False,True,True,True,True
25780596,BANKING,7391,956,single_column,False,False,True,True,True,True
34185495,BANKING,5889,843,single_column,False,False,True,True,True,True
35483925,BANKING,5168,661,single_column,False,False,True,True,True,True
19374660,BANKING,4634,615,single_column,False,False,True,True,True,True
34758680,BANKING,4967,594,single_column,False,False,True,True,True,True
21297521,BANKING,15896,2101,single_column,False,False,True,True,True,True
23323001,BANKING,6490,899,single_column,False,False,True,True,True,True
25080805,BANKING,7135,1067,single_column,False,False,True,True,True,True
27606527,BANKING,10406,1402,single_column,False,False,True,True,True,True
33872500,BANKING,6915,873,single_column,False,False,True,True,True,True
18172739,BANKING,3373,404,single_column,False,False,True,True,True,True
32980197,BANKING,5630,733,single_column,False,False,True,True,True,True
11672279,BANKING,6476,868,single_column,False,False,True,True,True,True
33135102,BANKING,4950,596,single_column,False,False,True,True,True,True
20850529,BANKING,6434,850,single_column,False,False,True,True,True,True
34783330,BANKING,6892,877,single_column,False,False,True,True,True,True
33370664,BANKING,6629,855,single_column,False,False,True,True,True,True
17823436,BANKING,8052,1049,single_column,False,False,True,True,True,True
15553584,BANKING,3025,344,single_column,False,False,True,True,True,True
39569771,BANKING,5471,685,single_column,False,False,True,True,True,True
11842348,BANKING,5095,684,single_column,False,False,True,True,True,True
36905896,BANKING,6852,935,single_column,False,False,True,True,True,True
13173522,BANKING,7191,952,single_column,False,False,True,True,True,True
25624652,BANKING,5489,703,single_column,False,False,True,True,True,True
11262933,BANKING,6715,878,single_column,False,False,True,True,True,True
10909673,BANKING,5772,758,single_column,False,False,True,True,True,True
98348532,BANKING,7774,1039,single_column,False,False,True,True,True,True
19176318,BANKING,11923,1565,single_column,False,False,True,True,True,True
17818707,BANKING,6305,806,single_column,False,False,True,True,True,True
17213671,BANKING,5399,675,single_column,False,False,True,True,True,True
31025785,BANKING,5084,696,single_column,False,False,False,True,True,True
60489316,BANKING,7199,982,single_column,False,False,True,True,True,True
60182829,BANKING,6664,834,single_column,False,False,True,True,True,True
21796843,BANKING,9762,1284,single_column,False,False,True,True,True,True
65864767,BANKING,6084,772,single_column,False,False,True,True,True,True
11773925,BANKING,5952,795,single_column,False,False,True,True,True,True
26673507,BANKING,5234,669,single_column,False,False,True,True,True,True
72876163,BANKING,6757,871,single_column,False,False,True,True,True,True
18824120,BANKING,5061,635,single_column,False,False,True,True,True,True
27884470,BANKING,7313,910,single_column,False,False,True,True,True,True
64589506,BANKING,5360,688,single_column,False,False,True,True,True,True
29406313,BANKING,8604,1105,single_column,False,False,True,True,True,True
16300459,BANKING,5295,652,single_column,False,False,True,True,True,True
20992320,BANKING,3773,464,single_column,False,False,True,True,True,True
73157997,BANKING,6413,817,single_column,False,False,True,True,True,True
28895997,BANKING,2240,266,single_column,False,False,True,True,True,True
28051330,BANKING,5309,630,single_column,False,False,True,True,True,True
25162378,BANKING,5741,721,single_column,False,False,True,True,True,True
99124477,BANKING,11593,1725,single_column,False,False,True,True,True,True
17131084,BANKING,5548,722,single_column,False,False,True,True,True,True
19437318,BANKING,3103,416,single_column,False,False,True,True,True,True
35564026,BANKING,5223,689,single_column,False,False,True,True,True,True
16407619,BANKING,5535,675,single_column,False,False,True,True,True,True
10329506,BANKING,4850,634,single_column,False,False,True,True,True,True
19911786,BANKING,6375,761,single_column,False,False,True,True,True,True
96493528,BANKING,8299,1147,single_column,False,True,True,True,True,True
35492909,BANKING,5678,704,single_column,False,False,True,True,True,True
25200253,BANKING,7907,1032,single_column,False,False,True,True,True,True
68781345,BANKING,8000,978,single_column,False,False,True,True,True,True
14391434,BANKING,6714,872,single_column,False,False,True,True,True,True
14626780,BANKING,5898,750,single_column,False,False,True,True,True,True
28989677,BANKING,6444,700,single_column,False,False,True,True,True,True
41651672,BANKING,3594,446,single_column,False,False,True,True,True,True
18645964,BANKING,4856,615,single_column,False,False,True,True,True,True
18278509,BANKING,2628,316,single_column,False,False,True,True,True,True
18369400,BANKING,5040,699,single_column,False,False,True,True,True,True
11266906,BANKING,7039,938,single_column,False,True,True,True,True,True
31710562,BANKING,7139,921,single_column,False,False,True,True,True,True
39142536,BANKING,5313,703,single_column,False,False,True,True,True,True
21756639,BANKING,5269,675,single_column,False,False,True,True,True,True
31273413,ARTS,5120,670,single_column,False,False,True,True,True,True
12386670,ARTS,6910,851,single_column,False,False,True,True,True,True
93576192,ARTS,3581,453,single_column,False,False,True,True,True,True
15306049,ARTS,2060,258,single_column,False,False,True,True,True,True
31114531,ARTS,7118,1068,single_column,False,False,True,True,True,True
21060367,ARTS,5873,764,single_column,False,False,True,True,True,True
17325147,ARTS,5260,702,single_column,False,False,True,True,True,True
23752500,ARTS,7554,1004,single_column,False,False,True,True,True,True
20149476,ARTS,5582,672,single_column,False,False,True,True,True,True
54100393,ARTS,3567,516,single_column,False,False,True,True,True,True
11187796,ARTS,2052,267,single_column,False,False,True,True,True,True
39470264,ARTS,8942,1158,single_column,False,True,True,True,True,True
12413512,ARTS,7013,943,single_column,False,False,True,True,True,True
14879257,ARTS,5307,660,single_column,False,False,True,True,True,True
46055835,ARTS,5090,643,single_column,False,False,True,True,True,True
33344933,ARTS,6988,941,single_column,False,False,True,True,True,True
24983760,ARTS,5403,682,single_column,False,False,True,True,True,True
29148871,ARTS,10140,1311,single_column,False,False,True,True,True,True
28325193,ARTS,5475,714,single_column,False,False,True,True,True,True
15265464,ARTS,4779,585,single_column,True,True,True,True,True,True
24349611,ARTS,9788,1300,single_column,False,False,True,True,True,True
19508520,ARTS,6292,854,single_column,False,True,True,True,True,True
22800977,ARTS,7126,840,single_column,False,False,True,True,True,True
36758947,ARTS,7499,902,single_column,False,False,True,True,True,True
11555549,ARTS,5130,673,single_column,False,False,True,True,True,True
32318506,ARTS,3425,395,single_column,False,False,True,True,True,True
73497035,ARTS,5098,659,single_column,False,False,True,True,True,True
12777487,ARTS,5839,727,single_column,False,False,True,True,True,True
36379931,ARTS,5798,768,single_column,False,False,True,True,True,True
26069113,ARTS,4967,688,single_column,False,False,True,True,True,True
41950126,ARTS,6832,869,single_column,False,False,True,True,True,True
20488267,ARTS,3607,445,single_column,False,False,True,True,True,True
22593054,ARTS,3777,490,single_column,False,False,True,False,True,True
25561640,ARTS,5315,672,single_column,False,False,True,True,True,True
43622023,ARTS,5261,747,single_column,False,False,True,True,True,True
18319061,ARTS,5295,674,single_column,False,False,True,True,True,True
25923361,ARTS,7622,950,single_column,False,False,True,True,True,True
18106533,ARTS,9185,1168,single_column,False,False,True,True,True,True
50432401,ARTS,5209,626,single_column,False,False,True,True,True,True
19724031,ARTS,8438,1252,single_column,False,False,True,True,True,True
28471099,ARTS,8527,1134,single_column,False,False,True,True,True,True
22848179,ARTS,5090,639,single_column,False,False,True,True,True,True
37220856,ARTS,6881,897,single_column,False,True,True,True,True,True
78107631,ARTS,7622,1024,single_column,False,False,True,True,True,True
21867728,ARTS,6464,789,single_column,False,False,True,True,True,True
37472265,ARTS,5634,782,single_column,False,False,True,True,True,True
17033567,ARTS,1812,256,single_column,False,False,True,True,True,True
19671909,ARTS,8346,1090,single_column,False,False,True,True,True,True
11995013,ARTS,5959,770,single_column,False,False,True,True,True,True
28629430,ARTS,7646,1079,single_column,False,False,True,True,True,True
53227466,ARTS,6219,889,single_column,False,False,True,True,True,True
26079779,ARTS,4917,643,single_column,False,False,True,True,True,True
83338413,ARTS,5608,675,single_column,False,False,True,True,True,True
18029935,ARTS,4849,572,single_column,False,False,True,True,True,True
16962067,ARTS,5945,738,single_column,False,False,True,True,True,True
14150896,ARTS,2386,306,single_column,False,False,True,True,True,True
27936502,ARTS,7557,952,single_column,False,False,True,True,True,True
65325317,ARTS,11434,1480,single_column,False,False,True,True,True,True
30594821,ARTS,1272,172,single_column,False,False,True,True,True,True
27164756,ARTS,10885,1307,single_column,False,False,True,True,True,True
34146825,ARTS,4940,782,single_column,False,False,True,True,True,True
99561379,ARTS,11369,1367,single_column,False,True,True,True,True,True
54180474,ARTS,5332,675,single_column,False,False,True,True,True,True
37751611,ARTS,7171,934,single_column,False,False,True,True,True,True
73030450,ARTS,5637,657,single_column,False,False,True,True,True,True
39608848,ARTS,5447,692,single_column,False,False,True,True,True,True
16244633,ARTS,12114,1507,single_column,False,False,True,True,True,True
10830646,ARTS,9741,1231,single_column,False,False,True,True,True,True
27024099,ARTS,5154,627,single_column,False,False,True,True,True,True
65352424,ARTS,5520,662,single_column,False,False,True,True,True,True
28711616,ARTS,5038,631,single_column,False,False,True,True,True,True
39064638,ARTS,5917,744,single_column,False,False,True,True,True,True
18586076,ARTS,7831,984,single_column,False,False,True,True,True,True
13272204,ARTS,5355,688,single_column,False,False,True,True,True,True
11360471,ARTS,5295,664,single_column,False,False,True,True,True,True
18885767,ARTS,6993,844,single_column,False,False,True,True,True,True
20698469,ARTS,3429,439,single_column,False,False,True,True,True,True
27715131,ARTS,6008,795,single_column,False,False,True,True,True,True
32794700,ARTS,3776,480,single_column,False,False,True,True,True,True
23139437,ARTS,2130,298,single_column,False,False,True,True,True,True
23917826,ARTS,7412,1058,single_column,False,False,True,True,True,True
20148147,ARTS,5235,761,single_column,False,False,True,True,True,True
34304175,ARTS,5026,615,single_column,False,False,True,True,True,True
26410763,ARTS,2997,399,single_column,False,False,True,True,True,True
21809601,ARTS,3931,498,single_column,False,False,True,True,True,True
27096796,ARTS,1975,235,single_column,False,False,True,True,True,True
25157655,ARTS,1986,244,single_column,False,False,True,True,True,True
25926667,ARTS,6435,784,single_column,False,False,True,True,True,True
20356750,ARTS,2781,346,single_column,False,False,True,True,True,True
24061629,ARTS,8367,990,single_column,False,False,True,True,True,True
17694454,ARTS,10002,1325,single_column,False,False,True,True,True,True
99033098,ARTS,7181,931,single_column,False,False,True,True,True,True
38115035,ARTS,6248,813,single_column,False,False,True,True,True,True
17857644,ARTS,5850,791,single_column,False,False,True,True,True,True
12334650,ARTS,8941,1190,single_column,False,False,True,True,True,True
36019469,ARTS,8685,1127,single_column,False,False,True,True,True,True
79432080,ARTS,7570,1034,single_column,False,False,True,True,True,True
94230796,ARTS,8425,1128,single_column,False,False,True,True,True,True
66226673,ARTS,2774,372,single_column,False,False,True,True,True,True
83206166,ARTS,4948,603,single_column,False,False,True,True,True,True
22182279,ARTS,6312,806,single_column,False,False,True,True,True,True
16887936,ARTS,7511,947,single_column,False,False,True,True,True,True
14248724,ARTS,2879,366,single_column,False,False,True,True,True,False
69458502,AVIATION,6200,754,single_column,False,True,True,True,True,True
82738323,AVIATION,3050,371,single_column,False,False,True,True,True,True
16833515,AVIATION,10443,1384,single_column,False,False,True,True,True,True
11804712,AVIATION,8610,1032,single_column,False,False,True,True,True,True
21287405,AVIATION,6169,794,single_column,False,False,True,True,True,True
10176815,AVIATION,5805,704,single_column,False,False,True,True,True,True
29221006,AVIATION,14019,1829,single_column,False,True,True,True,True,True
23761385,AVIATION,8199,989,single_column,False,False,True,True,True,True
38355831,AVIATION,5454,709,single_column,False,False,True,True,True,True
24773845,AVIATION,9015,1208,single_column,False,False,True,True,True,True
17876954,AVIATION,7302,929,single_column,False,False,True,True,True,True
36252245,AVIATION,7258,943,single_column,False,False,True,True,True,True
32720816,AVIATION,5428,743,single_column,False,True,True,True,True,True
36727173,AVIATION,5189,680,single_column,False,False,True,True,True,True
91431878,AVIATION,5426,723,single_column,False,False,True,True,True,True
42546558,AVIATION,5827,767,single_column,False,False,True,True,True,True
87826037,AVIATION,6343,846,single_column,False,False,True,True,True,True
17483843,AVIATION,6720,851,single_column,False,True,True,True,True,True
22232367,AVIATION,6765,865,single_column,False,False,True,True,True,True
70198580,AVIATION,5421,681,single_column,False,False,True,True,True,True
67631413,AVIATION,5538,761,single_column,False,False,True,True,True,True
26819872,AVIATION,9497,1279,single_column,False,False,True,True,True,True
13234267,AVIATION,9015,1264,single_column,False,True,True,True,True,True
26888302,AVIATION,7898,988,single_column,False,False,True,True,True,True
13195436,AVIATION,6648,837,single_column,False,False,True,True,True,True
81588968,AVIATION,7978,1077,single_column,False,True,True,True,True,True
18268860,AVIATION,4434,548,single_column,False,True,True,True,True,True
14790629,AVIATION,5762,708,single_column,False,False,True,False,True,True
12144825,AVIATION,4127,530,single_column,False,False,True,True,True,True
90318913,AVIATION,5085,762,single_column,False,False,True,True,True,True
26279402,AVIATION,4422,627,single_column,False,False,True,True,True,True
94137171,AVIATION,3799,460,single_column,False,False,True,True,True,True
27902692,AVIATION,4370,491,single_column,False,False,True,True,True,True
28186635,AVIATION,5005,624,single_column,False,False,True,True,True,True
42641525,AVIATION,9021,1334,single_column,False,False,True,True,True,True
34419403,AVIATION,3103,379,single_column,False,False,True,True,True,True
43720116,AVIATION,3354,415,single_column,False,False,True,True,True,True
15618327,AVIATION,5533,695,single_column,False,False,True,True,True,True
14589288,AVIATION,2771,343,single_column,False,False,True,True,True,True
43408471,AVIATION,5399,656,single_column,False,False,True,True,True,True
38154903,AVIATION,2631,323,single_column,False,False,True,True,True,True
29167286,AVIATION,6614,812,single_column,False,True,True,True,True,True
11169163,AVIATION,6603,796,single_column,False,False,True,True,True,True
28383893,AVIATION,14060,1681,single_column,True,False,True,True,True,True
20026169,AVIATION,7209,948,single_column,False,False,True,True,True,True
38047274,AVIATION,7358,978,single_column,False,False,True,True,True,True
16449694,AVIATION,9774,1208,single_column,False,False,True,True,True,True
11137306,AVIATION,6461,790,single_column,False,False,True,True,True,True
19818707,AVIATION,5280,641,single_column,False,False,True,True,True,True
17274759,AVIATION,5115,626,single_column,False,False,True,True,True,True
19506295,AVIATION,6445,825,single_column,False,False,True,True,True,True
50775901,AVIATION,6992,884,single_column,False,False,True,True,True,True
22990761,AVIATION,6466,821,single_column,False,False,True,True,True,True
10945968,AVIATION,5137,790,single_column,False,False,True,True,True,True
12192507,AVIATION,2034,232,single_column,False,False,True,True,True,True
24154692,AVIATION,6134,750,single_column,False,False,True,True,True,True
23985183,AVIATION,6953,808,single_column,False,False,True,True,True,True
29161565,AVIATION,3631,436,single_column,False,False,True,True,True,True
11333001,AVIATION,6274,783,single_column,False,False,True,True,True,True
25718772,AVIATION,5149,644,single_column,False,False,True,True,True,True
65219288,AVIATION,5905,774,single_column,False,False,True,True,True,True
27502951,AVIATION,5136,605,single_column,False,False,True,True,True,True
15823995,AVIATION,7182,906,single_column,False,False,True,True,True,True
22650051,AVIATION,6493,818,single_column,False,False,True,True,True,True
24668861,AVIATION,11754,1525,single_column,False,False,True,True,True,True
42427521,AVIATION,9532,1209,single_column,False,False,True,True,True,True
96457008,AVIATION,1631,223,single_column,False,False,True,True,True,True
38989376,AVIATION,7896,1012,single_column,False,False,True,True,True,True
13405229,AVIATION,7692,908,single_column,False,False,True,True,True,True
17686472,AVIATION,3415,427,single_column,False,False,True,True,True,True
54232810,AVIATION,5406,711,single_column,False,False,True,True,True,True
25719936,AVIATION,6944,921,single_column,False,False,True,True,True,True
68216398,AVIATION,4984,627,single_column,False,False,True,True,True,True
17983430,AVIATION,5502,660,single_column,False,False,True,True,True,True
92283635,AVIATION,5250,708,single_column,False,False,True,True,True,True
11614114,AVIATION,5085,589,single_column,False,False,True,True,True,True
61315605,AVIATION,6212,780,single_column,False,False,True,True,True,True
16850314,AVIATION,5234,681,single_column,False,False,True,True,True,True
11959428,AVIATION,1642,195,single_column,False,False,True,True,True,False
10395944,AVIATION,3501,523,single_column,False,False,True,True,True,True
10189110,AVIATION,9323,1348,single_column,False,False,True,True,True,True
10567764,AVIATION,7108,927,single_column,False,False,True,True,True,True
30148777,AVIATION,5704,710,single_column,False,False,True,True,True,True
24544244,AVIATION,6707,832,single_column,False,False,True,True,True,True
19284293,AVIATION,9469,1186,single_column,False,False,True,True,True,True
11752500,AVIATION,6635,821,single_column,False,False,True,True,True,True
31536294,AVIATION,5298,657,single_column,False,False,True,True,True,False
22442947,AVIATION,4742,609,single_column,False,False,True,True,True,True
27512470,AVIATION,6266,729,single_column,False,False,True,True,True,True
14874322,AVIATION,5250,707,single_column,False,False,True,True,True,True
23464505,AVIATION,3442,454,single_column,False,False,True,True,True,True
12504278,AVIATION,5685,750,single_column,False,False,True,True,True,True
58048626,AVIATION,5388,663,single_column,False,False,True,True,True,True
15684810,AVIATION,10146,1331,single_column,False,False,True,True,True,True
17694572,AVIATION,2261,253,single_column,False,False,True,True,True,True
22168194,AVIATION,5538,680,single_column,False,False,True,True,True,True
29595906,AVIATION,1553,202,single_column,False,False,True,True,True,True
77626587,AVIATION,2552,301,single_column,False,False,True,True,True,True
98389424,AVIATION,4934,595,single_column,False,False,True,True,True,True
38663892,AVIATION,7816,976,single_column,False,True,True,True,True,True
17152392,AVIATION,6656,839,single_column,False,False,True,True,True,True
49646155,AVIATION,6882,890,single_column,False,False,True,True,True,True
33627938,AVIATION,9568,1194,single_column,False,False,True,True,True,False
12904972,AVIATION,7213,944,single_column,False,False,True,True,True,True
12239749,AVIATION,5187,676,single_column,False,True,True,True,True,True
16279537,AVIATION,5810,726,single_column,False,False,True,True,True,True
17008356,AVIATION,7755,981,single_column,False,False,True,True,True,True
28020046,AVIATION,7263,877,single_column,False,False,True,True,True,True
25625173,AVIATION,13793,1798,single_column,False,False,True,True,True,True
29534737,AVIATION,5531,713,single_column,False,False,True,True,True,True
17655479,AVIATION,5681,742,single_column,False,False,True,True,True,True
12043694,AVIATION,7894,1042,single_column,False,False,True,True,True,True
99416532,AVIATION,5533,752,single_column,False,False,True,True,True,True
24589765,AVIATION,7108,902,single_column,False,False,True,True,True,True
31605080,AVIATION,2020,241,single_column,False,False,True,True,True,True
21190805,AVIATION,5074,683,single_column,False,False,True,True,True,True
37473139,AVIATION,5234,681,single_column,False,False,True,True,True,True
