resume_id,ground_truth_title,parsed_title,failure_type,raw_text_snippet
39674178,Executive,Chief Accounting Officer,ontology normalization failure,Snippet unavailable
19545827,Manager,Chief Software Consultant,ontology normalization failure,Snippet unavailable
24703009,Director,Chief Accounting Technician,ontology normalization failure,Snippet unavailable
24799301,Professional,"         ACCOUNTANT       Summary    Accountant for a Medium sized Company          Experience     01/2009   to   Current     Accountant    Company Name   －   City  ,   State      Hired by their CPA firm to handle all accounting and job cost Reporting.         01/2007   to   01/2009     Accountant    Company Name   －   City  ,   State      Hired by their CPA firm to handle all accounting functions..         01/1997   to   01/2007     Accountant    Company Name   －   City  ,   State      Installed new Peachtree Accounting System.  Installed new computer system using a local area network and Added a Web site.          Education and Training     1974     B.S  :   Business Administration Accounting    University of Cincinnati   －   City  ,   State      Business Administration Accounting          Interests    Annapolis Amblers Walking Club, President &Trailmaster, Maryland Volkssport Assn, President, Chesapeake Civil War Roundtable.      Skills    accounting, CPA, local area network, Peachtree Accounting, Reporting, Web site      Additional Information      Interests  Annapolis Amblers Walking Club, President &Trailmaster, Maryland Volkssport Assn, President, Chesapeake Civil War Roundtable.     ",ontology normalization failure,Snippet unavailable
43685045,Professional,"         ACCOUNTANT             Highlights        TECHNICAL SKILLS NetSuite, QuickBooks, Excel, Power Point, Mas 90, Oracle            Accomplishments      Primary focus included Small Business Administration loans, and outstanding debts from the Department of Homeland Security, Department of Defense and the Department of Health & Human Services  Dean's List        Experience      Accountant    July 2012   to   Current     Company Name   －   City  ,   State      Handle invoicing & receivables consisting of $15 million in yearly sales  Review credit applications and issue credit terms  Review purchase orders to ensure proper amounts are received into inventory  Set up all vendors and customer records to ensure proper documentation is documented including tax exemption certificates and 1099 information  Month end reconciling for bank accounts and loan accounts  File all sales tax returns which currently consists of six states  Manage all company credit card expenses, including account reconciling and employee expense reports for approximately $40k in monthly charges  Review monthly GL, including expense accounts, fixed assets and COGS  Review sales and commission reports  Provide payroll support  Review inventory, warranties and service cases to ensure accurate records are kept          Sales & Use Tax Administrator    June 2011   to   June 2012     Company Name   －   City  ,   State      File approximately $1 million in monthly sales and use tax returns throughout the North Central region, including eleven states, City of Chicago, North Dakota Propane and Minnesota Care Tax  Prepare and file tax deposits and quarterly returns according to state guidelines  Perform month-end closure for both sales and use tax general ledgers  Review and analyze account short pays for tax issues  Assess customer accounts to determine proper taxability according to tax publications set forth by the Department of Revenue  Maintain all exemption certificates to ensure state guidelines and procedures are followed  Support branch locations, administrative and corporate offices with sales tax related issues  Assist with accounts payable and receivable          Accounting Associate    August 2008   to   June 2011     Company Name   －   City  ,   State      Accounts payable for the company headquarters and three large operational centers, including coding, keying, purchase orders, employee expense reports, etc  Portfolio balancing for several large clients including Citibank and Sallie Mae  Bank reconciliations  Importing financial data into financial reporting software using Mas90  Ensure financial records are maintained in compliance with accepted policies and procedures for both internal and client audits  Ensure accurate and timely monthly, quarterly and year-end close  Work closely with several different departments and clients to ensure accurate records are kept  Compile and analyze financial information to prepare entries to accounts  Accounts receivable for several different clients and systems throughout the company          Government Collections Representative    November 2004   to   August 2008     Company Name          Involved with the initial startup of the department, creating and implementing policies and procedures to ensure Government regulations were met  Performed team lead position consisting of a 15+ employee team  Worked a self-managed portfolio consisting of 300 - 800 accounts  Primary focus included Small Business Administration loans, and outstanding debts from the Department of Homeland Security, Department of Defense and the Department of Health & Human Services  Consistent top achiever and performer  Helped to develop, implement and maintain policies, procedures and standards on training new associates  Advised and provided customers with account detail, payment history, loan refinance, etc.  Analyzed credit history and finances to determine risk to the client  Negotiated repayment of defaulted loans within government guidelines  Employment location and verification for litigation and wage garnishment purposes  Asset investigation and location for potential judgments          Education      Bachelor of Arts   :   Real Estate & Finance      University of Northern Iowa   －   City  ,   State  ,   US    University of Northern Iowa, Cedar Falls, IA May 2008 Bachelor of Arts Degree, Real Estate & Finance        Associates of Applied Arts   :   Applied Arts      Hawkeye Community College   －   City  ,   State  ,   US    Hawkeye Community College, Waterloo, IA May 2003 Associates of Applied Arts Dean's List          Skills    Credit, Purchase Orders, Accounts Payable, File, Million, Sales, Sales And, Sales Tax, Tax Returns, Collections, Litigation, Loans, Team Lead, Training, Accounting, Accounts Receivable, Associate, Audits, Bank Reconciliations, Clients, Coding, Financial Reporting, Mas90, Reconciliations, Accountant, Accounts And, All Sales, Cases, Cogs, Credit Card, Documentation, Fixed Assets, Gl, Including Account, Inventory, Invoicing, Payroll, Receivables, Reconciling, Review Credit, Customer Accounts, Monthly Sales, With Accounts, With Sales, Excel, Mas, Mas 90, Netsuite, Oracle, Quickbooks, Finance, Real Estate   ",ontology normalization failure,Snippet unavailable
24695561,Executive,Chief Operations Manager,ontology normalization failure,Snippet unavailable
37333719,Professional,"         SEXUAL ASSAULT CRISIS COUNSELOR / VICTIM ADVOCATE         Core Qualifications        Microsoft Office and General Computer skills              Education     August 2012     Master of Social Work      Fordham University   －   City               May 2009     Bachelor of Arts  :   Social Services    Quinnipiac University   －     State      Social Services       May 2006     Associate of Science  :   Human Services    Naugatuck Valley CC   －     State      Human Services          Experience     02/2013   to   Current     Sexual Assault Crisis Counselor / Victim Advocate    Company Name   －   City  ,   State      One on one trauma informed crisis counseling to clients with an emphasis on empowerment *Provide advocacy and accompaniment for clients at the hospital, police and court level *Provide support and counseling to family members and friends of victims *Community Outreach  *Facilitates multiple support groups to men and women at various community agencies *Legislative Advocacy Committee Liaison *Attend multiple community meetings, roundtables, committees, teams.         01/2010   to   01/2012     Clinical Social Work Intern    Company Name   －   City  ,   State      Visited clients in their homes, nursing facilities and hospital setting *Maintained a caseload of 20 - 30 clients *Provided Psych-Social initial and updated assessments *Developed care plans for clients and their families *Coordinated community services for clients and their families.         01/2008       Community Educator Intern    Company Name   －   City  ,   State      Facilitated educational training in the community on domestic violence and sexual assault.         02/2005   to   06/2016     Supervisor    Company Name   －   City  ,   State      Train and Supervise 153 employees and new supervisors.         01/2001       Social Work Intern    Company Name   －   City  ,   State      Developed and implemented curriculum on issues of domestic violence, sexual assault and self-esteem for male and female support groups.                  Skills    Active Listening, Curriculum Development, Group Facilitation, Crisis Counseling    ",ontology normalization failure,Snippet unavailable
18264694,Executive,Chief Sales Manager,ontology normalization failure,Snippet unavailable
26921245,Professional,"         GIS COORDINATOR         Summary     Diligent hands-on leader, excellent at working with tight deadlines in pressurized work environments. Broad experience in government agencies domestically and abroad while drawing on concurring academia and research roles.       Accomplishments     Project Cooperation   Worked directly with USAid, and two universities to fulfill individual Master's degree requirements as well as much larger scope project objectives.    Communication   Modified technical agricultural data from field, to the the scientific community in the form of published papers, illustrated for seminars given to the public, before lastly translated into Swahili for local farmers.         Experience      Company Name    City  ,   State    GIS Coordinator   07/2015   to   Current       Used company public utility status to install small cell antennas for telecommunication carriers into the public right-of-way as new poles or attachments to existing light poles.   Tested spatial data for quality and created reports on those audits after Importing, integrating, updating and validating data from multiple sources.  Developed system documentation and user manuals on GIS best practices and functionality for a new employee onboarding packages.   Independently completed ad hoc requests including map generation, spatial analysis, and web publishing of map applications.          Company Name    City  ,   State    Research Associate   06/2012   to   08/2013       Coordinated with professors and staff at Sokoine University of Agriculture in Morogoro, Tanzania during summer session.  Conducted soil science laboratory analysis of soil alongside Tanzanian technicians and students for the growing seasons..          Company Name    City  ,   State    Graduate Teaching Assistant   08/2012   to   05/2013       Taught lectures and weekly laboratory exercises to seventy-five undergraduate students.  Assisted generation of lecture notes and laboratory tutorial materials using ArcGIS and QGIS.  Coordinated and supervised three graduate teaching assistants.          Company Name    City  ,   State    Biology Intern   03/2013   to   05/2013       Cleared ten acres of invasive plant species using manual removal with herbicide.  Maintained trails at four locations in southern Ohio and monitored water quality in streams, vernal pools, and river systems.  Completed frog and bird surveys to monitor wildlife populations.  Injected ash trees located within the park, tagged and recorded all injected trees using ArcGIS.          Company Name    City  ,   State    Seasonal Forestry Worker   04/2012   to   08/2012       Reduced threat or damage from Emerald Ash Borer through preventative injections using Arborjet treatments and applied growth inhibitor to trees under utility lines.  Planted 380 container trees and monitored growth and health.  Pruned 4,000 large trees using pole saws, power pole saws, shears and hand saws.  Removed 400 trees and ground 800 stumps using heavy machinery.          Company Name    City  ,   State    Research Assistant   01/2011   to   12/2012       Collected soil samples in no-till, conservation till, and conventional till plots.  Evaluated carbon and nitrogen levels in diluted runoff samples.  Determined soil quality, plant available water, and bulk density of cores.          Company Name    City  ,   State    Trail Logistics Intern   06/2011   to   08/2011       Reported backcountry trail hours worked and miles accomplished.  Collaborated with California Conservation Corps participants and management to achieve mission objectives including: trail clearing, safety demonstrations, social skills training, public affairs, and logistical support.  Aided the backcountry packer with long-distance supply organization travelling over 400 miles on horseback and a string of four mules.  Checked fire and camping permits of hikers met on trail.          Company Name    City  ,   State    Secretary   06/2010   to   09/2010       Coordinated and communicated with Sandusky County court system and judges to schedule all court dates and client meetings.  Answered incoming calls, responded to emails, created client MS Excel spreadsheets.  Kept records of court decisions and payments dating back 5 years.  Drafted legal documents and organized client interviews.          Education      Masters of Science  :  Environmental Science   2015     The Ohio State University  ,   City  ,   State        Impact of Management on Soil Fertility and Rice Yields in Smallholder Farms in Tanzania           Bachelor of Science  :  Environmental Policy and Management   2012     The Ohio State University  ,   City  ,   State              Languages      Semi-fluent Spanish  Conversational Swahili        Additional Information     Honors and Awards: National Championship Titles Equestrian Team, 2011, 2012, Dean's list, AmeriCorps Scholar 4-H Spirit of Leadership, 2009 4-H Ten Year Member Award, 2013 recipient of $11,000 Coca-Cola Sustainability Grant        Skills     analytical skills, quality control, research, safety, statistics, surveys, teaching, water quality, soil fertility    ",ontology normalization failure,Snippet unavailable
30344127,Analyst,Chief Operations Director,ontology normalization failure,Snippet unavailable
19070271,Professional,"         LEAD MAINTENANCE MECHANIC         Summary    Lead Maintenance Mechanic with 7+ years experience specializing conveyor equipment, sortation systems,      Skills          Electrical Maintenance skills including AC Motors, sensors, and controls.  Mechanical skills focused primarily on the repair and maintaining of conveyor and sortation systems.   Specialized focus in working with Crisplant S2000 series tilt tray sorters.  Strong communication both written and verbal.      Experience in basic facilities maintenance.  Experienced in spare parts inventory, and ordering.   Basic Understanding of Ethernet networks and the TCP/IP protocol stack.  Proven track record of on the job skill advancement.            Experience      Company Name    City  ,   State    Lead Maintenance Mechanic   06/2016   to   Current      In addition to previous duties as a Maintenance Mechanic    Supervised a team of four Mechanics.  Provided onsite technical guidance, and skill development to maintenance team.  Planned and executed the preventative maintenance program on various conveyor systems.   Coordinated with various levels of management across the distribution center with regards to equipment service and availability.  Oversaw and performed various facility maintenance duties.  Handled all parts purchasing and coordinated with vendors regarding lead times and availability.​  Continued to work hands on with all equipment.  Served as primary point of contact for technical issues requiring outside vendor assistance.  Served as onsite IT contact for issues regarding connectivity.   Implemented CCTV as an an IP solution, installing and configuring Hikivision servers in an enterprise network.   Developed and implemented equipment preventative maintenance program, primarily utilizing the MS office suite. Maintained data and accountability pertaining to the program.          Company Name    City  ,   State    Maintenance Mechanic   06/2014   to   06/2016       Performed preventative maintenance on mechanical systems, primarily conveyors.  Performed Unscheduled, and emergency repairs on mechanical systems.  Replaced Gearboxes, reducers, sprockets, chains, and most mechanical drive components.  Modified mechanical systems where possible to improve equipment reliability and availability. Including specification of alternative parts, and maintenance methodology.  Made basic hardware modifications to control systems, specified replacements for obsolete motor control components.   Performed AC Motor replacement.  Performed troubleshooting, replacement, and repair of various motor, and control components including: Photo Electric Switches, Encoders, Tachometers, Inductive Proximity Sensors, Limit Switches, Emergency Stop Hardware, Speed Control (VFD), PC Back Planes, Solenoids, Float Switches, Pressure Switches, Motor Starters, Motor Overloads, Branch Circuit Protection.  Worked extensively on Belt Conveyors, Live Rollers.           Specialized in the repair and Maintenance of an S2000 series Crisplant Tilt Tray Sortation System.  Installed pallet racking systems per engineering drawings.   Operated with minimal supervision.               Company Name    City  ,   State    Maintenance Technician   06/2013   to   06/2014       Maintained various mechanical systems, primarily conveyors.  Maintained various electrical systems, primarily on conveyor systems.  Maintained, and repaired industrial battery chargers.  Maintained industrial batteries.  Performed various facilities maintenance duties as needed. Maintaining high bay lighting, egress lighting, exterior lighting etc.  Installed various CCTV components, cabling.  Installed Ethernet cabling.            Company Name    City  ,   State    Maintenance Helper   06/2011   to   06/2013       Assisted mechanics with preventative maintenance on conveyor systems.  Assisted mechanics with electrical installations and repairs.  Performed basic facilities maintenance.  Assisted with the assembly, and repair of warehouse racking systems.  Performed maintenance on a fleet industrial batteries.           Company Name    City  ,   State    Warehouse Associate   01/2010   to   06/2011       Perform general warehouse duties pertaining to open stock.  Use of RF handheld scanner.  Picking  Packing          Education and Training      H.S     2004     West Deptford High  ,   City  ,   State                Lock Out/ Tag Out   2016     J. J. Keller & Associates, Inc.  ,   City  ,   State  ,   United States    Last renewed 12/19/2016          Personal Protective Equipment   2016     J. J. Keller & Associates, Inc.  ,   City  ,   State  ,   United States    Last renewed 9/26/2016          Electrical Safety: Training for Unqualified Employees   2016     J. J. Keller & Associates, Inc.  ,   City  ,   State  ,   United States              Fall Protection: Workplace Safety   2016     J. J. Keller & Associates, Inc.  ,   City  ,   State  ,   United States    Last renew 9/14/2016          Welding Safety   2015     J. J. Keller & Associates, Inc.  ,   City  ,   State  ,   United States    Last renewed 12/16/2015          Machine Guard Safety   2015     J. J. Keller & Associates, Inc.  ,   City  ,   State  ,   United States    Last renew 12/15/2015        Technical Skills     Experienced in the mechanical and electrical maintenance, and repair of conveyor systems. Specifically experienced in the following products.   Buschman Unisort IV  Buschman Unisort X  Buschman Accuglide, Accuglide Plus  Various V-belt Powered Live Roller Conveyors  Various Belt on slider bed systems  Various Belt on roller systems  Stewart-Glappat Extendable Truck Unloaders(Adjust-o-veyor)  Crisplant S2000 Tilt Tray Sorters.  FKI Logistics Line-Shaft driven Live Rollers.​   Tech King Operations CHAMP Control Systems.  Buschman BOSS2 Realtime Controls.  Crisplant S2000 Control System.      Heavy focus on troubleshooting carton sortation systems. Both electrical, and mechanical. To a lesser extent network connectivity and server administration.  ​  Experience leading a maintenance team across multiple shifts.      Ability to operate most powered industrial equipment, including forklifts, order pickers, aerial work platforms (skyjacks), and boom trucks.     Experienced in the troubleshooting and repair of conveyor motor control systems.     Experienced with the installation and configuration of Variable Frequency Drives.     Functional knowledge of Ethernet networking and the TCP/IP stack.     Reads and understands most types of electrical and mechanical drawings.      ",ontology normalization failure,Snippet unavailable
20905088,Director,Chief Industrial Engineer,ontology normalization failure,Snippet unavailable
35121930,Professional,Chief Manufacturing Technician,ontology normalization failure,Snippet unavailable
31761591,Manager,Chief Sales Director,ontology normalization failure,Snippet unavailable
78273826,Director,Chief Sales Manager,ontology normalization failure,Snippet unavailable
73497035,Analyst,Chief HR Specialist,ontology normalization failure,Snippet unavailable
11995013,Professional,"         LINE ATTENDANT       Summary     Results-oriented Supervisor with diverse background in management and customer service. Dedicated to providing excellent customer service and making operational and procedural improvements.       Highlights          CERTIFICATIONS/SKILLS:  Team player  Excellent multi-tasker  Strong communication skills  Cash handling accuracy  Microsoft Word Experience  Talent in obtaining/charting vital signs  Leadership skills  CPR/First Aid Certification  OSHA Certificate  Microsoft Excel Experience          Store opening and closing procedures  Outstanding communication skills  Outstanding communication skills  Training and development               Accomplishments     Competitive Analysis   Performed competitive analysis to make recommendations for future company growth.     Competitive Analysis   Performed competitive analysis to make recommendations for future company growth.          Experience      Line Attendant     Nov 2009   to   Sep 2014      Company Name   －   City  ,   State     Directed and supervised employees engage in sales, inventory-taking and reconciling cash receipts, or in performing services for customers.  Offered exceptional customer service to differentiate and promote the company brand  Assigned employees to specific duties, scheduled break, assuring they go on time accordingly.  Monitored sales activities to ensure that customers receive satisfactory service and quality goods.  Recommend, selected, and helped locate and obtain merchandise based on customer needs and desires  Called other stores within the area to find desired items  Helped customers try on and fit merchandise  Greeted customers and ascertain what each customer wants and needs  Responded to written and telephone requests for particular items for customers  Maintained knowledge of current sales and promotions, policies regarding payment and exchanges, and security practices  Answered and directed phone calls to assigned employees  Unloaded, picked, staged and loaded products for shipping  Rotated stock by code and receiving date  Transported goods from racks, shelves and vehicles.  Replenished floor stock and processed shipments to ensure product availability for customers  Upheld stock levels and proper pricing for multiple product lines.  Supervised material flow, storage and global order fulfillment.  Transported goods from racks, shelves and vehicles.  Worked at a rapid pace to meet tight deadlines.  Banded, wrapped, packaged and cleared equipment.         Crew leader     Apr 2009   to   Feb 2010      Company Name   －   City  ,   State     Cooked and prepared food for customers according to the corporate guidelines  Used an electronic temperature gauge to ensure food is cooked to the FDA guidelines  Packaged food, places the food in a bag and delivers the food to the customer  Ensured quality assurance in reference to food and customer service standards  Directed storage, preparation and serving of refreshments by other workers at Restaurant  Called out and verified food orders in drive-in restaurant  Read food order slip, received verbal instructions as to food required by patron and prepared food according to instructions  Cleaned work area and food preparation equipment         Medical Assistant Externship     Aug 2008   to   Sep 2008      Company Name   －   City  ,   State     Performed general office duties such as answering telephones, taking dictation and completing insurance forms and making appointments  Showed patients to examination rooms and prepared them for the physician  Cleaned and sterilized instruments and disposed of contaminated supplies  Interviewed patients to obtain medical information and measured their vital signs, weight, and height  Recorded patients' medical history, vital statistics and information such as test results in medical records  Collected blood, tissue and other laboratory specimens, logged the specimens, and prepared them for testing         Seasonal Culinary Arts Café Hostess     Apr 2008   to   Oct 2008      Company Name   －   City  ,   State     Sold and served refreshments to customers  Recorded sales, using cash register  Delivered orders to kitchens, and picked up and served food when it was ready  Brewed coffee and tea, and filled containers with requested beverages  Scrubbed and polished counters, steam tables, and other equipment, and cleaned glasses, dishes, and fountain equipment         Seasonal Sales Associate     Oct 2007   to   Jan 2008      Company Name   －   City  ,   State     Described merchandise and explained use, operation, and care of merchandise to customers  Recommended, selected, and helped locate and obtain merchandise based on customer needs and desires  Cleaned shelves, counters, and tables  Greeted customers and ascertained what each customer wanted and needed  Ticketed, arranged and displayed merchandise to promote sales  Computed sales prices, totaled purchases and received and processed cash and credit payment         Education      Diploma  ,   Medical    Sanford-Brown Institute   －   City  ,   State  ,   US   Sanford-Brown Institute Medical Assistant Diploma: Trevose, PA August 2007 to September 2008       Certifications    Medical Assistant Diploma Medical Assistant CPR OSHA Certificate       Skills    Customer Service, Receptionist, Retail Sales, Cash, Sales, In Sales, Inventory, Reconciling, Sales Activities, Sales And, Security, Security Practices, Telephone, Medical Assistant, Fulfillment, Material Flow, Medical Assistant Diploma, Fda, Quality Assurance, Associate, Cash Register, Cash Handling, Cpr, Cpr/, Excel, Excellent Multi-tasker, Leadership Skills, Microsoft Excel, Microsoft Word, Multi-tasker, Osha Certificate, Strong Communication Skills, Team Player, Word, Pricing, Shipping, Credit, Promote Sales, Sales Associate, Answering, Dictation, General Office, General Office Duties, Laboratory, Medical Records, Statistics, Telephones, Testing   ",ontology normalization failure,Snippet unavailable
16887936,Specialist,Chief Marketing Director,ontology normalization failure,Snippet unavailable
84295343,Professional,"         LEGAL ASSISTANT       Summary     Dedicated and focused  Administrative Assistant  who excels at prioritizing, completing multiple tasks simultaneously and following through to achieve project goals. Seeking a role of increased responsibility and authority.        Highlights          Fluent in Spanish   Microsoft Office proficiency    Excel spreadsheets  Meticulous attention to detail      Results-oriented  Self-directed  Time management  Strong problem solver            Accomplishments      processes.  Served as sole assistant to 4 attorneys in all phases of litigation.  Awarded ""The Best Performer of the Month"" for the month of April 2015.  Awarded ""Perfect Attendance"" for the year of 2016.        Experience      Legal Assistant    Company Name   －   City  ,   State      Schedule meetings, mediations, hearing dates and depositions.  Review reports by witnesses and police.  Assist attorneys in preparing for trials and court proceedings.  Draft deposition and trial subpoenas.  Draft/file pleadings and motions.          Legal Assistant    Company Name   －   City  ,   State      Compose and revise legal documents for attorneys.  Upload executed documents to LPS.  Coordinate hearings with opposing counsel.  Set and confirm hearings with judicial assistants.  Prepare/file notices, motions and correspondence.  Track and maintain busy attorney schedules.         07/2014   to   11/2016     Paralegal    Company Name   －   City  ,   State      Manage all administrative tasks for three senior partners.  Compose and revise legal documents for attorneys.  Ensure legal documents are processed and handled in a timely and efficient manner in order to comply with appropriate regulations and deadlines.  Perform whatever is necessary to get the job done to provide the firm's clients with excellent service and performance.          Education          DIPLOMA      American Senior High School   －   City  ,   State             2008 2015     ASSOCIATE OF ARTS  :   LEGAL STUDIES    Keiser University   －   City  ,   State      LEGAL STUDIES        Skills    administrative, Attention to detail, attorney, clients, legal documents, meetings, MS Office, police, research, Fluent in Spanish   ",ontology normalization failure,Snippet unavailable
17686472,Engineer,Chief Electronics Technician,ontology normalization failure,Snippet unavailable
30148777,Professional,"         PARALEGAL           Summary     Licensed Paralegal demonstrating confidence and tenacity in project analysis, as well as sound business judgment.       Highlights          Working knowledge of all aspects of the discovery process  Demonstrated ability to conduct legal research using  Westlaw  Highly skilled at organizing and presenting information objectively      Hands-on experience with PracticeMaster and Tabs3 legal  Proficient in managing clerical duties pertinent to a law office              Experience      Paralegal    January 2013       Company Name   －     State      General Litigation, Commercial Litigation, Bankruptcy, Estate Planning, Worker's Compensation Researching legal issues on West Law; Digesting various legal documents and providing fact summary reports to 			attorney; Drafting issues via inter-office memorandums; Managing attorney's schedule by logging important dates and tasks on the 			company network; Reviewing and Analyzing attorney's work for grammar error; Drafting cover letters; Preparing motion packets; Corresponding with opposing counsel and Courthouse administration; Advising clients of changes in the status of their case; Scheduling depositions; Managing client files on company network through Company's practice 				management system, Practice Master; E-filing time-sensitive legal documents with various Courts; Preparing Pleadings Binders and Trial Exhibits for Court; Ardex Laboratories, 2050 Byberry Road.          Receptionist    January 2009   to   January 2013     Company Name   －   City  ,   State      Provided quality customer service to guests upon entering lobby; Answered high volumes of calls on a multi-line phone system, and 				dispatched them according to priority; Organized and managed company data in Excel spreadsheets; Reviewed and separated paperwork submitted by each salesmen daily; Reviewed invoice information entered into MAS200; Generated weekly sales reports for each salesman; Advised inquiring customers of product order shipment and status 				changes; Managed hard copy files; faxed/emailed invoices and all other requested documents; Separated and dispersed mail to the addressed department; Maintained spreadsheets of all customer payments reported by salesmen 					according to business region; Applied all payments (checks, cash, and credit cards) to customer accounts 			according to salesman, location, and remittance advice; Processed all credit card transactions over company's terminal Deposited checks directly into company account using a PNC Pinnacle 				desktop scanner; Reviewed customer accounts for open invoices with a ninety day 				outstanding balance, and was entrusted to devise payment arrangements 				on a case-by-case basis to avoid excessive late fees and penalties; Tracked salesmen's expenses; Composed inter-office memorandums and account memorandums; Over the course of my final two weeks at Ardex Laboratories I trained two			 new hires in two positions (accounts receivables department and 				receptionist.          Administrative Assistant    January 2007   to   January 2009       Provided quality customer service to people with diverse backgrounds; Answered phones on a multi-line system and dispatched them accordingly 			to priority; Scheduled and organized business/staff meetings and scheduled and 				organized appointments with clients; Drafted and typed proposals/invoices and other related documents on 				company letterhead; Made cold calls to customers that were due for maintenance; Faxed invoices; Entrusted to make managerial decisions to satisfy both the customer and 				the company's best interests; Maintained records for accounts receivable and accounts payable 				transactions; Responsible for all administrative duties as related to the Construction field such 			as filing customer orders, composing business letters, responding to legal 			matters, managing business accounts and being consulted for advertising ideas;.          Customer Service Representative    January 2005   to   January 2007     Company Name          Provided high quality customer service to Pilots and Business Aviation 				Companies; Communicated with pilots via radio to prepare lineman for estimated 				arrival and departure times; Provided and reviewed all catering and other accommodations for Pilots 				and Flight Attendants to ensure a comfortable flight; Scheduled hotel reservations and car rentals for Pilots and Crew; Permitted to use company vehicle; Scheduled aircraft preparation for departing flights; Input data and ticket information into  POS system; All aspects of Administrative work such as typing, filing, answering 				phones and record keeping; Recognized for Customer Service Excellence at Atlantic Aviation.          Education      A.S   :   Paralegal Studies  ,   2012    Manor College          Paralegal Studies        American Bar Association approved institution Paralegal Certificate   :     2012    Manor College          American Bar Association approved institution        High School Diploma   :     2004    Nazareth Academy High School Middle States Association of Secondary Schools                  Skills    accounts payable, accounts receivable, accounts receivables, Administrative, advertising, attorney, balance, credit, client, clients, Customer Service, Drafting, filing, Law, Legal, letters, Litigation, managerial, Managing, meetings, Access, Excel spreadsheets, Excel, mail, Microsoft Office Suite, office, PowerPoint, Word, network, Paralegal, phone system, POS, proposals, quality, radio, receptionist, record keeping, Researching, sales, scanner, Scheduling, spreadsheets, phones, answering 				phones, typing, Westlaw   ",ontology normalization failure,Snippet unavailable
11333001,Professional,Chief Operations Technician,ontology normalization failure,Snippet unavailable
17008356,Executive,Chief Operations Manager,ontology normalization failure,Snippet unavailable
23761385,Manager,Chief Electronics Technician,ontology normalization failure,Snippet unavailable
73157997,Manager,Chief Operations Specialist,ontology normalization failure,Snippet unavailable
26987539,Specialist,Chief Marketing Manager,ontology normalization failure,Snippet unavailable
25200253,Analyst,Chief Operations Specialist,ontology normalization failure,Snippet unavailable
30713796,Professional,"         TELLER 3             Core Qualifications          Results-oriented  Client-focused  Excel in  customer service  Quick learner                 Experience      TELLER 3    March 2011   to   August 2014     Company Name   －   City  ,   State      Current     Delivered prompt, accurate and excellent customer service.  Received regional branch recognition award for outstanding customer service.  Maintained confidentiality of bank records and client information.  Supplied tellers with coin and currency as needed.  Reported daily averages and shortages to the operations department.  Processed treasury, tax and loan payments.  Entered member transaction data into the online banking software.  Examined checks for identification and endorsement.  Researched and resolved customer issues on personal savings, checking and lines of credit accounts.  Adhered to [SUNTRUST BANK] security and audit procedures.  Trained employees on cash drawer operation.  Processed cash withdrawals.  Balanced daily cash deposits and bank vault inventory with a zero error rate.  Processed sales referrals and promoted bank services and products, resulting in [25]% branch sales increase.  REASON FOR LEAVING : Relocating to Harford Co.  area .          to       TELLER SUPERVISOR    May 1998       Company Name   －   City  ,   State      September 2010 Delivered prompt, accurate and excellent customer service.  Received regional branch recognition award for outstanding customer service.  Maintained confidentiality of bank records and client information.  Supplied tellers with coin and currency as needed.  Reported daily averages and shortages to the operations department.  Processed treasury, tax and loan payments.  Entered member transaction data into the online banking software.  Examined checks for identification and endorsement.  Researched and resolved customer issues on personal savings, checking and lines of credit accounts.  Adhered to [ANNAPOLIS BANKING & TRUST] security and audit procedures.  Trained employees on cash drawer operation.  Balanced daily cash deposits and bank vault inventory with a zero error rate.  Processed sales referrals and promoted bank services and products, resulting in [25]% branch sales increase.  REASON FOR LEAVING : MEDICAL CONDITION.  July 1995     1ST.  NATIONAL BANK OF MD.  Glen Burnie, MD to        TELLER.  October 1997   Delivered prompt, accurate and excellent customer service.  Processed sales referrals and promoted bank services and products, resulting in [25]% branch sales increase.  Balanced daily cash deposits and bank vault inventory with a zero error rate.  Processed cash withdrawals.  Trained employees on cash drawer operation.  Adhered to [1ST.  NATIONAL BANK] security and audit procedures.  Researched and resolved customer issues on personal savings, checking and lines of credit accounts.  Examined checks for identification and endorsement.  Entered member transaction data into the online banking software.  Processed treasury, tax and loan payments.  Maintained confidentiality of bank records and client information.  REASON FOR LEAVING : Was looking to advance and no available ways to do so.             June 1994         Managed kitchen operations for high grossing, fast-paced fair concession kitchen.  Trained staff of at least eight employees for correct facility procedures, safety codes, proper recipes and plating techniques.  Managed food and produce receiving process with 100% accuracy.  Greeted customers in the restaurant or drive-thru, took and rang up orders, handled payment and thanked customers.  Greeted guests and sat them at tables or in waiting areas Informed patrons of establishment specialties and features Inspected dining and serving areas to ensure cleanliness and proper setup Instructed cooks and other workers in the preparation, cooking, garnishing, and presentation of food Conducted daily pre-shift and weekly departmental meetings to ensure organizational efficiency.  Scheduled and directed staff in daily work assignments to maximize productivity.  Efficiently resolved problems or concerns to the satisfaction of all involved parties.  Continually monitored restaurant and took appropriate action to ensure food quality and service standards were consistently met.  Exhibited thorough knowledge of foods, beverages, supervisory duties, service techniques, and guest interactions.  Assigned tasks and oversaw the direction of employees to ensure compliance with food safety procedures and quality control guidelines.  Developed and maintained exceptional customer service standards.  Optimized profits by controlling food, beverage and labor costs on a daily basis.  Consistently maintained high levels of cleanliness, organization, storage, and sanitation of food and beverage products to ensure quality.  Communicated well and used strong interpersonal skills to establish positive relationships with guests and employees.Counseled and disciplined staff when necessary.  REASON FOR LEAVING : Was involved in terrible head on car collision.  Was not able to walk for a year .          to      SHIFT SUPERVISOR    November 1991       Company Name   －   City  ,   State            Education      diploma                  Skills    banking, strong interpersonal skills, cooking, credit, client, excellent customer service, customer service, direction, fast, features, inventory, meetings, organizational, quality, quality control, receiving, safety, sales, sat, supervisory, tables, tax, treasury   ",ontology normalization failure,Snippet unavailable
15856762,Executive,Chief Finance Manager,ontology normalization failure,Snippet unavailable
45167858,Specialist,Chief Operations Manager,ontology normalization failure,Snippet unavailable
77156708,Officer,Chief Marketing Specialist,ontology normalization failure,Snippet unavailable
87867370,Manager,Chief Sales Consultant,ontology normalization failure,Snippet unavailable
41152404,Analyst,Chief Software Engineer,ontology normalization failure,Snippet unavailable
63158213,Engineer,Chief Operations Manager,ontology normalization failure,Snippet unavailable
89512321,Manager,Chief HR Lead,ontology normalization failure,Snippet unavailable
14752209,Director,Chief Marketing Analyst,ontology normalization failure,Snippet unavailable
14726000,Consultant,Chief Operations Director,ontology normalization failure,Snippet unavailable
19557384,Manager,Chief Sales Lead,ontology normalization failure,Snippet unavailable
12230301,Specialist,Chief Marketing Director,ontology normalization failure,Snippet unavailable
18293620,Manager,Chief Sales Consultant,ontology normalization failure,Snippet unavailable
13888506,Manager,Chief Marketing Specialist,ontology normalization failure,Snippet unavailable
27796199,Manager,Chief Marketing Director,ontology normalization failure,Snippet unavailable
24412546,Executive,Chief Sales Manager,ontology normalization failure,Snippet unavailable
30826569,Manager,Chief Operations Director,ontology normalization failure,Snippet unavailable
26718039,Professional,"         CHEF       Summary    Experienced catering chef skilled in preparing large volumes of food quickly and efficiently. Highly skilled in international cuisine. Seeking a position at a restaurant where I can call it 'home'          Experience      Chef     May 2009   to   Current      Company Name   －   City  ,   State     Manage daily kitchen operations including inventory, purchasing, and scheduling Ensure proper food handling methods are observed Assist kitchen staff in producing food for catering Systematically control food quality and costs Develop new menu items to enhance catering and retail food service revenue and productivity goals.         Catering Chef     Jun 2000   to   May 2009      Company Name   －   City  ,   State     Effectively managed and produced food for catered events Enforced appropriate work-flow and quality controls for food quality Conducted daily inventory and ordering Assisted catering staff in setup and delivery Managed catering schedule and logistics.         Line Cook     Jan 1990   to   Jun 2000      Company Name   －   City  ,   State     Set up and prep work for all food items.  Prepared various daily lunch special items.  Assisted in producing food for catered events.  Conducted daily food inventory and ordering.           Skills    delivery, Detail oriented, English, inventory, Inventory Management, logistics, producing, purchasing, quality, retail, scheduling, Spanish, work-flow   ",ontology normalization failure,Snippet unavailable
19007667,Professional,"         CHEF       Summary     Experienced catering chef skilled in preparing large volumes of food quickly and efficiently. Knowledge of international cuisine. Seeking a position at a restaurant where I can call it 'home'       Highlights                      Experience     05/2009   to   Current     Chef    Company Name   －   City  ,   State      Manage daily kitchen operations including inventory, purchasing, and scheduling Ensure proper food handling methods are observed Assist kitchen staff in producing food for catering Systematically control food quality and costs Develop new menu items to enhance catering and retail food service revenue and productivity goals.         06/2000   to   05/2009     Catering Chef    Company Name   －   City  ,   State      Effectively managed and produced food for catered events Enforced appropriate work-flow and quality controls for food quality Conducted daily inventory and ordering Assisted catering staff in setup and delivery Managed catering schedule and logistics.         01/1990   to   06/2000     Line Cook    Company Name   －   City  ,   State      Set up and prep work for all food items.  Prepared various daily lunch special items.  Assisted in producing food for catered events.  Conducted daily food inventory and ordering.            Languages          Skills    delivery, Detail oriented, English, inventory, Inventory Management, logistics, producing, purchasing, quality, retail, scheduling, Spanish, work-flow   ",ontology normalization failure,Snippet unavailable
27298953,Consultant,Chief Sales Administrator,ontology normalization failure,Snippet unavailable
23398733,Manager,Chief Sales Consultant,ontology normalization failure,Snippet unavailable
18472240,Professional,"         CONSTRUCTION             Experience     04/2015   to   Current     Company Name          Repair a/c units Repair and replace water heaters, stoves, and refrigerators.  Change out faulty valves and faucets.  Unclog drains, toilets, snake clean-outs.  Change out windows and locks.  Make repairs to sheetrock if damaged, roof repairs and painting inside and outside.  Controls inventory, creates orders with vendors.  Train, coached and mentored staff to ensure smooth adoption of new rules.         07/2010   to   02/2015     Company Name   －   City  ,   State      Maintain 320 units in Jasmine Terrace complex, which consists of repairs to AC window units.  Repair and replace water heaters, stoves and refrigerators.  Change out faulty valves and faucets, unclog drains, toilets, snake clean outs.  Change out windows and locks.  Make repairs to sheetrock if damaged Roof repairs and painting inside and out.  Controls inventory, create orders, with vendors.  Trained, coached and mentored staff to ensure smooth adoption of new rules.         03/2007   to   05/2010     Construction    Company Name   －   City  ,   State      Plumbing, roofing, sheetrock, painting.  Replace water heaters.  General apprentice and construction.         03/2005   to   03/2007     Painter    Company Name   －   City  ,   State      Paint and repair the outside of problems in a timely matter.  Pressure washed houses and made repairs to old / damaged frames.          Education     2005     GED      Central Florida College   －   City  ,   State             2009     EPA Certified Universal              Skills    c, inventory, windows, window, painting, Paint, Plumbing, repairs, roofing   ",ontology normalization failure,Snippet unavailable
25187733,Manager,Chief Industrial Engineer,ontology normalization failure,Snippet unavailable
13313917,Consultant,Chief Sales Lead,ontology normalization failure,Snippet unavailable
71888547,Consultant,Chief Marketing Manager,ontology normalization failure,Snippet unavailable
29647215,Consultant,Chief Data Analyst,ontology normalization failure,Snippet unavailable
38399177,Consultant,Chief Operations Manager,ontology normalization failure,Snippet unavailable
12374933,Consultant,Chief Data Analyst,ontology normalization failure,Snippet unavailable
15699744,Consultant,Chief Sales Manager,ontology normalization failure,Snippet unavailable
30083884,Consultant,Chief Construction Manager,ontology normalization failure,Snippet unavailable
29147100,Professional,"         MULTIMEDIA DESIGNER AND GRAPHIC DESIGNER       Portfolio     www.Artisterymedia.wix.com/creativeflow       Summary    A hardworking, focused and determined artist looking to obtain a full-time position as a Graphic Designer.      Technical Skills          Adobe Photoshop  Adobe After Effects   Adobe Illustrator  Adobe InDesign  Adobe Premiere  Adobe Dream Weaver  Sketchbook Pro      Intermediate Html Coding  Microsoft Word  Windows   Troubleshooting  Calculator, printer, fax machine, etc  Microsoft Word  Microsoft PowerPoint            Accomplishments      2014 Civic Engagement Cover Design Winner        Graphic Design Experience      Multimedia Designer and Graphic Designer     Sep 2015   to   May 2016      Company Name   －   City  ,   State      Worked on branding and logo design for the office as well as inside designing of templates for the office's online services.     Consulted with clients on poster designs for their conferences and presentations to their leadership Boards.         Graphic Designer/ Promoter     Jun 2014   to   Current      Company Name   －   City  ,   State     Helped the management team with future events and promotional tactics along with  designing promotional materials   and designed flyer's.          FreeLance Graphic Designer     Jul 2013   to   Current      Company Name   －   City  ,   State     Created graphics for pamphlets, banners, screen graphics and web graphics for  the church.      Helped with film design and created after effects bumps for message series.          Free Lance Digital/Graphic Designer     Aug 2009   to   Current      Company Name   －   City  ,   State     Freelance designed for networked Clients upon request.         Education      Bachelor's of Fine Arts  (B.F.A)  ,   Digital Art & Design   2016     Towson University   －   City  ,   State  ,   United States            Digital Art & Design    Community College of Baltimore County   －   City  ,   State  ,   United States       ",ontology normalization failure,Snippet unavailable
32532982,Professional,"         LEAD PIPING DESIGNER       Summary     Senior Mechanical / Piping Designer with over 40 years of progressive design experience in the Petrochemical industry. This experience has been gained on a variety of projects; Petrochemical, LPG Storage Facility, Polyethylene Plants, Pipeline Pumping and metering stations, Pulp & Paper Mill Facilities, Sulfur Recovery Units, Storage Tanks and Fire Water Systems.       Experience      Lead Piping Designer   05/2013   to   02/2015     Company Name   City  ,   State       Lead piping design efforts on the Enterprise Front Range Pipeline Project utilizing CADWorx. Updated bi-weekly progress status reports. Attended meetings with the clients, took meeting notes, tracked and implemented action items. The project ran through 3 states beginning at Kiowa Colorado and ending at Skellytown Texas with 8 sites including 3 pumping stations and 5 metering stations.   Assisted with the developing of line list, tie-in list, Equipment Arrangements,  PFD's and P&ID's during FEL2 phase of projects. Developed piping manhour estimates and schedules for FEL3 and detailed design phases of projects.          Principal Piping Designer   08/2008   to   05/2013     Company Name   City  ,   State       Developed line list, tie-in list, Equipment Arrangements,  PFD's and P&ID's. Developed piping manhour estimates and schedules. Updated bi-weekly progress status reports. Attended meetings with the clients, took meeting notes, tracked and initiated action items.   Lead a team of piping designers using CADWorx 2013 to model the Alky 1 & 2 ARN Scrubber Replacement Project at PRSI in Pasadena Texas.   Also lead the Sterling Chemicals - Water Neutralization System - WHIP LITE Project. This project was modeled using Bentley AutoPLANT.         Principal Piping Designer   09/2007   to   08/2008     Company Name   City  ,   State      Lead a team of piping designers to develop a detailed design estimate for the Clean Fuels Project Vapor Recovery System at the Big West Oil Company Refinery in Bakersfield California.         Principal Piping Designer   06/2006   to   09/2007     Company Name   City  ,   State      Developed 2D piping plans for the main fractionator tower piping modifications on the  ExxonMobil Refinery - BTRF / DCU De-bottleneck Project. Checked vendor drawings for internal interferences.       Took over the lead piping designer position to close out the project. Wrote change order variances. Organized, purged and created record pdf's to deliver to the client.          Senior Piping Designer   04/2006   to   06/2006     Company Name   City  ,   State      Designed miscellaneous maintenance projects including Drumming manifold modifications at the Coatings Unit. Performed field survey, routings and shoot elevations. Developed piping estimate to replace the obsolete CAS pumps at the Coatings Unit.         Lead Piping Designer   08/2005   to   04/2006     Company Name   City  ,   State      Lead a team of piping designers to relocate a HCU/KHT Unit from California to the Sinclair Refinery in Sinclair Wyoming. Visited the site during construction to assist in the replacement of piping that failed inspection due to rapid unit shutdown damage.         Lead Piping Designer   12/2001   to   08/2005     Company Name   City  ,   State      Lead the Premcor Task Force for the Premcor refinery in Port Arthur Texas. Developed manpower scheduling, P&ID's, equipment layout, field verification, and supervised design, drafting and checking.  Also lead a team of designers at the Motiva Enterprises refinery in Port Arthur Texas on the SRU4 Cope Burner Project. This project required installation of new equipment prior to removal of the existing Burner, Furnace, Steam Boiler and Condenser in order to limit the turnaround to two weeks.         Sr. Piping Designer   11/1987   to   12/2001     Company Name   City  ,   State      Lead a team of designers on the HTU Revamp Project simultaneously supervising a second team to include tie-ins for a new Lube Train to be built adjacent to the HTU and repurpose existing equipment inside the battery limits of the HTU. Served as liaison between Matrix Engineering, Motiva and Petrocon. Followed construction for 1 year on the LCDU (Lube Train) Project site.         Sr. Piping Designer   11/1978   to   11/1987     Company Name   City  ,   State      Developed equipment location plans to  replace 5 existing butane spheres and add 5 new butane storage spheres in the south tank farm for the Butane storage facilities at Motiva refinery.              Sr. Piping Designer   03/1977   to   11/1978     Company Name   City  ,   State       Designed and prepared piping drawings for various firewater systems at Mobil Oil Refinery in Beaumont Texas.          Sr. Piping Designer   03/1976   to   03/1977     Company Name   City  ,   State      Designed and drafted piping, mechanical, structural steel and foundations  for various maintenance projects and plant expansion. Also drafted electrical and instrumentation drawings. Performed field surveys and shoot elevations.         Piping Designer   04/1975   to   03/1976     Company Name   City  ,   State      Developed P&ID's for fuel gas conversion of gas fired boilers. Designed piping and structural steel layouts.         Piping Designer   03/1974   to   04/1975     Company Name   City  ,   State      Designed and drafted piping, mechanical, structural steel and foundations  for various maintenance projects and plant expansion. Also drafted electrical and instrumentation drawings. Performed field surveys and shoot elevations.              Education      Piping Designing Diploma  :   Design Drafting   1971       Chenier Business College   City  ,   State        Design Drafting         Skills     Autocad, Bentley AutoPLANT, Cadworx, Autodesk Vault, Navisworks, Microstation, & Flexcad, Microsoft Word, Excel, Outlook, Powerpoint and Access    ",ontology normalization failure,Snippet unavailable
26924514,Director,Chief Operations Manager,ontology normalization failure,Snippet unavailable
14556869,Manager,Chief Marketing Consultant,ontology normalization failure,Snippet unavailable
26160200,Director,Chief Marketing Manager,ontology normalization failure,Snippet unavailable
12085736,Consultant,Chief Sales Engineer,ontology normalization failure,Snippet unavailable
21125113,Specialist,Chief Software Developer,ontology normalization failure,Snippet unavailable
30999638,Professional,"         SOCIAL MEDIA EVALUATOR       Summary    Extensive Management Experience with Supervisory, Sales, and Training focus. Possess strong ability to achieve sales goals and quality customer service as well as skilled in performing all administrative duties. Working knowledge of Property Management, Tax Credit, Marketing, Collections, and Leasing policies and regulations gained through work experience and education.       Skills          Microsoft Outlook  Microsoft Word  Windows 10  Excel  PowerPoint  Multi-line phone system,              Experience     08/2015   to   Current     Social Media Evaluator    Company Name   －   City  ,   State      Daily social media activity (including but not limited to: Facebook, Twitter, Instagram, Pinterest, etc) Avid interest in working with social media.  Ability to follow instructions and work independently with effective time management skills.  Excellent troubleshooting, communication and problem-solving skills.  Strong expressive writing skills.  Ability to articulate in written and verbal English.  Uses Microsoft Windows (Vista or above) or MAC operating system with outstanding performance.  Advanced aptitude for installing applications, and troubleshooting and addressing software issues with limited support.         04/2014   to   08/2015     Rental Sales Agent    Company Name   －   City  ,   State      Carry out duties in accordance with Avis policies and procedures.  Responsible for selling optional products to ensure customer satisfaction and company productivity.  Customer support to include directions, maps, and local area information.  Maintained rental parameters and ensuring customer understanding of rates and service charges.  Updating of rental agreement files with notification to clients of overdue rental agreements and facilitate return dates and process rental extensions.  Operation of multi-line telephone to assist client's issues, and customer support.Ensuring accuracy on all rental agreements, preparation of rental contract with all necessary details, and completion of any car exchange requests in computer system.         10/2008   to   04/2014     Escalations Management    Company Name   －   City  ,   State      Customer service supervisor-Develop staff of 20 plus associates.  Carry out supervisory duties in accordance with Sprint's policies and procedures.  Responsible for interviewing, hiring, and training employees; planning, assigning, and directing work; appraising performance; disciplining and rewarding employees; addressing complaints and resolving issues.  Monitor performance for annual reviews.  Mange aggressive sales driven environment to ensure profit for business and bonuses for staff.         05/2006   to   10/2008     Floor Supervisor    Company Name   －   City  ,   State      lead daily operations for all personnel in the department Enforce company policies and procedures, train and develop support staff Conduct weekly meetings with team lead staff members demonstrate and intense  focus on customer service and individual accountability to upkeep stability amongst production within the department strategically approach projects, conducting thorough research of production, call volume, personnel etc.  to implement relevant protocols to enhance performance results mentor and guide the support staff in efforts to support and supersede department minimums and expectations Introduce goals outlined by senior directors and managements, and delegate responsibilities in support of various projects Review team metrics within the department, discuss additional counseling options for improvements as necessary Enforce overall integrity and moral of the department, and promote invaluable customer service.          Education and Training          Thomas Nelson Community College   －   City  ,   State              Skills    approach, articulate, Avid, counseling, client, clients, customer satisfaction, Customer service, Customer support, directing, training employees, English, focus, hiring, team lead, MAC, meetings, mentor, Excel, exchange, Microsoft Outlook, PowerPoint, Microsoft Windows, Windows, Microsoft Word, multi-line telephone, operating system, personnel, phone system, policies, problem-solving skills, profit, protocols, research, selling, sales, supervisor, supervisory, time management, troubleshooting, Vista, written, writing skills   ",ontology normalization failure,Snippet unavailable
90685127,Manager,Chief Marketing Specialist,ontology normalization failure,Snippet unavailable
30864828,Manager,Chief Sales Specialist,ontology normalization failure,Snippet unavailable
34583750,Specialist,Chief Marketing Lead,ontology normalization failure,Snippet unavailable
15941675,Engineer,Chief Industrial Technician,ontology normalization failure,Snippet unavailable
32985311,Analyst,Chief Software Engineer,ontology normalization failure,Snippet unavailable
64468610,Manager,Principal Software Engineer,ontology normalization failure,Snippet unavailable
11981094,Manager,Principal Software Engineer,ontology normalization failure,Snippet unavailable
37335325,Manager,Chief Sales Director,ontology normalization failure,Snippet unavailable
38220146,Manager,Chief Manufacturing Engineer,ontology normalization failure,Snippet unavailable
25608963,Professional,Lead Manufacturing Technician,ontology normalization failure,Snippet unavailable
13264796,Director,Chief Data Scientist,ontology normalization failure,Snippet unavailable
20566550,Developer,Chief Sales Manager,ontology normalization failure,Snippet unavailable
28762662,Manager,Principal Software Engineer,ontology normalization failure,Snippet unavailable
17103000,Manager,Chief Software Engineer,ontology normalization failure,Snippet unavailable
74512244,Director,Chief Accounting Technician,ontology normalization failure,Snippet unavailable
70541112,Executive,Senior Accounting Consultant,ontology normalization failure,Snippet unavailable
27409087,Professional,"         HEAD OF ACCOUNTS AND FINANCE           Summary     Flexible Accountant who adapts seamlessly to constantly evolving accounting processes and technology. Adept at budget forecasting, financial reporting and corporate tax planning.       Highlights          Financial statement analysis  Understands foreign tax reporting  Budget forecasting expertise  Adobe software proficiency  Effective time management  General ledger accounting  Flexible team player  Cash-flow report generation  Public and private accounting  Cost accounting  General and tax accounting  Account reconciliations  Proficient in Microsoft Office  Knowledge of Sage  Proficient in SAP  ERP (Enterprise Resource Planning) software  QuickBooks              Accomplishments      Payroll Assistance     Assisted with payroll preparation and entered data into cumulative payroll document.     Reporting    Established client payment plan program to monitor payment compliance and progress, reducing uncontrolled payment activity    Employee Management     Liaised with HR department to establish employee benefits, training, payroll and termination procedures    Accounting Skills     Operated computers programmed with accounting software to record, store, and analyze information.     General Ledger Accounts     Maintained accurate accounts including cash, inventory, prepaid, fixed assets, accounts payable, accrued expenses and line of credit transactions.    Increased compliance for the cash management department by aiding in internal and external audits.  Researched and resolved billing problems that had been previously missed.       Experience      Company Name     October 2013   to   Current     Head of Accounts and Finance   City  ,   State      Basic Function:          I'm always accountable for the accounting operations of the company, to include the production of monthly financial reports, maintenance of an adequate system of accounting records, and a comprehensive set of controls and budgets designed to mitigate risk, enhance the accuracy of the company's reported financial results, and ensure that reported results comply with generally accepted accounting principles or international financial reporting standards.    Principal Accountabilities:           Management     Maintain a documented system of accounting policies and procedures  Manage outsourced functions  Oversee the operations of the accounting department, including the design of an organizational structure adequate for achieving the department's goals and objectives  Oversee the accounting operations of branches (Freetown, Kenema, Kono and Kailahun) especially their control systems, transaction-processing operations, and policies and procedures.  Mitigating risk for cash handling from Bank to Rural areas disbursing centers  Handling project finances, reporting and accountability within the company  Maintain company's PPE register and disposal     Transactions     Ensure that accounts payable are paid in a timely manner  Ensure that all reasonable discounts are taken on accounts payable  Ensure that accounts receivable are collected promptly  Process payroll in a timely manner  Ensure that periodic bank reconciliations are completed  Ensure that required debt payments are made on a timely basis  Maintain the chart of accounts  Maintain an orderly accounting filing system  Maintain a system of controls over accounting transactions  Processing commission to agents (VCs) and second payment (Premium) to farmers is done proportional to the weight of coco procured in that month     Reporting:     Issue timely and complete monthly financial statements  Ensure the upload of monthly financial reports to SAP accounting software is done in timely  Lead and Coordinate the preparation of the corporate annual report  Recommend benchmarks against which to measure the performance of company operations  Calculate and issue financial and operating metrics  Manage the production of the annual budget and forecasts  Calculate variances from the budget and report significant issues to management  Provide for a system of management cost reports purposely for cost control by the project managers and other stakeholders.  Provide financial analysis as needed, in particular for capital investments, pricing decisions and company performance     Compliance:     Coordinate the provision of information to external auditors for the annual audit  Coordinate the provision of information to Government revenue authorities in regard to past financial statement  Monitor debt levels and compliance with debt covenants  Comply with local, state, and federal government reporting requirements and tax filings  Coordinate the provision of information to other stakeholders who finances the implementation of the projects within the company like AECF, IFAD, and Social Projects.      Certification (Rainforest Alliance, IMO control) :    Participating with operation department for improving infrastructure of field activities   Crop traceability from smallholder farmers to overseas customers  Crop flow from smallholder farmers to the point of sale  Crop Grower lists/farmer lists  Farmer data spreadsheets (no. of coco trees per hector, contracts)    Establishing new buying posts (BPs)  Establishing Geo-traceability of farms  Establishing a binding agreement with those (agents-village coordinators            Company Name     December 2010   to   October 2013     Senior Accountant   City  ,   State      Duties and Responsibilities    Working with Pivot tables to coffee & cocoa books from different branches  Reporting program expenses and budget in form of TTs requests to abroad directors  Manage financial matters and procedures in project implementation  Preparing payment requests/vouchers and cheques for payment  Preparing weekly reports on the trend of the debt levels with banks.  Preparing weekly fund sheet Report (a detailed cash flow).  Preparing, Posting and Reconciling Main Books in the system.  Preparing the schedules for the two companies of all sales (both direct export and local sales).  Preparing, reconciling and posting to the system, monthly payroll, payroll journals and statutory computations and remitting of SDL, NSSF, PAYE, W/Tax.  Preparation of monthly Bank (for HO & Branches) and Intercompany reconciliation statements and posting all those variances to the syste  Exchange rate controlling when dealing with foreign currencies against functional currency  Making thoroughness and tightly monitoring of the Receivables from debtors by telephone, email, and some time by physical appearance.  Participating in all preparatory andreviews of the final accounts  Responding to External & internal auditors during auditing and as well as to TRA queries regarding to the companies past accounts submitted.  Stock Valuation, Physical Stock verification and Movement of stock  Calculations of VC, and Agents Commissions plus premiums and District Levies           Company Name     June 2009   to   December 2010     Accountant   City  ,   State      Duties and responsibilities:      Maintaining staff imprest records and retirement (IOU issued & IOU retired) as well as staff loans & Salary Advance register  Reconciliation of Circulation debtors, Advertisement debtors, Suppliers and Petty cash ledgers  Monthly reconciliation of Bank Statements with the Bank books in the systems and preparing Banks reconciliation Reports and investigating and resolves any un-reconciled differences  Monthly VAT computations and filing returns to TRA   Maintaining fixed Assets Register, Manage depreciation from Fixed Assets register by setting up depreciating schedule, register the acquired Assets and post depreciation.  Preparing Monthly Sales Performance Report for Upcountry and Local Representatives  Transfer of cash & cheque from main cash / receipts control account to pettycash and banks in Tally and Pastel  Preparing, verifying, processing and issuing expense vouchers and posting to the systems  Daily Freight charges of newspapers to upcountry representatives  Upcountry monthly Retainers fees  Weekly correspondence fees  Advertisement commissions  Data entry of advertisement transactions in Tally & Pastel                             Advertisement invoices (sales invoices)                            -Advertisement receipts (sales receipts)                            -Circulation receipts (sales receipts)                            -Credit note from circulation debtors          Company Name     August 2008   to   June 2009     Trainee   City  ,   State      Duties and Responsibilities:      Prepare payments  Prepare regular reports on revenue, expenditure and tax returns;  maintain and reconcile the direct debits accounts in the systems;  Prepare invoice and bills;  Prepare bank reconciliation statements;  Disburse cash and cheque payments;  Post transactions in a computerized accounting system;  Reconcile debtors and creditors records          Education      Tanzania Institute Of Accountancy     2012       Post Graduate Diploma in Accountancy  :   Accounting    City  ,   State  ,   Tanzania            Institute Of Finance Management     2008       Advanced Diploma in Accountancy  :   Accountancy    City  ,     Tanzania     Accountancy         Minaki High School     2001       Advanced Certificate of Secondary Education  :   Science    City  ,     Tanzania             Tosamaganga Secondary School     1998       Certificate of Secondary Education  :   Science and Arts    City  ,     Tanzania            Interests     Gardening Trees       Languages     Swahili   English       Skills      Project Reporting   Accounts payables & receivables,   Auditing, Data entry,   Internet  Exchange rate control,   Microsoft Proficiency: Word, Spreadsheets, Outlook, Power Point   Payroll processing,   Accounting software: Quick Books, Sage Pastel, SAP ERP, TAS Books, TALLY,   Research  Account reconciling  Financial Reporting  Management Accounting  GAAP  IFRS  Forecast Vs Actuals for weekly and monthwise         Additional Information       Volunteering Experience      Trainer at Mabibo Teaching Center -  Assist those who don't have entry criterion as a requirement for joining high school level    ",ontology normalization failure,Snippet unavailable
26231609,Manager,Senior Finance Lead,ontology normalization failure,Snippet unavailable
29998869,Director,Chief Operations Lead,ontology normalization failure,Snippet unavailable
14408510,Specialist,Chief Marketing Manager,ontology normalization failure,Snippet unavailable
49325370,Manager,Chief Security Officer,ontology normalization failure,Snippet unavailable
26908066,Executive,Chief Sales Lead,ontology normalization failure,Snippet unavailable
24548333,Executive,Chief Sales Director,ontology normalization failure,Snippet unavailable
31395710,Professional,"         LICENSED PRACTICAL NURSE- STEP-DOWN UNIT       Summary       Licensed Practical Nurse with 15 years in providing direct care under RN and MD supervision in diagnosis, treatment prescription and follow-up with patients from pediatrics to geriatrics. Additional expertise includes management and staff supervision. Strong desire to focus on preventative care and health education.   Energetic and motivational and leader dedicated to driving top-quality patient care. Looking for a position in a top-notch facility with a commitment to innovative processes.         Nursing Expertise      Geriatrics  Pediatrics  Correctional Nursing  Occupational Health  Med- Surg  Home Healthcare   Hospice Care   School Nursing     Travel Nursing Agencies  Hospitals  Doctor Offices  Nursing Homes   ​       Education     2012     Bachelor of Science  :   (Pre-Med) Foundations in Counseling    Samford University   －   City  ,   State  ,   U.S           2009       Pre- Nursing RN    Lawson State Community College   －   City  ,   State  ,   U.S           2003       Licensed Practical Nurse    Bessemer State Technical College   －   City  ,   State  ,   U.S            Experience     01/2017   to   09/2017     Licensed Practical Nurse- Step-down Unit    Company Name   －   City  ,   State       Recorded patients' medical history, vital statistics and test results in medical records.        Administered IV therapy and medications per MD orders                    Monitored post-op vitals, set up PCA, fluids, reviewed post-op orders and orient patients to unit.                           Developed and maintained quality care systems and standards, including but not limited to, creating and improving medical protocols/guidelines.                            Sound, ethical and independent decision-making ability consistent with medical protocols.                 Disciplined, energetic employee who quickly establishes rapport with patients and colleagues.                                       Performed all tasks with a patient-centered focus while seeking opportunities for improvement of processes and treatments.                                           Assisted patients with healing and recovery after surgery.                   01/2015   to   09/2017     License Practical Nurse    Company Name   －   City  ,   State     Travel nurse to different nursing homes and hospitals    Administered IV therapy and treadmill stress tests and ran nerve conduction tests in cardiac unit.      Delivered high-quality and compassionate treatment to indigent and low-income patient community.        Monitored post-op vitals, set up PCA, fluids, reviewed post-op orders and orient patients to unit.          Developed and maintained quality care systems and standards, including but not limited to, creating and improving medical protocols/guidelines.            Sound, ethical and independent decision-making ability consistent with medical protocols.              Disciplined, energetic employee who quickly establishes rapport with patients and colleagues.                Performed all tasks with a patient-centered focus while seeking opportunities for improvement of processes and treatments.                  Provided patient diagnosis under strict time constraints.                    Evaluated patients presenting with asthma, appendicitis and hernia.                      Provided education to patients on detox and withdrawal, medications, addiction, recovery, coping skills and community resources.                        Provided necessary health education training for patients.                          Acted as patient advocate and implemented total patient care through a team nursing process covering 8-10 high acuity patients per shift.                            Treated patients with strokes, head traumas, comas and intracranial hematomas.                              Managed caseload of 20 clients, providing education, treatments, IV therapy, venipuncture and wound care.                                Assisted patients with multiple chronic diagnoses including COPD and asthma.                                  Completed clinical rotations in Geriatrics.                                    Administered medications and assisted in diagnostic testing for HIV-positive patients.                                      Responsible for primary care, case management and medication management.                                        Evaluated patient care needs, prioritized treatment and maintained patient flow.                                          Accurately documented all elements of nursing assessment, treatments, medications, discharge instructions and follow-up care.                                          ​                            02/2015   to   01/2017     LPN- Woundcare Nurse    Company Name   －   City  ,   State      Achieved departmental goals and objectives by instituting new processes and standards for in-patient care.       Responsible for primary care, case management and medication management.        Evaluated patient care needs, prioritized treatment and maintained patient flow.          Sound, ethical and independent decision-making ability consistent with medical protocols.            Disciplined, energetic employee who quickly establishes rapport with patients and colleagues.                               Performed all tasks with a patient-centered focus while seeking opportunities for improvement of processes and treatments.                                   Assisted patients with healing and recovery after surgery.                                       Managed team of medical support personnel.                                           Provided patient diagnosis under strict time constraints.                                               Provided behavioral/emotional support and supervision for those with dementia and Alzheimer's.                                                   Managed caseload of 20 clients, providing education, treatments, IV therapy, venipuncture and wound care.                                                       Achieved departmental goals and objectives by instituting new processes and standards for in-patient care.                                                           Responsible for primary care, case management, wound care management and medication management.                              Evaluated patient care needs, prioritized treatment and maintained patient flow.                                                                   Accurately documented all elements of nursing assessment, treatments, medications, discharge instructions and follow-up care.                                                                       Coordinated with doctors and registered nurses to develop care plans for patients.                                                                           Often commended for maintaining the safety, respect and dignity of residents.                                                                               Organized, updated and maintained over 200 patient charts.                                                                                   Skillfully performed suture removals for patients of all ages.                                                                                       Maintained patient charts and confidential files.                              01/2012   to   02/2015     Correctional Nurse    Company Name   －   City  ,   State      Managed and treatment of patients in an correctional setting providing sick call daily and triage care.        Recorded patients' medical history, vital statistics and test results in medical records.       Administered IV therapy and mediation.        Delivered high-quality and compassionate treatment to indigent and low-income patient community.                       Developed and maintained quality care systems and standards, including but not limited to, creating and improving medical protocols/guidelines.                           Sound, ethical and independent decision-making ability consistent with medical protocols.                               Disciplined, energetic employee who quickly establishes rapport with patients and colleagues.                                   Performed all tasks with a patient-centered focus while seeking opportunities for improvement of processes and treatments.                                       Provided necessary health education training for patients.                                           Acted as patient advocate and implemented total patient care through a team nursing process covering (inmates) high acuity patients per shift.                      Provided quality nursing care in accordance with resident care policies and procedures.                                                   Worked as part of team to ensure proper care of body mechanics and safety of patient.                                                       Partnered with team of Registered Nurses to ensure over all well-being of all patients.                                                           Tested glucose and administered injections.                                                               Maintained patient charts and confidential files.                                                                   Assessed patients in active withdrawal and provided interventions to manage physical and psychological withdrawal symptoms.                                                       ",ontology normalization failure,Snippet unavailable
97169343,Manager,Chief Marketing Director,ontology normalization failure,Snippet unavailable
20748468,Executive,Junior Healthcare Administrator,ontology normalization failure,Snippet unavailable
87520378,Specialist,Chief Healthcare Administrator,ontology normalization failure,Snippet unavailable
57667857,Consultant,Chief Operations Specialist,ontology normalization failure,Snippet unavailable
93002334,Analyst,Chief HR Director,ontology normalization failure,Snippet unavailable
16852973,Manager,Chief HR Administrator,ontology normalization failure,Snippet unavailable
17422560,Professional,"         HR COORDINATOR           Summary    To obtain a challenging career in the human resource field where I can utilize my capabilities and experiences to achieve goals as well as my personal development.      Highlights         I have great knowledge of fax machines, printers, copiers, and computers.   I type about 45 wpm with a great accuracy I also have Microsoft Word, Excel Access and PowerPoint experience               Experience      HR Coordinator    February 2015   to   Current     Company Name   －   City  ,   State        Managed communication regarding employee orientation and open enrollment for benefits.  Offered consistent payroll disbursement with accurate record keeping of employee PTO and vacation accruals.      Explained human resources policies and procedures to all employees.  Conducted telephone and onsite exit interviews for all employees.  Answered employee questions during the entrance and exit interview processes.          Worked closely with HR business partners to facilitate year-end talent reviews and articulate team strengths.            Selected and interviewed candidates for all available positions.  Assessed employee performance and issued disciplinary notices.                Worked on 401(k) administration, FMLA and workers' compensation claims and benefits.                 Managed over  70  personnel files according to policy and federal and state law and regulations.                   Generated employee tracking reports each month.                      Managed communication regarding employee orientation and open enrollment for benefits.                        Organized employee schedules, department phone lists and business card orders.               Ran queries and reports through the ADP system.     Drafted department-specific employee announcements.     Created social media initiatives for new employee search strategies.     Completed all work with a 95% rate of accuracy.      Resolved personnel issues regarding human resources matters needing clarification, submissions and corrections.     Completed payroll processing from start to finish for more than  65  employees.     ​              ​                  Payroll/Staffing Coordinator    June 2012   to   Current     Company Name   －   City  ,   State      Maintains personal employment files Process payroll and set up E-time for employees Reconcile payroll journals and time cards Maintain and manage PTO balances Full On boarding function and recruiting duties Maintain OSHA logs and file workers compensation claims Employee relations liaison with client and supervisors Track and manage the credentials for an employee to maintain compliance Coordinate staffing needs to meet the organization's requirements Monitor overtime accumulation and attendance of employees Manage & facilitate the orientation process Provide facility tours and tests to candidates and newly hired employees Conduct competency checks on new and existing employees.          Tax Clerk/Secretary    August 2007   to   June 2012     Company Name   －   City  ,   State      Creates control logs Files documents and maps in appropriate sequence and location Maintains personal production records and submits as required.  Sets up informal review appointments for property owners Receptionist as needed  (answer phones, use of computers, copiers, printers, faxes, direct property owners in right direction, take messages, make appointment cards, and etc.) Utilizes multiple resources to determine correct mailing addresses when mail is returned from the Post Office.  Data entry.          General Appraisal/Data Entry Clerk    November 2006   to   July 2007     Company Name   －   City  ,   State      Routing (associates field cards with appropriate maps in rational sequence for field work Files documents and maps in appropriate sequence and location Maintains personal production records and submits as required.  Sets up informal review appointments for property owners Receptionist as needed  (answer phones, use of computers, copiers, printers, faxes, direct property owners in right direction, take messages, make appointment cards, and etc.) Utilizes multiple resources to determine correct mailing addresses when mail is returned from the Post Office.          Customer Service Rep    January 2005   to   January 2006     Company Name   －   City  ,   State      Received cash from customers and employees in payment for goods and services, and recorded amounts received.  Made change, cashed checks and issued receipts and tickets to customers.  Recorded amounts received and prepared reports of transactions.  Read and recorded totals shown on cash register tape and verified against cash on hand.  Counted cash and reconciled charge sales and cash receipts with total sales to verify accuracy of transactions.  Compiled reports, such as cash receipts, guest-bill charges and maintained high standards of excellence and sales.  Provided information regarding activities and location of departments, offices and employees within organization Answer phones, use of computers, copiers, printers, faxes as needed.          Education      AS   :   Business Management  ,   Present    Albany State Technical College          Business Management        Skills    cash receipts, cash handling, cash register, client, customer service, Data entry, direction, Employee relations, faxes, fax machines, hiring, inventory, mailing, Access, Excel, mail, Office, PowerPoint, Microsoft Word, payroll, Process payroll, copiers, printers, Read, Receptionist, recruiting, Routing, sales, scheduling, staffing, take messages, answer phones, phone, type, 50 wpm   ",ontology normalization failure,Snippet unavailable
10265057,Engineer,Chief Data Analyst,ontology normalization failure,Snippet unavailable
18067556,Manager,Chief Data Architect,ontology normalization failure,Snippet unavailable
52618188,Specialist,Chief Operations Analyst,ontology normalization failure,Snippet unavailable
40018190,Professional,"         IT SUPPORT TECHNICIAN       Education      Bachelor of Science     May 2014       William Woods University   City  ,   State       GPA:   GPA: 3.4     Management Information Systems GPA: 3.4         Summary     Experience in network/hardware/operating system troubleshooting, web page design, PC assembly, technical support,and customer service. Analytical Helpdesk technician adept at resolving complex issues. Critical thinker who addresses customer support issues quickly and who consistently exceeds performance standards.       Experience      IT Support Technician    12/2014   to   Current     Company Name   City  ,   State       Provide technical assistance and support for incoming queries and issues related to computer systems, software, and hardware.  Respond to queries either in person or over the phone.  Vast troubleshooting capabilities with IOS.  Train computer users  Maintain daily performance of computer systems.  Process an average of 15-20 inbound and outbound technical support calls daily           Network Assistant Intern   01/2014   to   05/2014     Company Name   City  ,   State       Assisted University network administrator with daily tasks including                 wireless, VDI, patchwork    Network infrastructure, hardware management, and server room operations.           Technology Assistant Intern    08/2013   to   05/2014     Company Name   City  ,   State        Maintained 489 page University website   Managed and completed daily work orders for University Help Desk  Attended weekly administrative technology meetings relating to technology problems/solutions.  Managed/deployed hardware and software to student body as well as faculty.          Projects      (Project Leader on all Projects)     Website Development~Business Communications~Advanced Web~Entrepreneurship~Database     Management~Project.Management~MIS Capstone~Systems Analysis     Designed multiple websites using WordPress and Expressions Web  Compiled and developed new accounting and financial tracking system to be used by small or medium firms  Worked with multiple clients to design and develop websites Converted desktop websites to mobile using various tools  Created documentation manual for business clients  Developed and administered Usability Tests for quality customer assurance.        Summary of Skills          Sharepoint  Cisco Telephony tools	  Bomgar	  Visio			  Que Monitoring       SAP  Active Directory  Mobileiron  HPSM  IOS            Activites      Captain- 4-years of collegiate basketball  Active member of S.W.A.T. (Student Website Advancement Team)  Active member of the IT Student Academic Advisory Council    Over 100 hours of community service - Secret Santa - Reading books at over 5 grade schools - Volunteered in over 5               summer camps - Participated in Salvation Army food drive -Yearly donator Good Will/ homeless shelters         Honors and Accomplishments       Trio Scholarship (1 of 2 awarded of over 500 students)                 LEAD Scholarship (Leading, Educating, Achieving, Developing)   Potential Award (Belief in continued growth, dedication, and  potential for future success)                                                                                                JUCO All-American  Male Athlete of the Year                                                                 Academic All-Conference  IC3 Internet and Computing Core Certification                             ",ontology normalization failure,Snippet unavailable
27536013,Manager,Chief Software Administrator,ontology normalization failure,Snippet unavailable
12635195,Professional,"    Objective    To obtain a position in the information technology, personnel development, or computer science field to help manage, develop, and support projects and individuals.           ADJUNCT INFORMATION TECHNOLOGY INSTRUCTOR       Experience      Adjunct Information Technology Instructor   01/2014   to   Current     Company Name   City  ,   State       Taught courses concerning the Python, Visual Basic, and C# programming languages.  Sat on CIT advisory board committee to improve and recruit students to the KCTCS CIT program.          Information Technology Instructor and School Technology Coordinator   11/2011   to   Current     Company Name   City  ,   State       Responsible for meeting the educational needs of high school students.Instructed classes concerning A+ certification, Cisco certification, web design, programming, game design, and help desk.  Taught programming courses concerning C#, Python, Java, and Javascript programming language, as well as taught various web frameworks.  STC support staff for CTE Unit to meet staff's technological needs including LMS support, teacher technology training, and maintaining school website.  Developed mobile applications with student body to meet district needs.  Supervisor of internally ran Help Desk, support ticket maintenance, and department head of technology troubleshooting for staff.            Geek Squad Agent   04/2007   to   09/2010     Company Name   City  ,   State        Set up, tested and configured networks, desktops, laptops and printers.     Coordinated hardware and software repair processes with outside vendors.        Trained  new employees in effective diagnostic and repair procedures.          Analyzed software, hardware and network systems for various transmission systems.        Configured and installed routers, switches and wireless controllers.            Education      Master of Science  :   Computer Information Systems   2015       Murray State University   City  ,   State       Project Management and Data Analysis Emphasis        Master of Arts  :   Education   2013       Murray State University   City  ,   State       Educational Technology Emphasis        Bachelor of Science  :   Education   2011       Murray State University   City  ,   State        Middle School Science and Social Studies Emphasis  GPA: 3.69         Information Technology Certifications      Comptia - Strata IT Fundamentals  Microsoft Technology Associate - Network Fundamentals  Microsoft Technology Associate - Windows O.S. Fundamentals  Microsoft Technology Associate - Software Development   Microsoft Technology Associate - Web Development         Skills      Google and Microsoft suite experience through coursework and classroom implementation.  Familiar with both the educational and information technology fields.  Experience in both project management and educating teachers on the use of technology in the classroom .         Awards / Recognition / Volunteer Work       Kentucky Colonel Award   HCHS Curriculum Committee - Vice Chair    Cum Laude - Murray State University					     May 2011      ",ontology normalization failure,Snippet unavailable
18436190,Manager,Chief Marketing Director,ontology normalization failure,Snippet unavailable
93828034,Director,Chief Marketing Specialist,ontology normalization failure,Snippet unavailable
11842274,Manager,Chief Marketing Consultant,ontology normalization failure,Snippet unavailable
21321598,Professional,"         APPLECARE CPU ADVISOR           Summary     My goal is to establish a rewarding career in customer service and data entry using my skills in excel proficiency and organization, while being collaborative with a team to serve consumers to provide a positive customer experience.       Highlights          Microsoft Office proficiency  Excellent communication skills  Microsoft Excel certified  Filing and data archiving      Time management  Customer service-oriented  Self-directed  Exceptional telephone etiquette            Accomplishments     Reduced technical escalations to management by 95% to only 2-3 per day.       Skills     Advertising, Budget Maintenance, Data Entry, Graphic Design,  Marketing, Office management, Research,  Phone Support       Experience      AppleCare CPU Advisor    July 2014   to   Current     Company Name   －   City  ,   State      Receive inbound calls to provide the customer an individualized experience educating the customer on how to use their Macintosh (Apple) products most efficiently.  Collaborate with customers to improve user experience with software and applications; Resolve technical and computer operating system issues.  Verified that information in the computer system was up-to-date and accurate using iLog/iDesk case-logging tools.  Identified and resolved system and account issues.  Worked with team to represent Apple positively and meet customer expectations.  Adhere and Comply with Apple's business conduct policy; maintain integrity, honesty and respect.          Acquisitions & Public Relations Coordinator    May 2014   to   Current     Company Name   －   City  ,   State      Conduct and organize research-relevant content for use on the YDM social media outlets for other means of marketing & advertising.  Contact small businesses and corporations in the Greater Charlotte area to inquire about their marketing needs and acquire sales for Your Design Market products and marketing services to build and establish a firm client base.  Eliminated outdated records by sending the records to be scanned.  Arrange and schedule appointments between the client and the graphics design team.  Host Your Design Market product launch parties introducing latest promotional deals to attain clientele.  Respond to business email inquiries.  Created monthly reports for records, closed terminated records and maintained a master list of clients and potential clients.  Organized billing and invoice data and prepared accounts receivable and expected revenue reports for CEO.  Write and mail response letters.          Hostess    March 2009   to   July 2009     Company Name   －   City  ,   State      Provided a warm and welcoming environment for guests.  Assisted diners with seating as needed  Worked with team members to encourage guest satisfaction.  Maintained a clean environment.  Maintained contact with kitchen staff, management, serving staff, and customers  Inspected dining and serving areas to ensure cleanliness and proper setup  Rectified guest complaints.  Planned out the seating chart and organized the reservations.          Education      B.S   :   Business   ,   Present    University of Phoenix    －   City  ,   State      GPA:   GPA: 3.0     Business GPA: 3.0         B.A   :   Communication Communication Media  ,   May 2007    Oakwood University   －   City  ,   State      GPA:   GPA: 3.0    Communication Communication Media GPA: 3.0        High School Diploma   :     2004    Vance High School                  Additional Information      Volunteer Endeavors: Pathfinders of the Seventh Day Adventist Church| August 1998-present  1801 Double Oaks Rd. Charlotte, NC 28206 & 827 Tom Hunter Rd, Charlotte, NC 28213  --Community Outreach, Soup Kitchen, Clothes Drive, Fundraising for non-profit organizations, Youth Leadership Development, and life skills enriching activities.     ",ontology normalization failure,Snippet unavailable
14381464,Professional,"         SALES ASSOCIATE       Summary    My goal is to become associated with a company where i can utilize my skills and gain further experience while enhancing the company's productivity and reputation.      Experience     12/2014   to   02/2015     Sales Associate    Company Name   －   City  ,   State      Manage store alone (3rd shift) Stock items/coolers thoroughly Clean parking lot Sweep/mop store.         05/2012   to   09/2012     Dishwasher/cook    Company Name   －   City  ,   State    Cooked and Cleaned working out of a Hawaiian food cart       01/2010   to   05/2015     Landscaper    Company Name   －   City  ,   State      Customer service Worked as Landscaper in Preston's Tree Service from Jan 2010 to May 2015 Role :Concrete/Pavements Roofing Yard maintenance Trim and cut trees Pressure wash.          Education     2013     Diploma      David Douglas High School          3.0        Skills    Excellent Customer service, Customer service, Works, Fast learner, Roofing   ",ontology normalization failure,Snippet unavailable
33578873,Professional,"         SALES       Summary    I am looking for a career position with a company that I can be rewarded by my desire to succeed.  I am a self starter and motivated to do my best.  I am comfortable doing what it takes to create new business and have an excellent history of retaining current business.      Skills      Self Starter  Motivated   Client Relations    Success Driven         Experience      Sales   12/2015   to   Current     Company Name   City  ,   State       Sales of phones, plans, home security and satellite in a retail environment  Meet quotos monthly for add-on orders and upselling  Cross selling customers to switch to our company for other services that they did not come in store for  Assist customers with determining the best products and plan for their needs in fast paced work environment  Maintain customer satisfaction by providing great customer service          Insurance Sales   03/2015   to   12/2015     Company Name   City  ,   State       Insurance sales  Contacted customers to set up in home appointment to offer mortgage, life and final expense protection  Interviewed customers to see determine which Company, plan and amount best fit their needs  Cold call customers that responded to ads          Sales   01/2011   to   03/2015     Company Name   City  ,   State       Provided sales support to retail customers  Increased sales with knowledge of merchandise and sales techniques   Created additional revenue with add on sales of other merchandise  Advanced to management with opening and closing duties and training of new employees          Sales   04/2013   to   06/2015     Company Name   City  ,   State       Roofing sales position  Obtained customers who needed new roofs by cold calling  Created additional sales by asking for referrals          Education and Training      High School Diploma     2010       Edmond North High School   City  ,   State                 Business/Marketing   2012       Oklahoma Christian University   City  ,   State                 Business/Marketing   2011       Harding University   City  ,   State            ",ontology normalization failure,Snippet unavailable
29211919,Professional,"         SALES ASSOCIATE         Summary      Courteous and dependable sales accociate, skilled at balancing customer needs and company demands. Effectively builds loyalty and long-term relationships with customers while achieving all individual sales goals.         Highlights          65WPM   80-90% Accuracy   10 Key Calculator  Smart Phone and Tablets   Microsoft Windows 95/98/XP/Vista   MAC   Word, Excel, Publisher, Outlook, Internet Browsers (i.e., Internet Explorer, Fire-Fox, Google Chrome, etc.)      Superior communication skills  Dependability  Staff training and development  Superior organization skills  Interpersonal abilities  Initiative and problem-solver            Experience      Company Name    City  ,   State    Sales Associate   01/2015   to   10/2015       Actively acknowledged, greeted and assisted customers in the store.  Provided accurate product information.  Maintained working knowledge of stores policies and procedures.  Met and exceeded sales goals.  Assisted supervisors to identify and resolve issues in the store.  Trained new employees on company customer service policies and service level standards.          Company Name    City  ,   State    Personal Health Care Assistant   03/2011   to   02/2015       Daily job responsibility preformed through out the work shift include Clean, sanitize, and organize.  home to ensure a sterile and healthy environment for my client.  Prepare meals, attend to errands, provide.  transportation to and from health care provider.  Provide assistance with day to day hygienic needs.          Company Name    City  ,   State    Sales Associate/Key Cashier Lead   06/2010   to   01/2011       Daily job responsibility preformed through out the work shift include delegate daily duties for associates, opening and closing money tilts, counting and resetting money podium, evaluating associates performance, auditing tilts, ensuring associates completed daily work duties and tasks, delegating breaks.  Check and ensure associates quality of work is satisfactory and correct. Assisting with replenishing, cleaning, organizing, the store to ensure a functional and efficient operation.  Communicate with customers, associates, and other individuals to address questions or concerns.  Perform basic office duties such as complete and file reports and other paper work, answer and direct telephones calls and relay messages.          Company Name    City  ,   State    Explorer   06/2008   to   03/2011       Answered telephones, directed calls and took messages.  Compiled, copied, sorted, and filed records of office and other activities.  Operated office machines, such as photocopier, scanners, fax, voice mail systems and personal computers.  Computed, recorded, and proofread data and other information, such as records or reports.  Maintained and updated filing, inventory, mailing, and database systems, either manually or using a computer.  Opened, sorted and routed incoming mail, answered correspondence, and prepared outgoing mail.  Reviewed files, records, and other documents to obtain information to respond to requests.          Education      GED  :  General Education Studies   2011     Del Sol High School  ,   City  ,   State       General Education Studies         Personal Information     AREAS OF STRENGTH: Customer service oriented and able to interface effectively with all levels of administration and staff. Able to organize/prioritize work and take on responsibilities with little supervision. Self-motivated and able to work independently.       Skills      Time management  Leadership  Mathematics  Word processing     ",ontology normalization failure,Snippet unavailable
10464113,Executive,Chief Sales Manager,ontology normalization failure,Snippet unavailable
16511249,Manager,Chief Security Officer,ontology normalization failure,Snippet unavailable
28867567,Manager,Chief Sales Lead,ontology normalization failure,Snippet unavailable
37792474,Engineer,Chief Construction Manager,ontology normalization failure,Snippet unavailable
55104715,Manager,Chief Marketing Consultant,ontology normalization failure,Snippet unavailable
37402097,Professional,"         TEACHER       Summary    Highly motivated and hard working Medical Assistant with knowledge of technical and medical support and excellent communication skills seeking an opportunity to contribute to the daily duties and responsibilities in a clinical and administrative capacity. Clinical Skills- Medical Terminology, Anatomy and Physiology, positioning & draping patients in preparation for examinations, measuring/recording vital signs (blood pressure, temperature, pulse, respiration, height & weight,) administering oral medications & providing patient education, administering injections (IM, ID, Sub-Q, Z-track technique,) performing phlebotomy (Butterfly, Vaccutainer, Needle & Syringe, Capillary,) current Cardiopulmonary Resuscitation Certification, and cleaning & sterilizing examining rooms and equipment.  Administrative Skills- Customer service experience, proficient with Microsoft Office Suite and various operating systems, scheduling appointments for multiple Doctors with various software applications, knowledge of ICD-9 and CPT billing & coding procedures, handling co-payments & verifying insurance, inputting patient information into patient files, competent with standard office equipment & procedures, and excellent interpersonal communication skills-verbal and written.        Experience     01/2013       Teacher    Company Name   －   City  ,   State      Taught Letters, Numbers, and Arts and Crfts to 3 and 4 year olds.  Monitored children during general classroom periods such as lunch and nap times.  Cleaned all areas of the classroom at the end of the day.         01/2012       Medical Assistant    Company Name   －   City  ,   State      Measured and Recorded vitals, Assisted Doctor with examinations, Administered injections, Cleaned and sterilized equipment, and performed light front office duties, Documented patient information with portable computers and EMR software, and Provided patient education.         01/2011       Medical Assistant    Company Name   －   City  ,   State      externship Measured & Recorded Vitals, Performed range-of-motion exercises, Administered ultra-sound exams, prepared examination rooms, and provided excellent patient care.          Education and Training     2012     Clinical Medical Assistant      South West Schools   －   City  ,   State      Program consisted of approximately 800 hours of training, over a nine-month period, during which time clinical and medical hands-on skills were learned and practiced including Medical Terminology and Anatomy & Physiology.       2010     High School Diploma      Holy Cross High School   －   City  ,   State              Skills    Anatomy, Arts, EMR software, front office, injections, Letters, Medical Terminology, patient care, Physiology, ultra-sound     ",ontology normalization failure,Snippet unavailable
38750659,Specialist,Chief Operations Administrator,ontology normalization failure,Snippet unavailable
27531694,Manager,Chief Sales Lead,ontology normalization failure,Snippet unavailable
27080812,Officer,Chief Marketing Manager,ontology normalization failure,Snippet unavailable
29930479,Professional,"         SCIENCE TEACHER       Summary     Dedicated Teacher adept at challenging students to reach their full potential. Ensures that every student is progressing and is held to high expectations.       Highlights         Skills:    Computer Proficiency in Microsoft word Excel, and Power point  Lesson planning expertise        Tutoring experience  Standardized testing  IEP familiarity            Experience     09/2005   to   Current     Science Teacher    Company Name   －   City  ,   State      7th and 8th Grade  Implemented 8th grade curriculum through various methods and techniques that reflect the CCSS  Created a learning environment that enabled students to take risks and comfortably express their ideas  Explored, and implemented, various forms of differentiated instruction  Included Smart board elements, PowerPoint presentations, and various media in every lesson, in order to model technology driven instruction         09/2004   to   09/2005     Substitute Teacher K-6    Company Name   －   City  ,   State     Implemented curriculum for children following teachers plans  Assigned lessons and corrected homework.  Encouraged students to be understanding with others.        09/2003   to   11/2003     Teacher Assistant    Company Name   －   City  ,   State      Implemented group literacy lessons  Assisted students in their deficient areas         09/1996   to   01/2003     Special Education Teacher    Company Name   －   City  ,   State      Assisted head teacher in planning Curriculum  Developed individualized lesson plans to meet Students with IEP goals  Maintained daily records regarding children's developmental progress          Education          Masters of Science  :   Education & Special Education    Touro College   －   City  ,   State  ,   US    Masters of Science in Education & Special Education Touro College, Bayshore, New York June 2006            Bachelor of Science  :   Early Childhood Education    City College   －   City  ,   State  ,   US    Bachelor of Science in Early Childhood Education City College, New York, New York September 2003        Certifications     1. New York State Permanent Teacher Certification N-6   2. New York City Permanent Certificate in Teaching N-6 Certified Mentor - 2014-Present       Affiliations     •Field trip Coordinator  2007- Present  •Urban Advantage teacher (Science Program)  2013- present  •Stem Coordinator 2014-Present affiliated through NYU University  •Certified Mentor – 2014-Present  •Stem Point coordinator for District 13 Science Fair  2014        Skills     Computer Proficiency in Microsoft word, Excel, and Power point          ",ontology normalization failure,Snippet unavailable
46260230,Specialist,Chief Operations Analyst,ontology normalization failure,Snippet unavailable
29161565,Professional,Chief Energy Engineer,ontology normalization failure,Snippet unavailable
29494962,Executive,Chief Finance Manager,ontology normalization failure,Snippet unavailable
