tree
version=v4
num_class=1
num_tree_per_iteration=1
label_index=0
max_feature_idx=10
objective=lambdarank
feature_names=semantic_sim bm25_score title_similarity skill_coverage seniority_alignment anti_skill_penalty keyword_stuffing_risk quality_score hireability_score startup_readiness_score behavioral_reliability_score
monotone_constraints=0 0 0 0 0 -1 0 0 0 0 0
feature_infos=[1.0658022425724667e-07:0.91416937188163949] [0.00036842578988837809:0.83178088832691044] [0:1] [0:1] [0:1] [0:1] [0:1] [0.23999999999999999:2.7869999999999999] [0.020037018372795895:0.81027234285809302] [0:1] [0:1]
tree_sizes=3544 3535 3586 3556 3618 3585 3619 3579 3567 3544 3543 3548 3562 3540 3577 3608 3551 3535 3549 3572 3590 3586 3592 3566 3603 3575 3557 3591 3620 3608 3564 3584 3579 3583 3518 3597 3585 3595 3551 3555 3572 3565 3616 3580 3612 3612 3574 3585 3532 3614 3558 3627 3536 3588 3582 3606 3573 3638 3559 3573 3569 3636 3556 3623 3601 3592 3631 3612 3600 3564 3566 3636 3632 3633 3623 3583 3564 3586 3666 3589 3640 3600 3604 3615 3598 3596 3603 3585 3609 3673 3585 3641 3620 3607 3576 3667 3601 3638 3608 3604

Tree=0
num_leaves=31
num_cat=0
split_feature=2 10 1 1 1 7 9 8 9 4 8 4 10 7 9 4 8 9 4 4 8 8 8 8 4 8 10 10 9 7
split_gain=7.00775 5.35901 3.08075 2.40835 2.95468 2.20229 1.57857 1.57184 0.670602 0.490183 1.09675 0.412513 0.400646 0.719585 0.374682 0.341449 0.339826 0.33334 0.289543 0.390665 0.279053 0.202635 0.178627 0.219887 0.145173 0.101905 0.100675 0.228274 0.0894451 0.0842546
threshold=1.0000000180025095e-35 0.75509259259259276 0.11970023372658654 0.048229683783822148 0.28998738168104893 1.2555000000000003 1.0000000180025095e-35 0.24748477445013023 1.0000000180025095e-35 0.40416666666666679 0.3500009216261904 0.70416666666666672 0.56706349206349216 1.7665000000000002 1.0000000180025095e-35 0.76250000000000018 0.25248477445013023 1.0000000180025095e-35 0.44583333333333336 0.84583333333333344 0.39248477445013025 0.38038940265989324 0.44000092162619042 0.21748477445013023 0.9208333333333335 0.57501943081258833 0.6615740740740742 0.5493055555555556 1.0000000180025095e-35 1.4765000000000004
decision_type=2 2 2 2 2 2 2 2 2 2 2 2 2 2 2 2 2 2 2 2 2 2 2 2 2 2 2 2 2 2
left_child=1 2 12 11 5 8 21 17 -5 -7 16 -3 -1 25 -9 29 -11 -4 -10 22 -12 -6 23 -20 -17 -14 27 -19 -18 -16
right_child=-2 3 7 4 6 9 -8 14 18 10 20 -13 13 -15 15 24 28 26 19 -21 -22 -23 -24 -25 -26 -27 -28 -29 -30 -31
leaf_value=-0.096154389342412411 0.091768410488663729 -0.073824004936796667 -0.099754276630899738 -0.099471534595247699 -0.090595603053382323 -0.03666768121569252 0.083172214808421296 -0.089751884206917765 -0.042450926894496789 -0.033904489266324229 0.057512510859907898 -0.018420197632933104 -0.076145724637654399 0.013082780935307138 -0.015874585573957472 0.019087108338547126 -0.096322443412216324 -0.078911893686025886 -0.065802991283190018 0.017371408994346176 0.025676431013161635 0.018013793488559329 0.017365191572202426 -0.018774717068826087 0.052551510375157012 -0.014419158575056865 -0.015886598908060955 -0.0087014058040728124 0.027899782084585691 0.021448034479421285
leaf_weight=1.5028044891514647 1.8876359956266231 0.80352717577625188 0.3325413584097987 0.27637425542343796 0.15247630100930143 0.27276958298898524 2.0689981083924067 0.081820506420627104 0.89021396802854225 0.64917736491406663 2.1498547902992873 0.57738198079096037 1.7308973771068852 0.27495656798419066 0.59624657403037451 0.67578658099228028 0.015019383710750844 0.31832590488920709 0.35237883868103403 0.8763213889178586 1.0124783348583148 0.059784367549582385 0.21002715737267852 0.84358590492411167 0.62272048691374948 0.069550626598356646 0.27888657217044965 0.18193537323531928 0.4119007217741455 0.20259203536988935
leaf_count=3384 1043 1842 249 482 130 1174 2354 307 2428 1708 602 1728 5576 672 1809 1471 86 655 1124 2077 1679 56 769 1907 870 287 1001 809 1104 617
internal_value=8.63992e-09 -0.00936791 -0.0443806 0.0113255 0.0196832 0.00530601 0.0698502 -0.00946428 -0.0247723 0.0283015 0.0324827 -0.0506587 -0.0764928 -0.0622559 0.0152169 0.0193119 -0.0111187 -0.0578451 -0.0182649 -0.0088312 0.0473196 -0.0600052 -0.0251627 -0.0326311 0.0351355 -0.0737613 -0.0399582 -0.0533777 0.0235295 -0.00640926
internal_weight=20.379 18.4913 6.86906 11.6223 10.2414 7.9601 2.28126 3.29086 3.4489 4.5112 4.23843 1.38091 3.57821 2.0754 2.17917 2.09735 1.0761 1.11169 3.17253 2.28231 3.16233 0.212261 1.40599 1.19596 1.29851 1.80045 0.779148 0.500261 0.42692 0.798839
internal_count=40000 38957 17707 21250 17680 15140 2540 7788 8787 6353 5179 3570 9919 6535 5074 4767 2898 2714 8305 5877 2281 186 3800 3031 2341 5863 2465 1464 1190 2426
is_linear=0
shrinkage=0.05


Tree=1
num_leaves=31
num_cat=0
split_feature=2 5 8 9 0 5 1 7 4 5 4 9 0 0 0 4 0 7 0 4 7 7 9 4 0 0 0 0 4 8
split_gain=36.2935 9.99188 7.59758 3.15721 1.99872 1.40736 1.16533 1.63752 2.84542 0.698587 0.375187 0.208473 0.20159 0.119904 0.206605 0.115315 0.166744 0.0956044 0.0682625 0.0680635 0.0950599 0.198067 0.0768239 0.0562898 0.104893 0.0427735 0.0426416 0.0376839 0.0343423 0.034303
threshold=1.0000000180025095e-35 1.0000000180025095e-35 0.3403894026598932 1.0000000180025095e-35 0.13732735793063547 1.0000000180025095e-35 0.070280851316100512 0.84550000000000014 0.85416666666666685 1.0000000180025095e-35 0.47083333333333333 1.0000000180025095e-35 0.65573902268793383 0.021139654856638372 0.006229579995142843 0.60416666666666685 0.034899158251047786 1.3675000000000002 0.15251287845071146 0.32083333333333336 0.79350000000000009 1.2405000000000002 1.0000000180025095e-35 0.7875000000000002 0.032132319418368957 0.29971252105491192 0.015246198793278081 0.12662608962697103 0.57916666666666672 0.27038940265989325
decision_type=2 2 2 2 8 2 2 2 2 2 2 2 8 10 10 2 10 2 10 2 2 2 2 2 10 8 10 10 2 2
left_child=1 2 -1 -2 5 -5 19 -8 10 12 -9 -12 17 14 -10 25 -17 -6 -15 -4 -21 -22 -23 24 -24 -13 -25 -27 -3 -30
right_child=3 28 6 4 9 -7 7 8 13 -11 11 15 -14 18 -16 16 -18 -19 -20 20 21 22 23 26 -26 27 -28 -29 29 -31
leaf_value=-0.052213100706943495 -0.041138214631368124 -0.095330957556510984 -0.052213100706943495 0.040439530323223498 0.080052832876812127 -0.082680672922633508 -0.052213100706943495 -0.052213100706943495 -0.020559928314930902 0.042179119988919468 -0.052213100706943495 0.034023197021246586 0.067522928082182493 0.080334807048951087 0.066396923129795504 0.019395328508593213 -0.023674772350657736 0.091642790626117701 0.062930374726278673 -0.052213100706943495 -0.052213100706943495 -0.052213100706943495 -0.04338307831308031 -0.010642293733116242 0.011939791855595678 -0.045941901510998612 0.036657382796575627 0.022454840068893232 -0.094190618858887798 -0.085422809946341535
leaf_weight=3.8990252968505974 0.70576255343621497 2.2470092469156944 0.062303040831466094 2.3100252564181587 3.4198882624914377 0.25803289003670205 0.45107886597543245 0.39206355468922982 0.093001122804708181 1.2360902379150509 0.06392117356881466 0.3967364911804907 1.8407987907412469 1.6864181146956982 0.257272831411683 0.42913200720067834 0.47175949701340869 3.7091325475485064 0.8460069589636986 0.0957587297889404 0.21496972374734469 0.027279945745249279 0.14661033453739947 0.070563290071731899 0.20616247920406749 0.033937743559363298 0.14673598898662021 0.049527834016771521 1.5738760127642306 3.830774775815371
leaf_count=12527 69 5615 242 237 242 62 1332 1103 212 136 188 436 106 462 99 608 1185 191 530 345 795 62 457 190 132 85 210 78 4621 7443
internal_value=2.87103e-08 -0.0470931 -0.0142903 0.061809 0.0674968 0.0280687 0.0215708 0.0310061 0.0397362 0.0774179 -0.00889536 0.00287452 0.082274 0.070728 0.043309 0.00738949 -0.0031587 0.0860829 0.0745205 -0.028707 -0.0243235 -0.0181238 -0.00312937 0.00127902 -0.0110521 0.0271786 0.0212978 -0.0053558 -0.0901359 -0.0879761
internal_weight=31.1717 17.6919 10.0403 13.4797 12.774 2.56806 6.14124 5.17086 4.71978 10.2059 1.83708 1.44501 8.96982 2.8827 0.350274 1.38109 0.900892 7.12902 2.53243 0.970384 0.90808 0.812322 0.597352 0.570072 0.352773 0.480202 0.217299 0.0834656 7.65166 5.40465
internal_count=40000 38957 21278 1043 974 299 8751 6318 4986 675 3683 2580 539 1303 311 2392 1793 433 992 2433 2191 1846 1051 989 589 599 400 163 17679 12064
is_linear=0
shrinkage=0.05


Tree=2
num_leaves=31
num_cat=0
split_feature=2 5 4 8 0 8 1 8 8 8 0 0 8 1 1 8 0 0 1 4 8 9 8 8 1 9 9 9 0 9
split_gain=46.6115 5.58136 11.3629 5.53335 3.83509 2.75636 0.819682 0.495154 0.312513 0.202956 0.199537 0.325889 0.0671745 0.0305996 0.0282108 0.0246053 0.0052545 0.112852 0.000710684 0.000600186 0.000512135 0.000325553 0.00019566 0.000191064 0.0001555 0.000131529 0.00011715 5.44063e-05 3.73831e-05 2.8625e-05
threshold=1.0000000180025095e-35 1.0000000180025095e-35 0.82916666666666672 0.35038940265989321 0.045566629551266592 0.40461388097663503 0.21535004450570269 0.62001943081258837 0.46748477445013026 0.22248477445013023 0.25594613630988156 0.036625541121341816 0.34538940265989321 0.13669415723251663 0.29616981167814943 0.26500092162619043 0.14903427242723247 0.13148040216811832 0.2868877407726374 0.37916666666666671 0.32000092162619037 1.0000000180025095e-35 0.28500092162619045 0.36038940265989322 0.098535193988705486 1.0000000180025095e-35 1.0000000180025095e-35 1.0000000180025095e-35 0.27060925364307303 1.0000000180025095e-35
decision_type=2 2 2 2 10 2 2 2 2 2 8 10 2 2 2 2 8 10 2 2 2 2 2 2 2 2 2 2 8 2
left_child=1 2 -1 -4 13 -5 9 8 10 -6 11 -7 15 23 -15 -8 17 -10 19 -3 22 -20 26 28 29 -26 -21 -24 -2 -22
right_child=4 18 3 5 6 7 12 -9 16 -11 -12 -13 -14 14 -16 -17 -18 -19 21 20 24 -23 27 -25 25 -27 -28 -29 -30 -31
leaf_value=-0.059192522591658261 -0.096270367974216273 -0.086404663926292147 -0.059192522591658261 0.065692103658325604 0.014457644499142303 -0.059192522591658261 0.074057025007228786 0.047553469042267163 -0.059192522591658261 0.055379855921065202 -0.059192522591658261 0.031186522858705046 0.085779408961808856 -0.084968784584543336 -0.02329468085585196 0.082151740347687408 -0.059192522591658261 -0.0038838666137022077 -0.085441957823757422 -0.085782653941180162 -0.08720446986433128 -0.089681045651739857 -0.085953868080873019 -0.093839544270965136 -0.086730697034094473 -0.088930628144797838 -0.087291083273267456 -0.088455387191740315 -0.09785921149193591 -0.08809259732012327
leaf_weight=5.4575333297270863 0.14768196651130239 0.76701700294506636 1.4375657597902316 3.6598951076848607 0.37567483191378315 0.080731789319542946 2.2039549590117518 0.21485266525269253 0.21500099047261756 1.5659424142977512 0.076079300364654046 0.32141369488090277 6.7922014694995596 0.046366155278519727 0.030897630291292444 1.6353802813391665 0.20503561358782463 0.099150020789238624 0.048647075003827922 0.13787657357170302 0.097658740647602715 0.65661838328014699 0.022874242713442072 0.085596870791050605 0.072153831511968636 1.1640886870300162 1.9372427027556114 0.43684557420783665 0.049406962061766535 1.2781527726037896
leaf_count=15201 161 2221 3633 766 74 185 133 127 513 159 170 163 201 45 44 87 444 76 164 423 266 1753 70 106 212 2932 5289 1087 33 3262
internal_value=-9.92061e-08 -0.0511579 -0.0304967 0.0185108 0.0727287 0.0440479 0.0773355 -0.0212972 -0.0361283 0.047462 -0.00681704 0.00790897 0.0827913 -0.0881905 -0.0603054 0.077505 -0.0591925 -0.0509828 -0.0878884 -0.0877095 -0.0879039 -0.0893886 -0.0873976 -0.095812 -0.0883952 -0.0888022 -0.0871909 -0.0883309 -0.0966687 -0.0880296
internal_weight=31.3195 18.3864 11.7673 6.30972 12.9331 4.87216 12.5732 1.21226 0.997411 1.94162 0.478225 0.402145 10.6315 0.35995 0.0772638 3.83934 0.519187 0.314151 6.61918 5.91391 5.14689 0.705265 2.53484 0.282686 2.61205 1.23624 2.07512 0.45972 0.197089 1.37581
internal_count=40000 38957 21278 6077 1043 2444 654 1678 1551 233 518 348 421 389 89 220 1033 589 17679 15762 13541 1917 6869 300 6672 3144 5712 1157 194 3528
is_linear=0
shrinkage=0.05


Tree=3
num_leaves=31
num_cat=0
split_feature=2 4 8 10 0 10 8 8 0 8 1 3 0 0 3 10 10 10 0 0 0 8 8 10 0 8 10 8 8 3
split_gain=44.4493 4.85176 2.9121 2.73364 1.30704 1.11389 1.15375 1.43238 1.6404 0.970808 0.400446 0.168036 0.128611 0.08361 0.0516704 0.045707 0.0386667 0.0395347 0.0295767 0.0162648 0.0383171 0.0653388 0.0072006 0.00615919 0.0100383 0.0018395 0.00109356 0.000545259 0.000511004 0.000488043
threshold=1.0000000180025095e-35 0.68750000000000011 0.25500092162619042 0.99189814814814814 0.011008242761336797 0.63657407407407418 0.19461388097663504 0.28961388097663504 0.014546297891904371 0.35961388097663499 0.10688812932843221 1.0000000180025095e-35 0.4137942903508775 0.1324731915541017 0.37500000000000006 0.64087301587301604 0.81365740740740755 0.7562500000000002 0.021139654856638372 0.020086770039690144 0.16551047597537946 0.32248477445013024 0.33001943081258839 0.53287037037037044 0.14718429674892555 0.5894777095475886 0.80324074074074081 0.56461388097663512 0.28038940265989326 0.37500000000000006
decision_type=2 2 2 2 10 2 2 2 10 2 2 2 8 8 2 2 2 2 10 10 10 2 2 2 10 2 2 2 2 2
left_child=1 27 14 5 -5 19 -7 -8 25 -10 -6 16 18 -12 23 -13 17 -4 -11 -3 21 -21 -23 -2 -25 -9 -26 29 -22 -1
right_child=2 3 11 4 10 6 7 8 9 12 13 15 -14 -15 -16 -17 -18 -19 -20 20 28 22 -24 24 26 -27 -28 -29 -30 -31
leaf_value=-0.082403536713230141 -0.096643847664156166 -0.082348875762546986 0.059969252782477112 -0.078835274500952013 0.038016188739334926 -0.082531519894504149 -0.082518541132722903 -0.081835502099155105 -0.054675520719964538 -0.0049910217647595118 0.018668695172132693 0.073257278131708917 -0.075279936743793907 -0.010275050147400757 -0.021721889978720425 0.082117078804751817 0.073258199278768477 0.073652049469768999 0.01400302724070082 -0.08179379939124197 -0.081914928424205696 -0.082311921064740765 -0.054893414829260738 -0.091188754969097424 -0.073919537854153755 -0.072426011186985245 -0.064474692988805107 -0.080371638467525985 -0.085181512114853156 -0.080077769585864114
leaf_weight=6.3463026063764145 0.06524358564638788 0.61137056241568499 1.8369206465285954 0.36185709969140534 1.6366315889608816 1.0222556506705585 0.89488181000342581 0.69090167414105952 0.67257798190985374 0.22056955996959082 0.37270573322894018 1.9165025466136283 0.042140356985328142 0.7548499693220948 0.03888510955584934 6.0545006967295194 1.9315815677691714 0.74083185099152604 2.8948576454786235 0.4311725584848316 0.1947084397470461 0.025028190982993692 0.55345328286057338 0.097352000317187048 0.06938726908992976 0.056162810484238435 0.054893034423002973 0.37945751647202985 0.31087334411131451 0.23387449627625745
leaf_count=16682 43 1589 200 963 1146 2700 2399 1776 1443 273 304 72 138 1235 48 175 196 44 2743 1133 582 65 995 163 53 154 49 1063 756 818
internal_value=5.01146e-08 -0.0491326 0.071771 -0.0295328 0.0105223 -0.0440572 -0.0337725 -0.0246637 -0.0133527 -0.000133147 0.02222 0.0756231 0.0114847 -0.000707895 -0.0758094 0.0799869 0.0679095 0.0639016 0.0126583 -0.0754649 -0.0726874 -0.0670609 -0.0560797 -0.0831408 -0.0791658 -0.0811281 -0.0697479 -0.0822146 -0.0839235 -0.0823209
internal_weight=31.5127 18.7066 12.8061 11.747 3.12604 8.62095 6.49435 5.47209 4.57721 3.83015 2.76419 12.4803 3.15757 1.12756 0.325761 7.971 4.50933 2.57775 3.11543 2.12661 1.51524 1.00965 0.578481 0.286876 0.221632 0.747064 0.12428 6.95963 0.505582 6.58018
internal_count=40000 38957 1043 20394 3648 16746 11626 8926 6527 4597 2685 687 3154 1539 356 247 440 244 3016 5120 3531 2193 1060 308 265 1930 102 18563 1338 17500
is_linear=0
shrinkage=0.05


Tree=4
num_leaves=31
num_cat=0
split_feature=2 5 4 1 0 8 0 9 8 4 8 1 1 8 1 9 9 0 0 9 8 8 1 0 1 1 1 0 9 1
split_gain=41.7785 4.40476 8.49993 3.52427 2.49924 3.18899 1.71258 0.69408 0.0213455 0.00103672 0.00102875 0.000806188 0.00047462 0.000341906 0.000159743 0.000140898 0.000136339 9.33518e-05 8.54486e-05 7.52958e-05 2.79889e-05 0.000318455 2.41688e-05 2.42508e-05 2.28694e-05 2.29471e-05 2.24207e-05 2.15368e-05 2.11692e-05 1.48347e-05
threshold=1.0000000180025095e-35 1.0000000180025095e-35 0.81250000000000011 0.18671025678162154 0.016388072586624065 0.27538940265989326 0.1737855485654973 1.0000000180025095e-35 0.58000092162619044 0.32916666666666666 0.2403894026598932 0.091663510670509582 0.12165349526980281 0.34248477445013026 0.25734779996333634 1.0000000180025095e-35 1.0000000180025095e-35 0.26363009219040506 0.00034372737927210742 1.0000000180025095e-35 0.45501943081258839 0.25248477445013023 0.086482121187335143 0.0089320440303101521 0.10620237736860838 0.095228104720190179 0.21332947527714954 0.37751718716576621 1.0000000180025095e-35 0.10551409701599825
decision_type=2 2 2 2 10 2 10 2 2 2 2 2 2 2 2 2 2 8 10 2 2 2 2 10 2 2 2 8 2 2
left_child=1 2 -1 11 -4 -6 7 -7 -5 14 19 20 -13 16 28 27 -12 24 -19 26 21 -2 23 -21 25 -17 29 -15 -3 -11
right_child=3 9 4 8 5 6 -8 -9 -10 10 13 12 -14 15 -16 17 -18 18 -20 22 -22 -23 -24 -25 -26 -27 -28 -29 -30 -31
leaf_value=-0.053447569841104547 -0.08311927231825382 -0.078070077008641325 -0.053447569841104547 0.072809630474812023 -0.053447569841104547 -0.053447569841104547 -0.053447569841104547 0.048247397900648303 0.07820348185757442 -0.077232228745671802 -0.07670443424709962 -0.088315429727165107 -0.093642903071539677 -0.078277099431171573 -0.078138909528722988 -0.079322476281290272 -0.078488937614097323 -0.078366596753913484 -0.07949238585982997 -0.077481185753149537 -0.088623035460444699 -0.089061253661267686 -0.077491074496132115 -0.078072096616795761 -0.079759237836374453 -0.07997787390636768 -0.075299865173772587 -0.077049924783700915 -0.07611645462057548 -0.076026368084017817
leaf_weight=5.4704684909720545 0.037048581725683927 0.014211085886927322 0.73920662973250717 10.339243695447292 0.70484084244253598 0.097440104203997069 0.29313493223253306 4.7316483022732427 2.2297773883765322 0.070420144504168891 0.11536040023202065 0.056665494601475075 0.15943053699811571 0.1491617233550645 0.12405444517207798 1.0126203320978677 1.4831241904903434 0.37777013349113975 0.30433835180883761 0.26871800835942838 0.024788986658677459 0.057615315512521192 1.0283001117786623 0.49066980532370508 0.7756446572166168 0.15384478014311742 0.032414756366051733 0.047023921040818095 0.57164296138216641 0.039987815980566666
leaf_count=14602 82 39 1974 524 1935 122 802 1843 40 185 310 95 163 369 320 2408 3678 965 794 699 49 90 2686 1244 1777 354 94 123 1523 111
internal_value=6.63146e-09 -0.0469642 -0.0285741 0.0694972 0.012661 0.0239928 0.0380875 0.0454153 0.0737665 -0.0783211 -0.0785237 -0.0904238 -0.0922459 -0.0789444 -0.076509 -0.0792755 -0.0783602 -0.0793721 -0.0788689 -0.0775608 -0.0871274 -0.0867357 -0.0776491 -0.077863 -0.0795488 -0.0794089 -0.076456 -0.077983 -0.0761638 -0.0767955
internal_weight=32.0006 19.096 12.0367 12.9046 6.56627 5.82706 5.12222 4.82909 12.569 7.05931 6.3494 0.335549 0.216096 4.41889 0.709908 2.8204 1.59848 2.62422 0.682108 1.93051 0.119453 0.0946639 1.78769 0.759388 1.94211 1.16647 0.142823 0.196186 0.585854 0.110408
internal_count=40000 38957 21278 1043 6676 4702 2767 1965 564 17679 15797 479 258 10778 1882 6790 3988 6298 1759 5019 221 172 4629 1943 4539 2762 390 492 1562 296
is_linear=0
shrinkage=0.05


Tree=5
num_leaves=31
num_cat=0
split_feature=2 4 10 5 3 8 8 5 10 9 9 8 8 8 10 10 3 10 10 8 10 10 1 10 10 8 9 10 9 9
split_gain=38.6082 6.59993 5.54851 3.33992 1.52663 1.09529 1.04897 0.891488 0.604031 0.502802 0.118189 1.27822 0.479671 0.0465744 0.0413065 0.110835 0.00945668 0.00106708 0.0521721 0.000792348 0.000854993 0.000912686 0.000617909 0.00051602 0.000489975 0.000520846 0.000445226 0.000192856 0.000133706 9.33047e-05
threshold=1.0000000180025095e-35 0.7875000000000002 0.94444444444444453 1.0000000180025095e-35 1.0000000180025095e-35 0.36748477445013022 0.2403894026598932 1.0000000180025095e-35 0.65039682539682553 1.0000000180025095e-35 1.0000000180025095e-35 0.33447770954758854 0.41538940265989327 0.5103894026598933 0.60486111111111118 0.7993055555555556 0.37500000000000006 0.90138888888888902 0.83055555555555571 0.53500092162619051 0.74490740740740746 0.96203703703703713 0.19614451651343051 0.92685185185185193 0.66041666666666676 0.35248477445013021 1.0000000180025095e-35 0.85300925925925941 1.0000000180025095e-35 1.0000000180025095e-35
decision_type=2 2 2 2 2 2 2 2 2 2 2 2 2 2 2 2 2 2 2 2 2 2 2 2 2 2 2 2 2 2
left_child=1 19 7 6 5 14 -4 8 -3 -8 -10 -12 -13 16 -2 -16 -6 18 -7 -1 -21 23 26 27 -9 29 -23 -22 -5 -26
right_child=4 2 3 28 13 17 9 24 10 -11 11 12 -14 -15 15 -17 -18 -19 -20 20 21 22 -24 -25 25 -27 -28 -29 -30 -31
leaf_value=-0.074747650647667543 -0.086689450870476192 -0.054152627916304888 -0.015255485553709695 -0.074601543711991652 0.067423877655170855 0.036573632260971621 -0.015255485553709695 -0.073697855811526033 -0.054152627916304888 0.057623052199987583 -0.054152627916304888 0.024035228832774473 -0.033763251310107316 0.075393444869038595 -0.021238055014702436 -0.082370894416101403 0.071849523630497014 0.041148069910217022 0.063279120338833539 -0.074917904295921892 -0.074949821405180403 -0.075741192551553677 -0.074144729987173627 -0.06847688480566537 -0.072023671406772086 -0.076447787332060327 -0.065094123697386611 -0.07213222109932331 -0.076918651051110343 -0.074642794032700896
leaf_weight=8.6798469233845026 0.07798897122120152 0.91929505726238714 0.2150991889448054 0.069668644369812682 3.3380830985624907 0.57018676607185603 0.088482807303081112 0.63837230460194438 0.10515303883585225 3.2642459869948648 0.7241209876965512 1.2235538967161117 0.50800004172742763 6.362855551244138 0.18340062535207835 0.12445498116358067 1.8907435013115899 0.2092004852493119 0.2692431263421895 0.36685200927968331 0.17779958606115542 0.01102510275086388 0.032969443935144227 0.050415195009918534 0.035558766452595814 0.62496018916135654 0.089744095952482894 0.092237337559708976 0.58533341831662244 0.77777211905049581
leaf_count=22531 87 2008 582 166 188 148 164 1647 239 1041 1961 670 872 70 143 213 97 72 25 969 482 26 111 148 100 1451 248 258 1343 1940
internal_value=-1.74193e-08 -0.0449275 -0.0160938 0.0271086 0.0664989 0.0178407 0.0461612 -0.048925 -0.0334546 0.053999 -0.0199198 -0.017514 0.00707842 0.0725204 -0.054186 -0.0459519 0.0690242 0.044343 0.0451393 -0.0746072 -0.0731226 -0.0716725 -0.068203 -0.0731205 -0.0748507 -0.0753623 -0.066259 -0.0739874 -0.0766722 -0.0745283
internal_weight=32.3067 19.2805 9.77962 4.22283 13.0262 1.43447 3.56783 5.55679 3.48012 3.35273 2.56083 2.45567 1.73155 11.5917 0.385845 0.307856 5.22883 1.04863 0.83943 9.50089 0.821043 0.454191 0.133739 0.320452 2.07666 1.43829 0.100769 0.270037 0.655002 0.813331
internal_count=40000 38957 14184 3296 1043 688 1787 10888 5750 1205 3742 3503 1542 355 443 356 285 245 173 24773 2242 1273 385 888 5138 3491 274 740 1509 2040
is_linear=0
shrinkage=0.05


Tree=6
num_leaves=31
num_cat=0
split_feature=5 1 4 7 0 7 0 9 9 7 3 4 3 1 0 7 9 9 9 0 0 0 3 9 7 7 0 0 7 0
split_gain=19.5393 14.04 2.29921 2.28404 1.60513 1.7281 0.545774 0.339612 0.305473 0.114266 0.0923681 0.000839295 0.000725988 0.000266101 0.000182329 0.000149326 0.000202744 0.000145269 0.000135659 8.59034e-05 7.37659e-05 0.000149239 7.10708e-05 6.82009e-05 5.03021e-05 1.76471e-05 2.78812e-05 3.94706e-05 1.61542e-05 1.44649e-05
threshold=1.0000000180025095e-35 0.19614451651343051 0.76250000000000018 1.1725000000000003 1.0000000180025095e-35 1.3085000000000002 0.39333880516797798 1.0000000180025095e-35 1.0000000180025095e-35 1.2845000000000002 0.37500000000000006 0.48750000000000004 1.0000000180025095e-35 0.23213300439591342 0.037718092021869369 1.3125000000000002 1.0000000180025095e-35 1.0000000180025095e-35 1.0000000180025095e-35 0.52228046351840651 0.41682868399788003 0.295047081542893 0.37500000000000006 1.0000000180025095e-35 1.3555000000000001 0.99950000000000017 0.029721498080937547 0.015246198793278081 1.0415000000000003 0.046906991918171305
decision_type=2 2 2 2 10 2 8 2 2 2 2 2 2 2 10 2 2 2 2 8 10 10 2 2 2 2 10 10 2 8
left_child=1 2 -1 -4 -3 8 7 -5 -6 -10 -7 22 13 18 28 16 -16 -15 24 25 21 -19 23 -2 29 -20 27 -27 -14 -13
right_child=11 4 3 6 5 10 -8 -9 9 -11 -12 12 14 17 15 -17 -18 20 19 -21 -22 -23 -24 -25 -26 26 -28 -29 -30 -31
leaf_value=-0.025557390186938568 -0.072228899673246416 -0.025557390186938568 -0.025557390186938568 -0.025557390186938568 -0.025557390186938568 0.060243887465972437 -0.025557390186938568 0.031352685980056416 0.024654970994571659 0.05413018990431695 0.069724399344912119 -0.070572857892418239 -0.071047097880342955 -0.070004835039865765 -0.071230337461750046 -0.072839812227398396 -0.074570839120062404 -0.072551597099944895 -0.071807347110592654 -0.071327477829677632 -0.075572025877110927 -0.074900479219277061 -0.072724793811957969 -0.070713627964241813 -0.071585172615462697 -0.07155923578793684 -0.072202171471064308 -0.07216755608059934 -0.072163319866786715 -0.069635564552778237
leaf_weight=3.8885246419376944 0.078337349725188354 0.30189070221467673 1.7714168075181076 0.097432842769194283 0.097061481763373592 6.9752279028898538 0.1866228266571851 4.2234508624133014 3.4094116073729333 0.36390218179167266 4.0673343988082706 0.11509775012382295 0.050796861469279864 0.034215288527775556 0.050447473215172067 0.30652605232535279 0.4559492929111002 0.25187988107791159 1.1392411568376704 0.6129128569154999 0.035631642502266914 0.09244279473205097 0.049141515060909913 1.4263748270459464 0.11288999553653412 0.54407883429667003 1.3013878076308172 0.5229568350041518 0.089563531353633152 0.064079467643750831
leaf_count=9600 202 911 3030 180 202 1625 496 2559 3014 134 353 290 134 88 128 773 1049 587 2742 1518 84 204 130 3642 268 1342 3064 1246 236 169
internal_value=-3.57381e-08 0.0207705 -0.0247195 0.00471777 0.0511695 0.0536593 0.0248767 0.0289333 0.0249097 0.0274976 0.0637359 -0.0718852 -0.0721626 -0.0719135 -0.0734235 -0.0737108 -0.0742381 -0.0731253 -0.0717998 -0.0718736 -0.0734063 -0.0731822 -0.0708536 -0.0707925 -0.0707585 -0.0719691 -0.0720468 -0.0718574 -0.0717594 -0.0702377
internal_weight=32.7162 25.3823 10.1674 6.27892 15.2148 14.9129 4.50751 4.32088 3.87038 3.77331 11.0426 7.33395 5.7801 4.82681 0.953283 0.812923 0.506397 0.41417 4.41264 4.12058 0.379954 0.344323 1.55385 1.50471 0.292067 3.50766 2.36842 1.06704 0.14036 0.179177
internal_count=40000 22104 15865 6265 6239 5328 3235 2739 3350 3148 1978 17896 13922 11602 2320 1950 1177 963 10639 9912 875 791 3974 3844 727 8394 5652 2588 370 459
is_linear=0
shrinkage=0.05


Tree=7
num_leaves=31
num_cat=0
split_feature=2 5 4 10 1 9 1 1 1 1 9 10 4 10 10 10 4 10 10 1 10 4 3 9 9 4 1 4 4 9
split_gain=35.2616 3.04177 4.21871 2.68646 0.821827 0.661589 0.293765 1.27891 0.179037 0.3612 0.0459284 0.0389515 0.00544305 0.00240656 0.00140998 0.000542011 0.000714094 0.000391008 0.00168689 0.000278786 0.000219914 0.000312914 7.71614e-05 5.80574e-05 3.28196e-05 3.28695e-05 2.74636e-05 3.76655e-05 0.000151836 4.17247e-05
threshold=1.0000000180025095e-35 1.0000000180025095e-35 0.72083333333333344 0.65648148148148155 0.088452955634402045 1.0000000180025095e-35 0.28998738168104893 0.14972336356428911 0.068828861651066511 0.0443453996346799 1.0000000180025095e-35 0.67526455026455035 0.5458333333333335 0.58159722222222232 0.93819444444444466 0.80324074074074081 0.25416666666666676 0.80555555555555569 0.76527777777777783 0.1116537435700146 0.53587962962962965 0.46250000000000002 1.0000000180025095e-35 1.0000000180025095e-35 1.0000000180025095e-35 0.5375000000000002 0.13518696612516598 0.50416666666666676 0.27083333333333337 1.0000000180025095e-35
decision_type=2 2 2 2 2 2 2 2 2 2 2 2 2 2 2 2 2 2 2 2 2 2 2 2 2 2 2 2 2 2
left_child=1 2 -1 -4 8 -6 7 -2 9 -5 -11 13 -9 -8 17 20 -17 18 -13 -18 21 -3 26 -21 -23 -26 27 28 -22 -29
right_child=6 15 3 4 5 -7 11 12 -10 10 -12 14 -14 -15 -16 16 19 -19 -20 23 22 24 -24 -25 25 -27 -28 29 -30 -31
leaf_value=-0.048311470258605563 -0.076982421262080533 -0.069824916568984832 -0.048311470258605563 -0.048311470258605563 -0.048311470258605563 0.023459285963722983 0.060555672908563056 0.054192811600513452 0.0006263773743569749 -0.048311470258605563 -0.0055437834322786305 0.067116986429973741 0.059544169744188094 0.064211154950996635 0.07060054230998758 -0.067112913014301431 -0.070036747938580432 0.069770857757445195 0.069960847220048403 -0.067823567210685262 -0.066557607017674755 -0.066275190526227185 -0.068081323383013093 -0.069136095104885026 -0.068222799771392173 -0.067227651499627963 -0.06850283132215404 -0.067822093653511259 -0.069006347756528294 -0.069057114498276381
leaf_weight=4.5443732104140535 0.18405630865163347 0.14738995680818279 1.3598316606676215 0.4300783670623789 0.20021851989440609 4.7737938392983779 1.1954890085762579 0.58110760856652666 0.78123368140950322 0.03132292802911274 0.78843137162039034 0.88781672695040503 2.6066699530820188 0.72226180757570535 3.682923481472244 0.31601515260990742 1.6618605070398191 1.90532260368127 1.2636139338792416 0.091193200700217747 0.083267507347046243 0.073022235243115574 0.45374313529464405 1.1069104172893274 0.10035898914793506 0.47908813213871326 0.61824391741538409 0.071857003145852194 0.2640340615180321 1.4168934338376844
leaf_count=11433 386 395 3022 968 406 3686 67 70 793 61 909 51 260 52 73 855 4028 61 23 238 226 208 1254 2871 271 1301 1557 189 692 3594
internal_value=9.77917e-09 -0.0420473 -0.027734 -0.00455868 0.0086505 0.0195942 0.0638754 0.0511694 -0.0181501 -0.0298868 -0.0080732 0.0683116 0.0585687 0.0619324 0.0698923 -0.068889 -0.0693684 0.0692492 0.0687873 -0.0696176 -0.0684784 -0.0677442 -0.0686803 -0.0690362 -0.0672741 -0.0674 -0.0687911 -0.0688881 -0.0684192 -0.0689975
internal_weight=32.8224 19.7932 12.9093 8.36491 7.00508 4.97401 13.0293 3.37183 2.03107 1.24983 0.819754 9.65743 3.18778 1.91775 7.73968 6.88388 3.17598 4.05675 2.15143 2.85996 3.7079 0.799859 2.90804 1.1981 0.652469 0.579447 2.4543 1.83605 0.347302 1.48875
internal_count=40000 38957 21278 9845 6823 4092 1043 716 2731 1938 970 327 330 119 208 17679 7992 135 74 7137 9687 2175 7512 3109 1780 1572 6258 4701 918 3783
is_linear=0
shrinkage=0.05


Tree=8
num_leaves=31
num_cat=0
split_feature=2 7 7 8 8 3 1 8 0 4 0 9 4 4 3 4 8 8 0 1 0 0 7 4 1 8 0 0 9 0
split_gain=33.2207 2.03784 2.8328 2.48836 1.99431 1.35902 1.27467 0.69781 0.609612 3.84667 0.225922 0.0613129 0.313271 0.0272189 0.0195555 0.0135494 0.0327335 0.045114 0.110718 0.036164 0.0362855 0.0150634 0.00947063 0.00722904 0.0189275 0.0155422 0.117618 0.00324053 0.00118749 0.000822125
threshold=1.0000000180025095e-35 0.98450000000000015 1.2755000000000003 0.2403894026598932 0.31038940265989318 1.0000000180025095e-35 0.086482121187335143 0.34748477445013021 0.035918687637239891 0.87916666666666676 0.0085202337298385857 1.0000000180025095e-35 0.62916666666666676 0.40416666666666679 0.37500000000000006 0.72083333333333344 0.31500092162619037 0.36538940265989323 0.037718092021869369 0.17383098728630639 0.27060925364307303 0.14271290926353372 0.91450000000000009 0.72083333333333344 0.10344008963361294 0.26538940265989325 0.047226149736941989 0.2691774460710798 1.0000000180025095e-35 0.39026900036705375
decision_type=2 2 2 2 2 2 2 2 8 2 10 2 2 2 2 2 2 2 8 2 8 10 2 2 2 2 8 8 2 8
left_child=1 22 15 -4 -5 7 10 -2 -8 27 -6 -12 -13 -9 -7 -3 -17 18 -18 -19 21 -21 -1 -24 -25 -26 -27 28 -10 -29
right_child=5 2 3 4 6 14 8 13 9 -11 11 12 -14 -15 -16 16 17 19 -20 20 -22 -23 23 24 25 26 -28 29 -30 -31
leaf_value=-0.068560221564523335 -0.075447000716174425 -0.067582156239807165 -0.067948968203510401 -0.068363493712280912 -0.065679658680742242 0.063601757462405276 0.041160826014914123 0.044749354291964277 -0.069074195184247372 0.042450556161505025 -0.069859508027546577 -0.067301328502611432 -0.0073398929717265159 0.021376028745086911 0.067663942162266219 -0.068697457429436101 -0.017281488922524499 -0.070471634896736662 -0.071377473435654704 -0.069125574378993068 -0.070247883688328433 -0.026698862671364135 -0.067666241431396934 -0.069930204255929038 -0.068202541378431389 0.0094419119553102865 -0.071166599065637978 -0.069401140437242451 -0.061161355040118021 -0.065231817563402641
leaf_weight=4.288410310849943 0.22102685569188807 2.187651843247294 1.9271804513246014 1.0761383712379009 0.39865452246158373 5.0140481227863329 1.7162712380086302 0.16842852788249729 0.050587831996382393 2.4324675918924186 0.065883143106475139 0.27847364007902808 1.0002546253235776 0.47819910537509713 7.2417112820949114 1.0027638834708343 0.2050643409747861 0.5476707349444041 0.17556670032354305 0.024669080637977459 0.11090266629071266 0.13770179415587336 0.44872223836136971 0.22052169870585203 0.085628070068196394 0.069946004790836014 0.12818734619213501 0.185731876474165 0.75566748701385122 0.32535023616583203
leaf_count=10459 408 5662 4889 2702 1025 229 813 37 110 1041 142 726 1183 243 126 2426 258 1186 403 46 292 185 1156 509 219 56 290 512 1688 979
internal_value=6.1837e-09 -0.0408135 -0.0312152 -0.0167743 -0.00487123 0.0617208 0.00460626 0.00124848 0.0164794 0.00518279 -0.0326224 -0.0228214 -0.0203979 0.0274641 0.066002 -0.0647944 -0.0620278 -0.0564617 -0.0422334 -0.0630587 -0.0482023 -0.0331448 -0.0675583 -0.0630498 -0.0589419 -0.0504025 -0.0427098 -0.0636323 -0.0616578 -0.066747
internal_weight=32.9695 19.8461 14.6047 10.2127 8.28548 13.1234 7.20934 0.867654 5.46608 3.74981 1.74327 1.34461 1.27873 0.646628 12.2558 4.39199 2.20434 1.20158 0.380631 0.820944 0.273274 0.162371 5.24142 0.953005 0.504283 0.283761 0.198133 1.31734 0.806255 0.511082
internal_count=40000 38957 26268 15810 10921 1043 8219 688 5143 4330 3076 2051 1909 280 355 10458 4796 2370 661 1709 523 231 12689 2230 1074 565 346 3289 1798 1491
is_linear=0
shrinkage=0.05


Tree=9
num_leaves=31
num_cat=0
split_feature=2 4 7 10 7 9 1 3 3 1 1 10 0 10 10 1 10 10 0 10 0 0 0 10 9 0 10 1 1 9
split_gain=31.2652 4.68141 4.13562 5.00163 0.931629 0.468029 0.294962 0.289625 1.89556 0.145795 0.18544 0.333675 0.414768 0.0608145 0.029108 0.117369 0.126243 0.0233353 0.0284318 0.0103948 0.00631271 0.218798 0.12039 0.00608077 0.00597681 0.00112786 0.00118202 0.000668229 0.0248442 0.00191541
threshold=1.0000000180025095e-35 0.77083333333333348 1.1605000000000003 0.94722222222222241 1.2975000000000003 1.0000000180025095e-35 0.070280851316100512 0.37500000000000006 1.0000000180025095e-35 0.22720437789637812 0.051150181137693866 0.75810185185185197 0.14191757755345388 0.69874338624338639 0.94166666666666676 0.18309388130329032 0.62400793650793662 0.50810185185185197 0.0055416340578756645 0.76967592592592615 0.030746859808644982 0.018725841091147256 0.022190552038601239 0.92291666666666672 1.0000000180025095e-35 0.14903427242723247 0.70462962962962983 0.0320341617942125 0.10486433410769597 1.0000000180025095e-35
decision_type=2 2 2 2 2 2 2 2 2 2 2 2 8 2 2 2 2 2 10 2 10 10 8 2 2 8 2 2 2 2
left_child=1 -1 25 9 -5 -6 -7 8 14 10 -4 17 -13 -10 15 -2 -17 -12 -19 -9 21 22 -8 -15 -20 26 -3 -28 -29 -30
right_child=7 2 3 4 5 6 20 19 13 -11 11 12 -14 23 -16 16 -18 18 24 -21 -22 -23 -24 -25 -26 -27 27 28 29 -31
leaf_value=-0.065556946967106608 -0.072516747097504455 -0.066754663168502121 -0.067546492947949482 -0.067095411288150789 -0.068837425482210599 0.0083021950234645949 0.02602272464473834 0.062639684954307079 0.049542413982788774 -0.066759582721793373 -0.06746071103072547 0.0021914224870537027 -0.06858895771832739 0.061141391070988454 -0.073678608063942455 -0.080634129995864445 0.0028840775001601911 -0.066322387557444504 -0.065675638846801096 0.066635224913876176 0.05414724706260278 0.060954395241165062 -0.059544768815454376 0.065291822562009424 -0.043189963022353235 -0.066994752265558288 -0.067640663369791382 -0.068909324813838838 -0.066383722849129176 -0.051843666367289876
leaf_weight=9.2483422527311649 0.16031547503734778 0.65284777179476661 0.4328393798205078 0.19372220748118696 0.087946573767112901 0.42076621980231754 0.18191356150782689 2.2484804248997534 1.0365468028758185 0.48823869885563898 0.1578836128173865 0.95152490150940106 0.26451220264425512 1.6860222747272928 0.072336621367867338 0.059855769370187772 0.18538045154127758 0.16372377613151901 0.030468856159132529 5.897084071097197 2.3140365693070635 0.88582480265176855 0.0531071257446456 1.8517174565931782 0.982863775076111 1.2101338497868708 0.12137645368056826 0.74650326717528492 0.024316307652043179 0.33055536611936986
leaf_count=23697 322 1505 1008 427 171 429 90 60 85 1318 334 927 582 86 163 70 133 401 71 66 614 80 143 58 1618 2974 286 1623 53 606
internal_value=3.09448e-09 -0.0395063 -0.0169796 0.00281987 0.039955 0.0452137 0.0478152 0.059699 0.0502939 -0.0414306 -0.037286 -0.0321515 -0.0132047 0.0601932 -0.0444601 -0.0392486 -0.0175005 -0.0494108 -0.0469896 0.0655323 0.0526554 0.0495756 0.00668722 0.0633138 -0.0438661 -0.0658047 -0.0650369 -0.0641197 -0.0637317 -0.05284
internal_weight=33.1412 19.9434 10.6951 7.60937 4.13732 3.94359 3.85565 13.1977 5.05217 3.47206 2.98382 2.55098 1.21604 4.57429 0.477888 0.405552 0.245236 1.33494 1.17706 8.14556 3.43488 1.12085 0.235021 3.53774 1.01333 3.08573 1.8756 1.22275 1.10137 0.354872
internal_count=40000 38957 15260 8213 1954 1527 1356 1043 917 6259 4941 3933 1509 229 688 525 203 2424 2090 126 927 313 233 144 1689 7047 4073 2568 2282 659
is_linear=0
shrinkage=0.05


Tree=10
num_leaves=31
num_cat=0
split_feature=2 7 4 5 4 5 0 1 10 10 4 5 0 0 0 10 10 0 0 9 10 1 0 7 10 1 0 0 5 7
split_gain=29.6177 2.71472 3.12514 1.83199 1.13404 0.904205 0.795703 0.52999 0.598216 0.449871 0.668227 0.765294 0.423887 0.384597 0.269006 0.239041 0.932179 0.621707 0.218977 0.139856 0.132827 0.104367 0.11202 0.0378369 0.0368163 0.0226251 0.0045892 0.00956778 0.00955588 0.00308001
threshold=1.0000000180025095e-35 1.3555000000000001 0.9041666666666669 1.0000000180025095e-35 0.74583333333333346 1.0000000180025095e-35 0.27389043773438465 0.12068699525935324 0.78796296296296309 0.8231481481481483 0.70416666666666672 1.0000000180025095e-35 0.017759951927288829 0.045219532282077278 0.16100111626697675 0.56631944444444449 0.87361111111111123 0.048932271451829067 0.13345391624491879 1.0000000180025095e-35 0.8807870370370372 0.079481418923316782 0.006229579995142843 1.3485000000000003 0.67526455026455035 0.11002642583965717 0.13830570577394455 0.034899158251047786 1.0000000180025095e-35 0.61750000000000005
decision_type=2 2 2 2 2 2 10 2 2 2 2 2 10 10 10 2 2 8 10 2 2 2 10 2 2 2 8 10 2 2
left_child=1 9 4 7 -3 15 12 8 -4 26 -11 13 -2 21 18 -6 -17 25 -14 -15 -9 -12 -23 29 -16 -18 27 28 -1 -8
right_child=6 2 3 -5 5 -7 23 20 -10 10 11 -13 14 19 24 16 17 -19 -20 -21 -22 22 -24 -25 -26 -27 -28 -29 -30 -31
leaf_value=-0.056952454109759992 -0.068219002901370104 -0.063776735092408332 -0.012952149126387492 -0.064809097503762667 -0.031569830081099225 -0.064385130332881638 0.059888391568723935 -0.012952149126387492 0.056664119787707912 -0.063699624440951855 -0.037323433648600607 -0.06437780356892879 -0.069276851732343034 -0.037323433648600607 0.03083816595611652 -0.031569830081099225 0.044359312843897838 -0.031569830081099225 0.018337097490115192 0.016212695823054037 0.023404528929948879 -0.037323433648600607 -0.0017676640074935448 0.064108635995921592 0.049361836047844901 0.06205537655541548 -0.064219649955206598 -0.064971479972338625 -0.06343824678981673 0.054864927933785793
leaf_weight=1.3796028102224251 0.10963571254978788 2.604232006120581 0.12575857734191354 0.50623011278366892 0.15934471287255303 0.72866112490009971 0.39796540104725764 0.22783261215772643 2.0664881653647171 2.2309827257977304 0.44715281359094727 0.9607894417567876 0.095862435759045073 0.063980938983149827 0.3777671498537527 0.54590539235141466 0.78030342208512571 0.1552174569660566 0.27852497037747526 0.97008502848439071 0.25930379710916895 0.11326352516334737 0.44861396595661063 9.7438231700471061 0.92520144580703345 0.23502944325446151 2.8056037718251901 1.2990872505761215 0.96527427216642525 1.3080297773558411
leaf_count=2839 236 6718 246 1177 341 1755 22 370 304 5840 879 2322 211 135 54 1003 279 372 122 861 161 284 454 145 110 22 7030 3047 2518 143
internal_value=-2.49425e-09 -0.0382777 -0.0165869 0.0224235 -0.0404455 -0.0171163 0.0580629 0.0389048 0.0493874 -0.0538608 -0.0429709 -0.0275757 0.0270322 -0.0102691 0.033258 0.00124547 0.00748106 0.0334461 -0.00409658 0.0111602 -0.00826956 -0.03223 -0.0147191 0.0629059 0.0439913 0.0484556 -0.0626996 -0.0615293 -0.0596223 0.0560368
internal_weight=33.3156 20.0787 8.39431 3.18561 5.20869 2.60446 13.2368 2.67938 2.19225 11.6844 5.23487 3.00389 1.78699 2.0431 1.67736 1.8758 1.71646 1.17055 0.374387 1.03407 0.487136 1.00903 0.561877 11.4498 1.30297 1.01533 6.44957 3.64396 2.34488 1.706
internal_count=40000 38957 12748 2258 10490 3772 1043 1081 550 26209 10775 4935 733 2613 497 2017 1676 673 333 996 531 1617 738 310 164 301 15434 8404 5357 165
is_linear=0
shrinkage=0.05


Tree=11
num_leaves=31
num_cat=0
split_feature=0 7 8 5 5 8 0 7 3 9 1 0 0 3 5 8 0 8 8 8 8 8 8 3 0 0 9 8 1 1
split_gain=18.7143 4.71824 4.56995 4.17625 3.80144 0.742241 0.578199 0.553809 0.719555 0.383961 1.19 0.624085 0.457239 0.354631 0.199267 0.127244 0.121416 0.0734633 0.0514643 0.0982818 0.0443868 0.0565164 0.00786649 0.0014166 0.00054319 0.000490396 0.000136591 0.000418808 0.000136306 0.000127766
threshold=0.2755021440122693 1.2315000000000003 0.31248477445013029 1.0000000180025095e-35 1.0000000180025095e-35 0.12961480260282535 0.25440170818067032 1.3285000000000002 1.0000000180025095e-35 1.0000000180025095e-35 0.070913542071851285 0.047928668878523491 0.16278987610400614 0.37500000000000006 1.0000000180025095e-35 0.55248477445013033 0.042572517385130244 0.20947770954758846 0.14961480260282536 0.27961388097663503 0.50961388097663518 0.29748477445013027 0.35038940265989321 0.37500000000000006 0.015638366464696046 0.25300184903845774 1.0000000180025095e-35 0.19461388097663504 0.19614451651343051 0.2471936334032683
decision_type=10 2 2 2 2 2 10 2 2 2 2 8 10 2 2 2 10 2 2 2 2 2 2 2 10 10 2 2 2 2
left_child=1 6 13 9 5 -2 24 8 -7 -4 -11 -12 16 25 15 18 -13 -15 -8 -20 21 -9 -10 -22 28 -3 -26 -28 -1 -6
right_child=4 2 3 -5 29 7 14 20 22 10 11 12 -14 17 -16 -17 -18 -19 19 -21 23 -23 -24 -25 26 -27 27 -29 -30 -31
leaf_value=-0.063032533709361724 -0.0053593082919199068 -0.063474469098993153 -0.018564171502912754 -0.063341871289878879 -0.060895014680877574 -0.0053593082919199068 -0.032015296865044583 0.044130257675153439 0.040779670399442913 -0.018564171502912754 0.048214987642900824 -0.018564171502912754 0.036903403874693437 -0.058731807792223339 -0.063675748443598468 0.04984735785304166 0.0029935770944337979 0.034544261244751462 -0.032015296865044583 0.010506136432089398 0.06149457750584441 0.058258508890179778 0.046942639195292762 0.063282194016424556 -0.06276478479289764 -0.066476141076074094 -0.063018306998803328 -0.064130250558161669 -0.061894210560030999 -0.063301197786431812
leaf_weight=2.3804631053862999 0.18155077604387493 3.0153761796063918 0.14591625606408154 1.6065612626498476 0.059925053297775643 0.25563174541093703 0.057070971466600784 0.84281093231493098 0.96658752826078886 0.7383615816142991 3.767525898423628 0.1929401131856141 1.1341476840716493 0.025848395605862495 0.16320547153009102 0.10158570681232959 0.88347230589897663 0.11513094465135509 0.066801177570596337 0.29502127788509824 1.7301143784516169 4.420195934878393 1.1151076828382427 3.0833276634466529 0.30341968353604887 0.14249969511001825 1.1186456728028131 3.4848585365471081 0.29564072094399296 0.69515949209744576
leaf_count=5817 464 7229 257 3797 161 639 117 319 560 1287 994 535 458 85 405 37 742 78 149 284 124 498 461 40 713 322 2681 8098 823 1826
internal_value=2.64582e-08 -0.0305591 -0.0102219 0.0092248 0.045859 0.0523916 -0.0595093 0.0540833 0.0321557 0.0262135 0.0282495 0.0358403 0.0147498 -0.0601461 -0.0154705 -0.000354845 -0.0085921 0.0174422 -0.0125294 -0.0038163 0.0591696 0.055996 0.044081 0.0626397 -0.0634798 -0.0636099 -0.0637923 -0.06386 -0.0629068 -0.0631102
internal_weight=33.3849 20.0345 11.7678 8.46893 13.3504 12.5953 8.26671 12.4138 2.33733 6.86236 6.71645 5.97809 2.21056 3.29886 0.683685 0.520479 1.07641 0.140979 0.418893 0.361822 10.0764 5.26301 2.0817 4.81344 7.58303 3.15788 4.90692 4.6035 2.6761 0.755085
internal_count=40000 34908 15784 8070 5092 3105 19124 2641 1660 4273 4016 2729 1735 7714 992 587 1277 163 550 433 981 817 1021 164 18132 7551 11492 10779 6640 1987
is_linear=0
shrinkage=0.05


Tree=12
num_leaves=31
num_cat=0
split_feature=2 5 7 1 8 1 7 7 8 7 4 8 8 8 4 4 4 1 9 8 7 4 4 9 8 8 7 1 7 7
split_gain=27.2467 2.41161 3.85371 1.61371 2.43438 0.659323 0.187015 0.162877 0.085234 0.0353608 0.0326782 0.113312 0.439093 0.0267255 0.00154531 0.00116024 0.000605723 0.000208726 7.77837e-05 0.00024354 0.0001148 5.05739e-05 4.49261e-05 6.33309e-05 2.66668e-05 1.0884e-05 9.1827e-06 7.34489e-06 5.39884e-06 4.93569e-06
threshold=1.0000000180025095e-35 1.0000000180025095e-35 1.3895000000000002 0.13518696612516598 0.31748477445013024 0.043667930213989986 1.2005000000000003 1.5375000000000001 0.35748477445013022 1.0365000000000002 0.7958333333333335 0.38748477445013024 0.35961388097663499 0.57501943081258833 0.50416666666666676 0.86250000000000016 0.23750000000000002 0.084277499050817453 1.0000000180025095e-35 0.27038940265989325 1.1465000000000003 0.70416666666666672 0.69583333333333341 1.0000000180025095e-35 0.45248477445013024 0.32748477445013024 1.4965000000000002 0.13669415723251663 0.82550000000000023 1.7525000000000004
decision_type=2 2 2 2 2 2 2 2 2 2 2 2 2 2 2 2 2 2 2 2 2 2 2 2 2 2 2 2 2 2
left_child=1 2 6 4 -4 -6 -1 9 -7 -2 -5 12 -12 -10 -11 -9 27 22 25 -20 -21 -16 26 -24 -25 -19 -18 -3 -26 -28
right_child=7 16 3 10 5 8 -8 15 13 14 11 -13 -14 -15 21 -17 17 18 19 20 -22 -23 23 24 28 -27 29 -29 -30 -31
leaf_value=-0.042525086054222137 0.041925686688949901 -0.058823331070407464 -0.042525086054222137 -0.042525086054222137 -0.042525086054222137 0.047753941333354678 -0.023716961130788795 0.05967367682405457 0.030231219814533986 0.053600114621942418 -0.042525086054222137 -0.042525086054222137 0.036291809305217866 0.044107305025998522 0.05068826881612977 0.060868574580873649 -0.060985734368413896 -0.059581231168505083 -0.060232960247463385 -0.060674241876655891 -0.06139711000113135 0.051095427014555522 -0.060121963740271359 -0.061459702036664114 -0.061528373990733312 -0.060219520892133442 -0.061127855134534143 -0.059233382225268021 -0.062128900865198379 -0.061550266159923983
leaf_weight=4.7737215744746226 1.3532677521434369 0.22654753836104546 0.81032032817893185 0.58267701346630907 0.17960469697572978 1.5405477688473186 2.3717007393734093 4.0510832994950743 1.9709269145969304 0.64236747797258464 0.24871997961417946 0.2091850875694945 0.23667877509797108 0.42114937280712172 1.4493345064147436 4.0751501086197095 0.8682754301116804 0.13831489844596978 1.3145275784481785 0.95551830987096797 1.2917681645194532 1.609786779470596 0.079790011543081962 1.0396512938896192 0.045273139636265003 0.12914787128102034 0.15618072045617737 0.21084305322438013 0.21593199440394528 0.12410566917969845
leaf_count=11281 341 629 1858 1552 413 323 3662 177 978 75 576 368 91 176 111 122 2317 391 3554 2491 3211 217 206 2583 112 338 411 604 515 317
internal_value=-2.69727e-08 -0.0365758 -0.0242294 0.00516647 0.0181725 0.0342221 -0.0425251 0.0558893 0.0385815 0.048842 -0.0425251 -0.031189 -0.0148214 0.0326742 0.0513707 0.0602729 -0.0608208 -0.0609446 -0.0607118 -0.0607735 -0.0610898 0.0509025 -0.0612971 -0.0614893 -0.0615732 -0.0598894 -0.0610661 -0.059021 -0.0620248 -0.0613149
internal_weight=33.3221 20.1411 13.3452 6.19981 4.92255 4.11223 7.14542 13.181 3.93262 5.05476 1.27726 0.694584 0.485399 2.39208 3.70149 8.12623 6.79588 6.35849 3.82928 3.56181 2.24729 3.05912 2.52921 1.38065 1.30086 0.267463 1.14856 0.437391 0.261205 0.280286
internal_count=40000 38957 21278 6335 3748 1890 14943 1043 1477 744 2587 1035 667 1154 403 299 17679 16446 9985 9256 5702 328 6461 3416 3210 729 3045 1233 627 728
is_linear=0
shrinkage=0.05


Tree=13
num_leaves=31
num_cat=0
split_feature=2 7 5 10 1 8 10 7 5 0 0 1 1 7 9 8 10 7 10 7 0 5 8 9 8 8 1 8 8 0
split_gain=25.9162 3.91518 2.38878 3.18711 0.560539 0.795347 0.445315 1.59778 0.85214 0.318942 0.2385 0.272699 0.236665 0.123032 0.119158 0.364727 0.0768847 0.0405965 0.0352761 0.019991 0.0345215 0.0352771 0.00998935 0.00406616 0.00665174 0.00562063 0.000815328 0.000585142 0.000259003 0.00017351
threshold=1.0000000180025095e-35 1.5855000000000004 1.0000000180025095e-35 0.94722222222222241 0.26717319747518192 0.29501943081258836 0.81574074074074088 1.2755000000000003 1.0000000180025095e-35 0.2691774460710798 0.0065596342726335086 0.061714823605303989 0.1273506379587723 1.3005000000000002 1.0000000180025095e-35 0.22501943081258832 0.88611111111111118 1.4845000000000004 0.53207671957671965 1.2595000000000003 0.04654595834612147 1.0000000180025095e-35 0.36248477445013022 1.0000000180025095e-35 0.54001943081258841 0.50248477445013029 0.46583911814408002 0.36248477445013022 0.27961388097663503 0.17097343636811291
decision_type=2 2 2 2 2 2 2 2 2 8 10 2 2 2 2 2 2 2 2 2 8 2 2 2 2 2 2 2 2 8
left_child=1 6 3 -3 5 -2 19 26 9 14 -5 -12 -13 16 -9 -16 -7 18 -6 28 21 23 -19 -21 25 27 -8 -25 -1 -22
right_child=4 2 -4 10 17 13 7 8 -10 -11 11 12 -14 -15 15 -17 -18 22 -20 20 29 -23 -24 24 -26 -27 -28 -29 -30 -31
leaf_value=-0.06018654447344806 -0.06986255146254243 -0.022798348319048412 -0.060113941969048679 -0.022798348319048412 0.038630625480684119 -0.0064186957214729104 -0.061012604624577804 -0.027059327965141312 -0.060442328414715502 -0.027059327965141312 -0.022798348319048412 0.057845411464413979 0.011710481655247228 0.048527323990272181 -0.027059327965141312 0.025450528251656793 0.036890531048499542 0.056865656114537012 0.055340087035457688 -0.051031721601797746 -0.061898696312766933 -0.060062550867477638 0.061004520232512849 -0.037178057997816601 -0.051031721601797746 -0.051031721601797746 -0.053855115059014774 -0.040489096506144566 -0.060902360346183404 -0.060637044161044588
leaf_weight=2.2507662496791472 0.18682212659041297 1.8108932139675733 1.3877699153326828 0.063012329030243897 0.35966502127848743 0.19491851741622657 3.8956169639423028 0.059388483670772874 0.63530511182034377 0.20334875264052255 0.063089951305301262 2.4648509818071038 0.31331485926057201 1.071849474476039 0.15864696163043857 1.5075341809424569 0.21607109167962335 1.8634408709003745 2.5934303095018549 0.035016149515286088 0.45192279134062086 0.43551962438505143 6.698064774798695 0.40860377781791635 0.042243350064381957 0.028813891593017615 0.040198434555349993 0.19814235263038427 2.881545590234964 0.68643882293326908
leaf_count=5709 308 3194 3592 166 40 124 9737 100 1598 549 139 228 310 161 360 868 71 69 200 74 1011 1146 70 673 86 56 159 282 7136 1784
internal_value=4.93725e-09 -0.0358443 -0.00245344 0.0145172 0.0544342 0.02736 -0.0504849 -0.0409302 -0.0102181 0.00632367 0.0479417 0.0501742 0.0526424 0.039609 0.0142666 0.0170711 0.0163504 0.0583601 0.053305 -0.058856 -0.0549676 -0.048851 0.0601037 -0.0420009 -0.0409935 -0.0394719 -0.0609395 -0.0382593 -0.0605884 -0.0611379
internal_weight=33.2062 20.022 6.10293 4.71516 13.1843 1.66966 13.9191 6.50004 2.56422 1.92892 2.90427 2.84126 2.77817 1.48284 1.72557 1.66618 0.41099 11.5146 2.9531 7.41901 2.2867 1.14834 8.56151 0.71282 0.677803 0.63556 3.93582 0.606746 5.13231 1.13836
internal_count=40000 38957 7629 4037 1043 664 31328 13371 3475 1877 843 677 538 356 1328 1228 195 379 240 17957 5112 2317 139 1171 1097 1011 9896 955 12845 2795
is_linear=0
shrinkage=0.05


Tree=14
num_leaves=31
num_cat=0
split_feature=2 8 10 0 4 10 8 9 1 0 0 1 3 4 4 0 10 10 8 8 8 3 4 4 4 4 1 0 9 0
split_gain=24.7191 2.56027 1.51161 0.911795 0.853534 0.597853 1.50584 0.347844 0.310025 0.478393 0.197598 0.314099 0.169506 0.2511 0.311924 0.129076 0.048578 0.0794301 0.0897248 0.0237268 0.00809027 0.00124169 0.00101374 0.000495618 0.000491748 0.000414516 0.000410885 0.000218927 0.00015941 0.000220743
threshold=1.0000000180025095e-35 0.35461388097663504 0.65039682539682553 0.14993318024085012 0.44583333333333336 0.95462962962962983 0.32038940265989319 1.0000000180025095e-35 0.21990813280799851 0.034540108656340468 0.010227240603316213 0.089818137848734506 1.0000000180025095e-35 0.6625000000000002 0.84583333333333344 0.039331341413015995 0.9750000000000002 0.70972222222222237 0.32947770954758854 0.39748477445013025 0.56748477445013024 0.37500000000000006 0.76250000000000018 0.80416666666666681 0.67916666666666681 0.74583333333333346 0.14236618722603231 0.0045633936039962035 1.0000000180025095e-35 0.27060925364307303
decision_type=2 2 2 8 2 2 2 2 2 10 10 2 2 2 2 10 2 2 2 2 2 2 2 2 2 2 2 10 2 8
left_child=1 5 23 4 -4 25 22 -6 9 -5 -8 -12 13 -11 -15 -9 17 -2 -19 -18 -20 24 -7 -3 -10 -1 -27 -25 -24 -30
right_child=16 2 3 8 7 6 10 15 21 12 11 -13 -14 14 -16 -17 19 18 20 -21 -22 -23 28 27 -26 26 -28 -29 29 -31
leaf_value=-0.059307304677300832 0.044928459910017905 -0.059955866874226472 -0.05925264947281611 -0.058879350864512105 -0.061584599503906969 -0.059144609879847855 -0.060526695739244067 0.015212715222649565 -0.059064371985858004 -0.058746945696807398 -0.063750461573842176 0.035735722820799433 -0.062198871499865152 -0.060550463594812413 0.035921514058049379 -0.0021167896738335423 0.051318327785832743 0.040401219509621514 0.055492727317818506 0.060255894937705806 0.059494132227608791 -0.05561503703716332 -0.059700514662734828 -0.059666448176128845 -0.061792340748319276 -0.06049069379411183 -0.059327035560899216 -0.062166021880663475 -0.062338833558246279 -0.060203966648732614
leaf_weight=4.3571157244796286 3.2072277261086111 1.0086165373140819 0.51663156654103382 0.51940328568162042 0.17391650102217582 0.86571432078108068 0.07224701037921466 3.7769783178009684 0.29170831274677755 0.11470353964978131 0.088384564965963364 0.77511795427562902 0.092271956862532534 0.09859525765205035 0.55794290530320723 1.5017546540038891 1.0002645978820504 0.93337477488603315 2.8661840704371571 2.8824134155329375 2.2586923741782812 0.15271342324376747 0.096131608035648242 0.10528553515177907 0.38091345958855527 2.0228529910091315 1.2137739970748951 0.52153044462647813 0.55204359346680576 0.15510313945560483
leaf_count=11207 390 2496 1316 1345 350 2304 183 3194 872 306 190 360 217 222 212 1586 146 250 163 53 41 534 217 262 943 4781 3179 1101 1179 401
internal_value=1.83956e-08 -0.0349925 -0.0167602 -0.0079842 0.00217058 -0.0525356 -0.0318654 0.00799036 -0.0354343 -0.0209612 0.0189067 0.0255527 0.00184649 0.00950893 0.0214339 0.0102826 0.0532585 0.0512911 0.0546595 0.0579534 0.0572563 -0.0596852 -0.0603316 -0.060642 -0.0606093 -0.0596257 -0.0600543 -0.0617462 -0.0616109 -0.0618706
internal_weight=33.1596 20.0115 9.81297 8.17753 5.96928 10.1985 2.60474 5.45265 2.20825 1.38292 0.93575 0.863503 0.863514 0.771242 0.656538 5.27873 13.1482 9.26548 6.05825 3.88268 5.12488 0.825335 1.66899 1.63543 0.672622 7.59374 3.23663 0.626816 0.803278 0.707147
internal_count=40000 38957 14956 11097 6446 24001 4834 5130 4651 2302 733 550 957 740 434 4780 1043 844 454 199 204 2349 4101 3859 1815 19167 7960 1363 1797 1580
is_linear=0
shrinkage=0.05


Tree=15
num_leaves=31
num_cat=0
split_feature=2 10 4 5 8 0 10 8 0 10 8 4 0 8 0 0 4 8 4 9 4 9 4 0 9 8 8 0 9 4
split_gain=23.4708 3.68409 5.03471 2.88085 1.54821 0.613066 0.217116 0.185857 0.0991449 0.0226609 0.00265405 0.000882936 0.000627747 0.000664041 0.000438828 0.000428234 0.000395014 0.00103837 0.000189625 0.000157493 0.000157223 0.000123467 0.000104145 0.000102661 9.61516e-05 9.11741e-05 0.000104503 0.000123298 8.8401e-05 7.88331e-05
threshold=1.0000000180025095e-35 0.7993055555555556 0.7791666666666669 1.0000000180025095e-35 0.27000092162619044 0.13345391624491879 0.58842592592592602 0.41961388097663505 0.0072114486942604231 0.70188492063492081 0.40038940265989326 0.26250000000000007 0.040487034091272946 0.37500092162619042 0.03804527943966142 0.38048494439802266 0.6708333333333335 0.27248477445013025 0.61250000000000016 1.0000000180025095e-35 0.6708333333333335 1.0000000180025095e-35 0.70416666666666672 0.27876386106019418 1.0000000180025095e-35 0.44501943081258838 0.33447770954758854 0.12947842713555593 1.0000000180025095e-35 0.56250000000000011
decision_type=2 2 2 2 2 8 2 2 10 2 2 2 8 2 8 8 2 2 2 2 2 2 2 10 2 2 2 8 2 2
left_child=1 12 14 4 -4 10 -2 8 -7 -8 -6 -11 13 22 29 16 -14 -18 -15 -19 -20 -5 -1 -17 -22 26 27 -23 -24 -3
right_child=6 2 3 21 5 7 9 -9 -10 11 -12 -13 15 18 -16 23 17 19 20 -21 24 25 28 -25 -26 -27 -28 -29 -30 -31
leaf_value=-0.058915368494977853 0.030958158839914304 -0.058686962837544723 -0.016974525387062015 -0.057231816622922684 0.044101925300376571 -0.016974525387062015 0.048513329572606928 -0.016974525387062015 0.020239217743107944 0.053025325517078892 0.041488124114100064 0.05485781606406135 -0.058480765285799291 -0.059763610023596474 -0.057969391025392315 -0.058461533228416074 -0.058124876017008179 -0.057960154623946464 -0.059503136839886811 -0.060566372882873934 -0.058396461077781764 -0.059190596793351563 -0.057500649005007315 -0.057594178599448355 -0.061510635969382887 -0.059990115911425015 -0.059693139100567817 -0.057722954844218521 -0.059687597696705043 -0.059363637284550019
leaf_weight=1.200794614909684 1.1341893854041689 0.92922015781368628 0.61033660463908734 0.087569585070013889 2.7789011704735458 0.064006703154518507 1.7083843494037854 0.19004188187864202 0.66909742996449495 0.70578864319031609 1.492959608644014 9.5746027158165798 1.2197466877987619 0.38617904620332388 2.5559899992549617 1.1980942584987131 0.75076895279926281 0.060722193447873107 0.12968831966281869 1.2775328871357483 0.025723325146827847 0.32429105864139252 0.048354699421906733 0.4769730557081856 0.68039587741077412 0.26637317615586653 0.29931941794347949 0.25613549473928288 1.040989867353346 0.80182229200727306
leaf_count=3041 191 2359 1346 240 538 160 187 406 411 50 478 615 3156 947 7068 3180 1962 153 317 2820 59 795 124 1470 1450 631 692 711 2485 1958
internal_value=-1.05757e-08 -0.0343385 -0.0156692 0.0103467 0.0250924 0.0352038 0.0518677 -0.00174534 0.0134533 0.0538459 0.0431884 0.054732 -0.0592267 -0.0597387 -0.0583857 -0.058866 -0.0591957 -0.0596132 -0.0606799 -0.0604481 -0.0611033 -0.0590414 -0.0592365 -0.0582146 -0.0613972 -0.0591797 -0.0589343 -0.0585429 -0.0595905 -0.0590004
internal_weight=32.945 19.822 11.3261 7.03903 5.80534 5.19501 13.123 0.923146 0.733104 11.9888 4.27186 10.2804 8.49596 3.51213 4.28703 4.98384 3.30877 2.08902 1.22199 1.33826 0.835808 1.23369 2.29014 1.67507 0.706119 1.14612 0.879746 0.580427 1.08934 1.73104
internal_count=40000 38957 17793 6408 3339 1993 1043 977 571 852 1016 665 21164 8423 11385 12741 8091 4935 2773 2973 1826 3069 5650 4650 1509 2829 2198 1506 2609 4317
is_linear=0
shrinkage=0.05


Tree=16
num_leaves=31
num_cat=0
split_feature=7 5 3 8 5 0 8 1 1 0 0 8 8 0 4 8 5 0 0 0 8 8 8 9 1 1 1 1 8 0
split_gain=11.9476 6.26366 5.03915 2.16216 1.71475 1.03166 0.886077 0.55627 0.274933 0.233085 0.271692 0.158725 0.153901 0.153023 0.100062 0.152434 0.222328 0.0665594 0.0631911 0.0486473 0.232126 0.215426 0.138829 0.0345922 0.0876386 0.268388 0.0334844 0.0769784 0.0316078 0.0183304
threshold=1.4565000000000003 1.0000000180025095e-35 1.0000000180025095e-35 0.31748477445013024 1.0000000180025095e-35 0.2722669519268755 0.22748477445013024 0.086482121187335143 0.11002642583965717 0.035918687637239891 0.14368776215811027 0.29748477445013027 0.27248477445013025 0.41682868399788003 0.64583333333333348 0.27461388097663503 1.0000000180025095e-35 0.0024902183829519178 0.040103999888112217 0.012699732010703563 0.17248477445013025 0.23000092162619037 0.25248477445013023 1.0000000180025095e-35 0.23775703411382001 0.18112263151763844 0.093837890071704608 0.14053411511778863 0.40538940265989326 0.12662608962697103
decision_type=2 2 2 2 2 10 2 2 2 10 10 2 2 8 2 2 2 10 10 10 2 2 2 2 2 2 2 2 2 8
left_child=2 3 14 19 6 7 -4 29 -9 -8 -11 12 -12 -10 -1 -16 17 -17 -19 -2 -21 -22 -23 -20 25 26 -25 -28 -13 -5
right_child=1 -3 4 5 -6 -7 9 8 13 10 11 28 -14 -15 15 16 -18 18 23 20 21 22 -24 24 -26 -27 27 -29 -30 -31
leaf_value=-0.058173740106568762 -0.0097972150196457813 -0.058064774962675252 -0.018081087879158714 -0.00098080915684733874 -0.05926838341075235 0.05650383160965488 -0.018081087879158714 0.047750587343633688 0.026016520819925833 -0.018081087879158714 -0.018081087879158714 0.034439132341208101 0.030151469197235405 -0.0097972150196457813 -0.058382254824849038 -0.045864774452195202 -0.058107952653077423 -0.038825951422759887 -0.045864774452195202 -0.0097972150196457813 -0.0097972150196457813 -0.0097972150196457813 0.027824905764601199 -0.045864774452195202 -0.045864774452195202 0.014865305835791737 -0.012051930245046262 -0.045864774452195202 0.044564460135199879 -0.0097972150196457813
leaf_weight=4.0373115678667073 0.30657632538987201 1.8824735276866693 0.38150212173604714 0.9776991512844676 0.75005113922816224 8.367060230646528 0.090292425160442114 2.3500253368692938 1.8014620914582333 0.088457035482861435 0.098528533454555478 1.3993373998919199 0.23204688784608152 0.089113055281814124 2.3032280264123983 0.30614946645073393 1.4337919488898476 1.124498678793316 0.063331266923341789 0.3339557920817241 0.15868814936129627 0.076965551023022161 1.1217593292949457 0.14698979118838884 0.1333657462746487 0.43355418941064272 0.2759484631169471 0.13890217059815768 1.7158396204567905 0.065760187557316496
leaf_count=10462 750 4960 998 916 2118 480 294 377 839 180 264 662 149 244 5740 741 3646 1825 117 763 399 194 645 285 312 306 321 255 597 161
internal_value=6.2639e-09 0.0281048 -0.032516 0.0384703 0.0101154 0.0455806 0.0231062 0.0282842 0.0363315 0.0317799 0.0340199 0.0365204 0.00357789 0.0221374 -0.0520174 -0.0481092 -0.0422764 -0.0336216 -0.0303234 -0.00979722 -0.00131066 0.012946 0.0223744 -0.022303 -0.0201175 -0.0146902 -0.0374973 -0.0286424 0.0400162 -0.00442014
internal_weight=32.6847 17.5315 15.1531 15.6491 4.75606 13.6511 4.006 5.28406 4.2406 3.6245 3.53421 3.44575 0.330575 1.89058 10.3971 6.35976 4.05653 2.62274 2.31659 1.99795 1.69137 1.35741 1.19872 1.19209 1.12876 0.995395 0.56184 0.414851 3.11518 1.04346
internal_count=40000 10728 29272 5768 5262 3017 3144 2537 1460 2146 1852 1672 413 1083 24010 13548 7808 4162 3421 2751 2001 1238 839 1596 1479 1167 861 576 1259 1077
is_linear=0
shrinkage=0.05


Tree=17
num_leaves=31
num_cat=0
split_feature=3 4 5 10 0 5 7 7 1 10 10 7 10 7 1 5 5 0 7 4 0 0 10 7 7 0 0 0 7 0
split_gain=14.3223 4.68654 3.73375 3.10222 2.01749 1.65204 1.00957 0.598063 0.521184 0.372188 0.247937 0.144703 0.0870454 0.34268 0.455054 0.0722617 0.0648434 0.138145 0.335818 0.0644468 0.0818269 0.194545 0.0509416 0.0269609 0.0260452 0.0131573 0.0654576 0.188469 0.0103141 0.00725143
threshold=1.0000000180025095e-35 0.87083333333333346 1.0000000180025095e-35 0.84351851851851867 0.17097343636811291 1.0000000180025095e-35 2.1885000000000008 1.2895000000000003 0.091024351464812511 0.89513888888888904 0.60739087301587313 1.2805000000000002 0.81805555555555576 1.4765000000000004 0.28998738168104893 1.0000000180025095e-35 1.0000000180025095e-35 0.026711542857268785 1.8085000000000002 0.55416666666666681 0.028371022067916713 0.021139654856638372 0.51172839506172851 1.0675000000000003 0.40550000000000003 0.021139654856638372 0.15709287457877055 0.045900394322439982 1.2175000000000002 0.40722757832312695
decision_type=2 2 2 2 10 2 2 2 2 2 2 2 2 2 2 2 2 8 2 2 8 10 2 2 2 10 10 10 2 10
left_child=1 6 4 16 -2 8 12 10 11 -8 -6 -5 -1 -14 15 19 17 18 28 -15 21 -21 -9 24 -12 -10 27 -27 -3 -16
right_child=2 3 -4 5 7 -7 9 22 25 -11 23 -13 13 14 29 -17 -18 -19 -20 20 -22 -23 -24 -25 -26 26 -28 -29 -30 -31
leaf_value=-0.05787807176082032 -0.0072418467909248609 -0.048268844983984441 -0.057798604240833433 -0.010844547497210873 -0.0072418467909248609 -0.057927462031030025 -0.058631323292543169 0.040619788743858042 0.035744617818499101 0.050982525118083544 0.040282000331429341 0.017269719441772757 -0.057770393389859433 -0.044547057564648364 0.026943556812837655 -0.057305362414414689 -0.057092423147548192 -0.048268844983984441 0.036241480087644454 -0.044547057564648364 -0.039790568691436039 0.03246727469198657 0.05387166890826002 0.036305286277177939 0.021337650207635867 0.053886089444185575 0.026700311444724907 0.015918361494490944 -0.03620629962881327 0.044515845400742458
leaf_weight=5.7607189613263472 0.60684004836548133 0.17435924710298345 0.97823893317945554 0.18390136942616653 0.13080158917091411 0.52545645758800663 0.10176454638713117 0.78145504300937219 0.40061979801976155 0.32400023717491422 0.22240030219109053 0.50622770543850493 3.220074276716332 0.2115409529651513 0.13090222398386675 0.43155964277684689 0.79979493704740878 0.95501311424959578 0.1821147777227452 0.10013324569445103 0.30153975289795198 0.16382974597217981 10.074027164330799 0.88795474232210825 0.98485681359670707 2.2212083686899868 0.40538471391118935 0.38324770391045593 0.17937927937600762 0.10645349843252916
leaf_count=14489 1490 395 2915 380 304 1293 239 120 151 85 77 292 8234 482 96 1137 2130 1682 69 195 504 76 1034 491 819 140 193 200 249 39
internal_value=1.75617e-09 -0.0301852 0.0365708 0.00197933 0.0433149 0.0255424 -0.0506849 0.0480765 0.0362384 0.0247831 0.0244676 -0.00338797 -0.0537665 -0.0486904 -0.0284697 -0.0409 -0.0456069 -0.0394453 -0.018924 -0.0317888 -0.0219955 -0.00166716 0.0529177 0.0296918 0.0248276 0.044257 0.04539 0.0482991 -0.0473248 0.0348247
internal_weight=32.4358 17.7692 14.6666 6.91671 13.6883 4.62605 10.8525 13.0815 4.10059 0.425765 2.22601 0.690129 10.4268 4.66603 1.44596 1.2086 2.29066 1.49087 0.535853 0.777044 0.565503 0.263963 10.8555 2.09521 1.20726 3.41046 3.00984 2.60446 0.353739 0.237356
internal_count=40000 32750 7250 7174 4335 2649 25576 2845 1356 324 1691 672 25252 10763 2529 2394 4525 2395 713 1257 775 271 1154 1387 896 684 533 340 644 135
is_linear=0
shrinkage=0.05


Tree=18
num_leaves=31
num_cat=0
split_feature=2 10 7 0 4 1 4 7 3 7 0 4 4 0 10 10 10 10 1 10 7 4 1 1 0 0 10 1 0 4
split_gain=21.1998 5.43213 3.61441 0.686194 1.09931 0.55481 0.384859 0.326907 0.908045 0.235055 0.159856 0.079497 0.929676 0.062732 0.0562269 0.025176 0.0136503 0.00839092 0.00828751 0.00692582 0.0031007 0.00574649 0.00348149 0.0127092 0.00647614 0.00894685 0.00213249 0.00087652 0.000774582 0.000512997
threshold=1.0000000180025095e-35 0.92291666666666672 1.2485000000000002 0.141115655935701 0.87916666666666676 0.063847100280588473 0.7875000000000002 1.1865000000000003 1.0000000180025095e-35 2.0750000000000006 0.048932271451829067 0.30416666666666675 0.81250000000000011 0.018422233697383324 0.81574074074074088 0.68154761904761918 0.7562500000000002 0.50277777777777788 0.11606629577846299 0.78402777777777788 1.2595000000000003 0.68750000000000011 0.046940349920010248 0.14747761083122646 0.14903427242723247 0.033475699503978988 0.91944444444444451 0.4221401095399932 0.41038956698808665 0.7791666666666669
decision_type=2 2 2 8 2 2 2 2 2 2 10 2 2 10 2 2 2 2 2 2 2 2 2 2 8 10 2 2 8 2
left_child=1 9 -3 4 11 -6 27 8 -2 20 -8 -4 -13 -11 15 17 -10 -9 -7 -17 29 -22 -23 24 25 -24 -16 -5 -25 -1
right_child=7 2 3 6 5 18 10 14 16 13 -12 12 -14 -15 26 19 -18 -19 -20 -21 21 22 23 28 -26 -27 -28 -29 -30 -31
leaf_value=-0.056299031073581432 -0.06400768234999378 -0.056932699886742079 -0.05602311271665459 -0.055640843376957287 -0.058488647685528153 0.050839665232572655 -0.052449547824484126 0.040178195133400665 0.037612154831158789 -0.055536715792287465 0.015081807176103967 -0.055979562530575344 0.030110238891109378 -0.0083768838258517081 0.054001931891990901 0.049792125480475624 0.048582396051390364 0.046765108599010799 0.043069364853246285 0.055260174111128095 -0.056979959529114145 -0.058038752521395648 -0.052521066253734996 -0.058013100825852718 -0.057580029102975543 -0.044077154738957999 0.056127728308069627 -0.043939405415221788 -0.054681499144178462 -0.057225719439777736
leaf_weight=3.8650228789174434 0.22820830085038224 2.0728331576519841 0.081372716085752361 0.36610749528881548 0.12311693694209713 2.5978412520780698 0.10085908539440425 0.71396333213487961 0.44469413318438433 0.089019340361120025 0.66814831034571398 0.53036895490367875 0.76725121100025717 0.33923919781955192 1.5228931704295972 1.4090871667358444 0.78259068384795683 1.4977414467030028 0.39538018047460344 0.98312379502021929 2.0820989239728078 0.3714546022092694 0.66140993651060853 0.7608132344084878 0.23367480191518564 0.59673768450738862 5.2354270995383558 0.016735364733904134 0.22637157572717115 2.4338877033569588
leaf_count=10764 322 5442 211 1043 232 228 268 54 68 223 507 1268 311 472 89 101 78 145 82 34 5437 889 1292 1790 571 1053 152 73 662 6139
internal_value=3.83626e-09 -0.0329957 -0.000463242 0.0202642 0.0290868 0.0455346 -0.0141676 0.0498877 0.0275776 -0.0545357 0.00622474 -0.00808304 -0.00507676 -0.0181797 0.0527457 0.0484841 0.0446074 0.0446388 0.0498133 0.0520393 -0.0559219 -0.0549831 -0.0535246 -0.0528481 -0.0499359 -0.0485161 0.0556487 -0.0551293 -0.0572491 -0.0566571
internal_weight=32.1975 19.3797 7.72001 5.64718 4.49533 3.11634 1.15185 12.8177 1.45549 11.6597 0.769007 1.37899 1.29762 0.428259 11.3622 4.60392 1.22728 2.2117 2.99322 2.39221 11.2315 4.93256 2.85046 2.47901 1.49182 1.25815 6.75832 0.382843 0.987185 6.29891
internal_count=40000 38957 9665 4223 2332 542 1891 1043 468 29292 775 1790 1579 695 575 334 146 199 310 135 28597 11694 6257 5368 2916 2345 241 1116 2452 16903
is_linear=0
shrinkage=0.05


Tree=19
num_leaves=31
num_cat=0
split_feature=2 4 10 10 0 9 0 3 3 10 4 9 1 4 1 4 0 0 10 1 10 9 1 1 3 1 1 6 1 0
split_gain=20.2953 2.83019 3.57206 1.36049 1.17266 0.339984 0.338469 0.233099 1.47075 0.165148 0.146645 0.103509 0.246967 0.0182894 0.0104952 0.00959112 0.00783367 0.0217104 0.00555676 0.0228373 0.320807 0.00211762 0.017272 0.000583468 0.000530508 0.000288216 0.000190636 0.000869357 0.00013825 0.000167857
threshold=1.0000000180025095e-35 0.73750000000000016 0.81574074074074088 0.89513888888888904 0.045900394322439982 1.0000000180025095e-35 0.26734824606673863 0.37500000000000006 1.0000000180025095e-35 0.72453703703703731 0.73750000000000016 1.0000000180025095e-35 0.17934622828302227 0.72916666666666685 0.068183835208609725 0.5458333333333335 0.015638366464696046 0.14191757755345388 0.59351851851851867 0.11002642583965717 0.80046296296296304 1.0000000180025095e-35 0.060996254349628236 0.32740557257195207 0.37500000000000006 0.15688844049551207 0.50060064573907159 1.0000000180025095e-35 0.17582807418345867 0.1324731915541017
decision_type=2 2 2 2 8 2 8 2 2 2 2 2 2 2 2 2 10 10 2 2 2 2 2 2 2 2 2 2 2 8
left_child=1 24 18 16 5 -5 11 8 9 -2 -11 -6 14 15 -13 -10 -4 21 -3 20 -20 -18 -23 -21 28 -8 -25 -28 29 -1
right_child=7 2 3 4 6 -7 25 -9 13 10 -12 12 -14 -15 -16 -17 17 -19 19 23 -22 22 -24 26 -26 -27 27 -29 -30 -31
leaf_value=-0.056137769368419868 -0.063971221591911223 -0.056097273937929397 -0.055967904140082174 -0.057755324924206292 -0.058365716332587449 0.029335911632498313 -0.053722285928287018 0.055563323686239001 0.049929623793808164 0.0045767542085302041 -0.062899871855525799 -0.058127269081961287 0.018120527948107073 0.052410267771590337 -0.028205439379658227 0.042467697792951939 -0.055870626448163777 -0.057497640721043908 -0.057470304789676956 -0.057139403867305295 0.0025385741292630066 -0.056620843970149631 -0.033922159570077375 -0.054798476500488386 -0.053740784203865827 -0.056142307091072985 -0.040883609969009499 -0.058620229117432358 -0.055477367466758125 -0.05550642104768308
leaf_weight=4.282502539674172 0.21501864336096499 1.1395729846863085 0.26399929429135205 0.1150189967593177 0.089911744493292534 4.3553891229094006 0.19810677060741011 6.506473365421698 0.86306425201473735 0.3525899093656335 0.10434960148995742 0.031454645926714431 0.6182155787028023 3.8283826350307208 0.4289769343304215 0.85947634037438547 0.01963371891179122 0.26575394095380034 1.4267117521230832 1.2129736986989881 0.26391545256774396 0.10866097125108354 0.3664052161766449 0.15707968923379656 0.30686187531864551 0.32465964570292272 0.013009674605200416 0.014732082534465007 1.77831330958179 1.3959615961575762
leaf_count=11435 276 2934 667 221 173 2084 524 126 30 227 185 63 464 142 582 57 44 638 3431 2938 292 241 554 522 1039 873 62 29 5198 3949
internal_value=-5.13019e-09 -0.0324883 -0.0166471 0.00480767 0.0136785 0.0270951 -0.0217836 0.0489463 0.0420278 -0.0278364 -0.0108326 -0.00682313 -0.00252674 0.0504851 -0.0302496 0.0462064 -0.0485473 -0.0459711 -0.0531132 -0.0520121 -0.0481026 -0.039779 -0.039114 -0.0567406 -0.0557782 -0.0552252 -0.0541236 -0.0503025 -0.0558621 -0.0559826
internal_weight=31.9072 19.1778 11.4142 7.18619 6.16173 4.47041 1.69133 12.7294 6.22288 0.671958 0.45694 1.16856 1.07865 5.55092 0.460432 1.72254 1.02445 0.760454 4.228 3.08842 1.69063 0.4947 0.475066 1.3978 7.76364 0.522766 0.184821 0.0277418 7.45678 5.67846
internal_count=40000 38957 17336 7128 4984 2305 2679 1043 917 688 412 1282 1109 229 645 87 2144 1477 10208 7274 3723 839 795 3551 21621 1397 613 91 20582 15384
is_linear=0
shrinkage=0.05


Tree=20
num_leaves=31
num_cat=0
split_feature=2 3 0 8 7 0 7 8 0 8 7 8 9 1 8 8 8 9 9 7 0 7 0 7 8 9 1 1 9 7
split_gain=19.3914 1.93849 0.91399 1.60879 3.57245 0.273014 0.394035 0.231772 0.162008 0.128245 0.0983754 0.0909835 0.07994 0.0364114 0.554511 0.106234 0.0844114 0.0155129 0.00231103 0.00209318 0.00132892 0.000298701 0.000257907 0.000173381 0.000233708 0.00039196 0.000115759 0.000104683 0.000111205 8.95403e-05
threshold=1.0000000180025095e-35 1.0000000180025095e-35 0.039331341413015995 0.27248477445013025 1.6205000000000003 0.29001381138956245 1.0575000000000003 0.33961388097663503 0.26544990210898295 0.49248477445013022 1.3435000000000004 0.33748477445013025 1.0000000180025095e-35 0.10486433410769597 0.35248477445013021 0.34538940265989321 0.29461388097663505 1.0000000180025095e-35 1.0000000180025095e-35 1.7305000000000001 0.047533985494204782 1.8005000000000002 0.035918687637239891 1.3205000000000002 0.39447770954758848 1.0000000180025095e-35 0.10921049335403933 0.038059035273852591 1.0000000180025095e-35 1.1525000000000003
decision_type=2 2 8 2 2 8 2 2 10 2 2 2 2 2 2 2 2 2 2 2 10 2 10 2 2 2 2 2 2 2
left_child=2 8 3 -1 9 6 -4 -6 20 18 -3 -10 -8 15 16 -14 -15 -11 -5 -12 -2 22 26 -24 -25 -26 -7 -23 -29 -22
right_child=1 10 5 4 7 21 12 -9 11 17 19 -13 13 14 -16 -17 -18 -19 -20 -21 29 27 23 24 25 -27 -28 28 -30 -31
leaf_value=-0.055964256753148825 -0.059558523449440098 0.042566031750200822 -0.055579698554543859 -0.056072670000598568 -0.0063679393409541473 -0.055372749242298513 -0.056447181087138747 0.034572597624857218 -0.05835152780587604 -0.056293165406273521 0.053695877357637325 0.020863085151085592 -0.056574467622533764 -0.055294721532116037 -0.0083418797456542675 -0.021150412846838718 -0.030739677201649732 -0.026601474976820413 -0.049312877449180927 0.055152830097850769 -0.064144038445055937 -0.056526323007120488 -0.054455720382468292 -0.053945180497454392 -0.058619986726950138 -0.049696507529926888 -0.054574029405078231 -0.055992055921253815 -0.052394228085484329 -0.066537423961410838
leaf_weight=2.3519485662545794 0.21629879932516161 2.1446444610046447 1.9666894331457996 0.13371860643383193 0.39324568166921414 0.99852628543158217 0.25157473576837208 2.8589246822230052 0.052263243353081634 0.046241912117693573 5.268346527576794 0.11829662871605251 0.37854552478529502 1.0912966893010891 2.0872415821977484 0.48002769886079477 0.51523601215194492 0.90373541134613322 2.3223267935536569 4.6332826861034846 0.066351635825412814 0.019240081252064445 0.73189715502303421 0.22769395599061681 0.014447536261286587 0.083015271851763828 0.83129838744480367 0.023534544045105577 0.24570993726956658 0.095070008628681535
leaf_count=6197 364 200 5368 330 504 2784 591 1207 73 110 84 52 965 3006 2723 684 970 1707 5083 71 81 53 2312 699 27 275 2565 57 740 118
internal_value=1.12776e-09 0.0480899 -0.0319512 -0.020416 -0.0078589 -0.042401 -0.0367279 0.0296222 -0.0438568 -0.0436469 0.0522748 -0.00340999 -0.0290101 -0.0274938 -0.0253379 -0.0367689 -0.0474196 -0.0280468 -0.0496809 0.0543776 -0.0621206 -0.0544974 -0.0546507 -0.0540289 -0.0530682 -0.0510193 -0.0550099 -0.0529633 -0.0527087 -0.0655536
internal_weight=31.5507 12.5946 18.9561 9.01014 6.65819 9.94597 6.77061 3.25217 0.54828 3.40602 12.0463 0.17056 4.80392 4.55235 3.69377 0.858573 1.60653 0.949977 2.45605 9.90163 0.37772 3.17536 2.88688 1.05705 0.325157 0.0974628 1.82982 0.288485 0.269244 0.161422
internal_count=40000 1043 38957 15138 8941 23819 14307 1711 688 7230 355 125 8939 8348 6699 1649 3976 1817 5413 155 563 9512 8662 3313 1001 302 5349 850 797 199
is_linear=0
shrinkage=0.05


Tree=21
num_leaves=31
num_cat=0
split_feature=2 4 0 0 8 10 8 10 10 10 10 0 0 4 0 9 8 10 1 10 10 0 10 8 0 0 0 4 9 4
split_gain=18.639 2.79914 1.88489 1.4117 2.27534 3.14597 0.16067 0.0746546 0.0245055 0.0978623 0.0918364 0.0618898 0.127022 0.0211003 0.018037 0.0143268 0.0127438 0.186404 0.116921 0.00574411 0.0324591 0.00146691 0.000579384 0.000522679 0.000399802 0.00109295 0.00102745 0.000382438 0.000312594 0.00031254
threshold=1.0000000180025095e-35 0.74583333333333346 0.1591329235056734 0.16189619292929203 0.3403894026598932 0.95069444444444462 0.27961388097663503 0.75509259259259276 0.5653935185185186 0.69642857142857162 0.89907407407407425 0.043817122703016145 0.023224776654719639 0.39166666666666672 0.0045633936039962035 1.0000000180025095e-35 0.19748477445013021 0.99375000000000002 0.26085443495483146 0.88611111111111118 0.6615740740740742 0.41682868399788003 0.99189814814814814 0.33001943081258839 0.14993318024085012 0.022571916555639806 0.044855731060421171 0.6625000000000002 1.0000000180025095e-35 0.32083333333333336
decision_type=2 2 10 8 2 2 2 2 2 2 2 10 10 2 10 2 2 2 2 2 2 10 2 2 10 10 10 2 2 2
left_child=1 21 24 4 7 8 13 -3 -6 -10 11 12 -11 -4 -5 -9 -16 -18 -19 20 -15 29 23 -23 25 -2 -27 -28 -20 -1
right_child=2 3 6 14 5 -7 -8 15 9 10 -12 -13 -14 19 16 -17 17 18 28 -21 -22 22 -24 -25 -26 26 27 -29 -30 -31
leaf_value=-0.054273975562375711 -0.057983572098397024 -0.055106758027552827 0.043972185740174773 -0.054334921123585046 -0.056129711568955014 0.03680903896571977 0.052288196239308207 -0.055285892940484638 -0.057145920038399613 -0.057109147909503603 -0.0047221200182822158 -0.057551362945644516 -0.013383835876120555 -0.00021566649891541025 -0.054330255922326945 -0.036602061499362272 -0.05510504859750729 0.0071473490797146601 -0.057635339434995103 0.031719562861980036 0.029807531020343749 -0.053788374815416054 -0.042435500973941276 -0.047726003846216204 -0.066269523224874852 -0.058576332548584714 -0.069452356428146969 -0.063772994320933987 -0.051528427408729177 -0.055079826727869236
leaf_weight=1.5083914070673952 0.15976119869083305 0.98411261815635631 0.14242119270784215 0.88257603418151243 0.21938709210371587 3.9910155487596057 11.408663466721917 0.10966912713774957 0.49849947035545472 0.26767414083587915 0.26349219075927977 0.28601224474550691 0.43767351710266666 0.13836254365378409 0.32324982317186357 1.5922081860626345 0.93054604808276031 0.24262424801418092 0.026883464393904433 0.12219261088466737 0.25768777251141728 0.08676188048593747 0.021053743252196 0.060239843734962051 0.040377507903031074 0.064998656802345067 0.054966862662695348 0.06433533114977763 0.095013188703887863 5.9465755195469683
leaf_count=4461 266 2692 10 2569 492 1096 310 260 1103 565 278 534 506 48 941 2917 2508 209 52 44 65 304 94 251 43 118 47 92 269 16856
internal_value=-1.19401e-08 -0.0314622 0.0474283 -0.015499 -0.00593283 0.0112773 0.0508999 -0.0441448 -0.0403755 -0.0384043 -0.0309591 -0.0379325 -0.0299773 0.0269269 -0.048585 -0.037806 -0.0454492 -0.0432325 -0.0129244 0.0222426 0.0193187 -0.0548126 -0.050193 -0.0513041 -0.0615627 -0.0610103 -0.0636341 -0.0663897 -0.0528753 -0.0549168
internal_weight=31.2274 18.7737 12.4538 11.1506 8.64974 5.96375 12.0693 2.68599 1.97274 1.75335 1.25485 0.99136 0.705348 0.660664 2.50089 1.70188 1.61832 1.29507 0.364521 0.518243 0.39605 7.62302 0.168055 0.147002 0.38444 0.344062 0.184301 0.119302 0.121897 7.45497
internal_count=40000 38957 1043 16991 10443 4574 477 5869 3478 2986 1883 1605 1071 167 6548 3177 3979 3038 530 157 113 21966 649 555 566 523 257 139 321 21317
is_linear=0
shrinkage=0.05


Tree=22
num_leaves=31
num_cat=0
split_feature=2 8 4 5 0 0 0 4 0 0 0 4 5 5 0 0 0 0 0 0 3 0 0 0 0 0 4 0 0 0
split_gain=17.8888 2.52294 3.50242 1.67592 0.545323 0.427594 0.393589 0.331363 0.262948 0.22534 1.09722 0.179904 0.178967 0.133709 0.111092 0.095605 0.0929429 0.170882 0.109416 0.00113798 0.000724633 0.000529378 0.000503548 0.000466647 0.000416653 0.000240085 0.000205353 0.000130234 0.000173355 0.000107924
threshold=1.0000000180025095e-35 0.31538940265989318 0.87916666666666676 1.0000000180025095e-35 0.013803029592994757 0.010612191615272026 0.16100111626697675 0.85416666666666685 0.033819219289088702 0.37751718716576621 0.16373488879313911 0.68750000000000011 1.0000000180025095e-35 1.0000000180025095e-35 0.16797355449264773 0.03870487886920667 0.1324731915541017 0.017065932968762004 0.024249808761054963 0.045566629551266592 0.37500000000000006 0.27389043773438465 0.043817122703016145 0.54817880251372009 0.54817880251372009 0.29971252105491192 0.18750000000000003 0.54055213095974952 0.049603835847263751 0.28043640383534091
decision_type=2 2 2 2 10 10 10 2 8 10 10 2 2 2 8 8 10 8 10 10 2 10 8 10 8 10 2 8 10 8
left_child=1 20 7 5 -2 -4 -7 11 13 10 19 21 14 -9 16 -10 17 -13 -19 -6 22 27 26 -22 25 -17 -1 28 -3 -5
right_child=4 2 3 29 9 6 -8 8 15 -11 -12 12 -14 -15 -16 24 -18 18 -20 -21 23 -23 -24 -25 -26 -27 -28 -29 -30 -31
leaf_value=-0.053334896926438585 -0.056461781030156255 -0.055029929198564254 -0.014950943201271142 -0.055468496972949144 -0.057622083625924692 0.034073522814630053 -0.014950943201271142 0.029691665157831067 0.011532982815109109 0.053131134274168969 0.04497681465838349 -0.040844392541177291 -0.054799436582008858 -0.055998378412976862 -0.040844392541177291 -0.057995180135915307 -0.040844392541177291 -0.040844392541177291 0.002254191002827114 -0.064564711590716042 -0.052559559064452067 -0.052410130870873643 -0.054320795699002548 -0.042719465562829601 -0.052329455955412954 -0.051989699621681679 -0.055270905457297417 -0.053789162833165274 -0.054049339775952346 -0.054025024459656915
leaf_weight=0.14335716146161148 0.12671438842153548 1.6312756572951905 0.21044580072884844 0.59227313840528939 0.09351030507241187 3.8600750734476605 0.3994392414788307 0.33483919664286066 0.064413461077492684 7.5449464119592449 4.3788740683594369 0.21986689751065536 0.86705323848582327 0.052687005532789044 0.37539933329753705 0.1931231519265566 0.18156289208855025 0.094433092024701293 0.83025678579724627 0.16004180023810477 0.26033142623236916 0.30475072855551832 3.5456220825981291 0.012633103438929538 0.048279119440849172 0.018211478261946468 3.0745592316088732 0.40895984086364467 0.62279002767900227 0.16572523850754806
leaf_count=438 217 4426 490 1445 172 1068 522 122 33 224 240 471 2421 123 1029 375 382 175 776 190 919 1043 10482 48 140 59 8283 1296 1851 540
internal_value=-7.63742e-09 -0.0310573 -0.0166036 0.0135933 0.0467279 0.025251 0.029174 -0.041871 -0.00975193 0.0478016 0.0391213 -0.0459991 -0.0363107 0.0180415 -0.0268893 -0.042992 -0.019413 -0.0137303 -0.0038042 -0.0620043 -0.0546299 -0.0543842 -0.0547318 -0.0521041 -0.0565203 -0.0574777 -0.0551847 -0.0546101 -0.054759 -0.0551529
internal_weight=30.8165 18.5124 11.4759 5.22796 12.3041 4.46996 4.25951 6.2479 0.711553 12.1774 4.63243 5.53635 2.56857 0.387526 1.70152 0.324027 1.32612 1.14456 0.92469 0.253552 7.0365 2.96778 6.76354 0.272965 0.259614 0.211335 3.21792 2.66303 2.25407 0.757998
internal_count=40000 38957 18787 4065 1043 2080 1590 14722 852 826 602 13870 5254 245 2833 607 1804 1422 951 362 20170 8616 19203 967 574 434 8721 7573 6277 1985
is_linear=0
shrinkage=0.05


Tree=23
num_leaves=31
num_cat=0
split_feature=2 7 10 5 4 7 3 10 8 3 7 7 8 10 5 4 9 8 10 4 3 4 10 4 8 10 8 4 10 8
split_gain=17.1624 1.89087 5.46373 1.93896 1.0512 0.315663 0.75936 0.215342 0.112806 0.0954867 0.0858738 0.0809138 0.0779409 0.0648684 0.0762828 0.0747647 0.0523954 0.0174078 0.012248 0.00462068 0.000397073 0.000231131 0.000374557 0.000190966 0.00015291 0.000183834 0.000134101 0.000202805 0.000333719 0.000931391
threshold=1.0000000180025095e-35 1.1125000000000003 0.93425925925925923 1.0000000180025095e-35 0.86250000000000016 1.2315000000000003 1.0000000180025095e-35 0.58506944444444453 0.27248477445013025 0.37500000000000006 1.8855000000000002 1.0725000000000002 0.32538940265989319 0.67291666666666672 1.0000000180025095e-35 0.81250000000000011 1.0000000180025095e-35 0.55248477445013033 0.6741071428571429 0.68750000000000011 1.0000000180025095e-35 0.4916666666666667 0.68584656084656093 0.29166666666666674 0.54538940265989322 0.90138888888888902 0.48038940265989322 0.72916666666666685 0.91388888888888897 0.41038940265989327
decision_type=2 2 2 2 2 2 2 2 2 2 2 2 2 2 2 2 2 2 2 2 2 2 2 2 2 2 2 2 2 2
left_child=1 20 10 4 8 6 -2 -7 -4 11 26 -8 -10 -12 15 -15 -14 -6 19 -9 21 23 -23 -1 25 -24 27 -3 29 -29
right_child=5 2 3 -5 17 7 9 18 12 -11 13 -13 16 14 -16 -17 -18 -19 -20 -21 -22 22 24 -25 -26 -27 -28 28 -30 -31
leaf_value=-0.053034620581966369 -0.058568733628582982 -0.054181651695790513 -0.014302256027927302 -0.054740692585225015 0.038641309521805785 0.024636492635807188 -0.0047870420892860647 0.041461332579242664 -0.014302256027927302 0.047640387268450879 -0.055132172648846345 0.037165547771800929 -0.014302256027927302 -0.033061813541040388 -0.054284094749625846 0.004584421901169462 0.011678956210238366 0.048996657183302095 0.05198087834752424 0.048941867300107626 -0.053315966721187963 -0.053936802158923505 -0.054729143266062499 -0.054342289216634899 -0.053717782508273484 -0.055640329997257043 -0.05450280844098248 -0.05299958466501236 -0.056368067218336565 -0.056100089261806464
leaf_weight=0.45031486432708578 0.22865664420533227 2.3734495569169649 0.32488262314836891 0.86548042747926945 3.2931377408949634 0.81371353448412165 0.18887311706203025 0.36840885292622161 0.10003928724381672 1.0436406470980728 0.28686481872136926 0.29358614372904412 0.049338197393808292 0.097498343471670523 0.15449890015588608 0.23873677922165371 0.92516871460702554 0.46288613614160556 8.7473647541046358 0.46952874914131826 0.91088866867357854 1.2344793055963239 1.2762664793481242 0.73469124950861442 0.21134176095074497 0.97750832427482226 0.97517601065919723 1.9076178628129135 0.098528130443810258 0.27744726112905471
leaf_count=1475 344 6995 870 2381 659 101 62 32 263 67 721 29 82 255 447 212 920 57 365 43 2966 3709 3539 2229 558 2443 2512 4838 217 609
internal_value=-5.72202e-09 -0.0306883 -0.0196919 0.0145105 0.0261362 0.0460212 0.0264051 0.0493313 -0.0108524 0.0391368 -0.0518193 0.020742 0.00236956 -0.0362439 -0.0252024 -0.0118395 0.0082018 0.0399175 0.0514277 0.045653 -0.0542744 -0.0544531 -0.0546477 -0.0538454 -0.0550038 -0.0551243 -0.0539696 -0.053858 -0.0535216 -0.0533933
internal_weight=30.38 18.2262 12.4308 6.02093 5.15545 12.1538 1.75476 10.399 1.39943 1.5261 6.40982 0.482459 1.07455 0.777599 0.490734 0.336235 0.974507 3.75602 9.5853 0.837938 5.79549 4.8846 3.6996 1.18501 2.46512 2.25377 5.63222 4.65704 2.28359 2.18507
internal_count=40000 38957 22038 5232 2851 1043 502 541 2135 158 16806 91 1265 1635 914 467 1002 716 440 75 16919 13953 10249 3704 6540 5982 15171 12659 5664 5447
is_linear=0
shrinkage=0.05


Tree=24
num_leaves=31
num_cat=0
split_feature=2 10 4 8 8 0 0 9 10 0 8 9 9 4 4 1 10 1 1 10 8 1 8 8 1 1 9 1 1 0
split_gain=16.5481 1.16464 3.14006 2.60589 0.881768 0.51606 1.11244 0.202519 0.111725 0.0696192 0.106777 0.0396614 0.00945831 0.00921337 0.00680034 0.00252247 0.00180312 0.00887187 0.000705267 0.000509394 0.000587932 0.000282618 0.000240845 0.000223311 0.000139078 0.000635216 0.000116521 9.80164e-05 0.000125791 8.33095e-05
threshold=1.0000000180025095e-35 0.67291666666666672 0.77083333333333348 0.31538940265989318 0.18500092162619036 0.0017222096432180898 0.046246645084441672 1.0000000180025095e-35 0.87638888888888899 0.12662608962697103 0.38538940265989324 1.0000000180025095e-35 1.0000000180025095e-35 0.56250000000000011 0.55416666666666681 0.39810585540859966 0.54382716049382729 0.32287511241786543 0.11333298887157468 0.9784722222222223 0.29501943081258836 0.20744767617618823 0.35748477445013022 0.47000092162619039 0.15688844049551207 0.33857410827309803 1.0000000180025095e-35 0.093837890071704608 0.1116537435700146 0.043817122703016145
decision_type=2 2 2 2 2 10 10 2 2 8 2 2 2 2 2 2 2 2 2 2 2 2 2 2 2 2 2 2 2 8
left_child=1 21 15 18 16 -5 7 -7 14 -8 11 -11 -12 -10 -6 23 -2 -18 -4 20 -17 22 -1 27 29 -26 -27 -3 -29 -20
right_child=4 2 3 5 8 6 9 -9 13 10 12 -13 -14 -15 -16 19 17 -19 24 -21 -22 -23 -24 -25 25 26 -28 28 -30 -31
leaf_value=-0.053839319061820802 -0.069671879278922488 -0.054034356733512028 -0.055380058752431308 -0.052567846155532089 0.044809223057800655 -0.055718136901225748 -0.058541172273161815 0.026215763089536132 0.046769638120259187 -0.056503593419497844 -0.055679859071382953 -0.0028245595143847322 -0.033671396081398512 0.052605823849907134 0.041031361479041677 -0.052231420676112361 -0.063576340086455949 -0.031815891357379021 -0.05593751814569306 -0.042059040443926277 -0.045114002360451273 -0.053175322917426299 -0.054727162776383211 -0.052901723720516804 -0.053816483445622537 -0.053443458618785904 -0.04870281577669875 -0.054267600444122543 -0.053370410019861404 -0.053890044466337828
leaf_weight=1.9013096755079488 0.042062974243893048 1.9782619303114177 1.1938784069643573 0.30911818836921146 1.68697453097411 0.076625963061815017 0.14406648509611808 4.7866864285897464 0.77478918192718982 0.036719293464557268 0.05297807436727453 0.54743089064504602 0.62158507044659927 5.3165248994337162 4.0531150720307778 0.059534498667744518 0.12452324381592916 0.026702893657784443 0.068578641628846415 0.037485572697733005 0.056599578341774759 0.86218617222129967 1.2767931579292051 0.8813556436489306 0.4627790442591504 0.015296098514227197 0.084941377939685481 0.49361623094591811 1.8734565156401002 0.18030107863160083
leaf_count=5691 32 5814 2930 892 98 141 238 2172 79 68 108 616 1054 204 434 234 151 45 156 170 267 2753 3354 2683 1302 49 324 1406 6042 493
internal_value=-5.45794e-09 -0.0303372 -0.0234956 -0.00471926 0.0454163 0.010499 0.0136102 0.0249248 0.0471469 -0.0256165 -0.0218481 -0.00619879 -0.0353999 0.0518635 0.0421417 -0.0534418 -0.0605151 -0.0579682 -0.0546069 -0.0471269 -0.0487626 -0.0539782 -0.054196 -0.0536274 -0.05347 -0.0530349 -0.0494262 -0.0537746 -0.0535575 -0.0544542
internal_weight=30.0263 18.0016 13.9613 8.58099 12.0247 6.57521 6.26609 4.86331 11.8314 1.40278 1.25871 0.58415 0.674563 6.09131 5.74009 5.38031 0.193289 0.151226 2.00577 0.15362 0.116134 4.04029 3.1781 5.22669 0.811896 0.563017 0.100237 4.34533 2.36707 0.24888
internal_count=40000 38957 27159 10543 1043 5289 4397 2313 815 2084 1846 684 1162 283 532 16616 228 196 5254 671 501 11798 9045 15945 2324 1675 373 13262 7448 649
is_linear=0
shrinkage=0.05


Tree=25
num_leaves=31
num_cat=0
split_feature=2 4 5 7 9 1 7 7 1 3 7 5 4 7 1 1 1 9 5 4 9 6 7 7 7 7 1 9 7 9
split_gain=15.8343 3.56333 1.93049 0.375589 0.242497 0.480697 0.826712 0.872451 0.173385 0.100334 0.0355754 0.0351251 0.0307427 0.0297118 0.025035 0.0398741 0.0162421 0.0125878 0.0119696 0.00343451 0.0024116 0.000257923 0.000257835 0.171173 0.000210973 0.0152799 0.000106261 2.0681e-05 1.52784e-05 9.54454e-06
threshold=1.0000000180025095e-35 0.84583333333333344 1.0000000180025095e-35 1.3055000000000003 1.0000000180025095e-35 0.15343740537435316 0.97350000000000014 1.4455000000000002 0.079481418923316782 0.37500000000000006 1.7245000000000004 1.0000000180025095e-35 0.6625000000000002 1.7245000000000004 0.067410956006188752 0.18671025678162154 0.098535193988705486 1.0000000180025095e-35 1.0000000180025095e-35 0.20416666666666669 1.0000000180025095e-35 1.0000000180025095e-35 1.4505000000000003 1.2005000000000003 0.4855000000000001 0.83550000000000013 0.094519251775719723 1.0000000180025095e-35 1.3255000000000001 1.0000000180025095e-35
decision_type=2 2 2 2 2 2 2 2 2 2 2 2 2 2 2 2 2 2 2 2 2 2 2 2 2 2 2 2 2 2
left_child=1 10 4 24 -3 6 -6 8 -8 12 16 14 -5 -9 -12 17 -1 -16 19 -18 -21 -22 23 -7 -2 -26 27 -4 29 -28
right_child=3 2 26 9 5 22 7 13 -10 -11 11 -13 -14 -15 15 -17 18 -19 -20 20 21 -23 -24 -25 25 -27 28 -29 -30 -31
leaf_value=-0.053929665603210254 0.026174300672710416 -0.023349769671596743 -0.052918401692594152 0.036993315224023847 -0.023349769671596743 -0.023349769671596743 -0.023349769671596743 0.029938072449271592 0.0025009774911838043 0.053710632559873184 -0.045089620995694926 -0.053538423643679056 0.045938464250741683 0.039201425324881689 -0.045089620995694926 -0.045089620995694926 -0.050213299079988095 -0.020734625039760483 -0.052922412353854309 -0.050213299079988095 -0.046248579371917536 -0.050213299079988095 -0.018767252921069028 0.0091949507869436703 0.0316263005180146 0.021473011563261236 -0.052271502736769997 -0.054265795575128888 -0.053635331006301148 -0.053269372339596582
leaf_weight=3.9802095556151489 0.22668380193499871 0.20224803070595943 0.029653033125214279 1.2910825757535329 0.4539489871604 0.36396701312150959 0.3482724477726149 1.5798277580252036 0.72202142784226453 4.8696871006977744 0.20278246875750372 0.48422131585539319 3.7515503161921515 1.9147968566976485 0.031000380287878215 0.18104959641095775 0.32099411669878497 0.42805860422595288 1.6203895791404646 0.1592727307579479 2.2537752769649169 0.013771455342066363 0.39078750543467322 0.41064352926423453 0.53192768351073016 1.2214022160769671 0.02525716763921082 0.71921399144048315 0.39588215075218613 0.46779602505557705
leaf_count=11672 52 395 99 131 1009 940 725 460 630 52 492 1533 297 411 62 532 1003 707 5804 436 6294 35 552 381 135 376 100 1986 1172 1527
internal_value=-2.55594e-09 -0.0299799 -0.00534522 0.0446203 0.00707411 0.00911426 0.0158316 0.0229168 -0.016581 0.0485916 -0.0504105 -0.0428062 0.0436482 0.0350137 -0.0366408 -0.0312414 -0.0516193 -0.023077 -0.0495141 -0.0475042 -0.0467712 -0.0462968 -0.0198143 -0.0203426 0.0247389 0.0245533 -0.0537737 -0.0542124 -0.053404 -0.0532183
internal_weight=29.5922 17.6998 8.02432 11.8923 6.38651 6.18427 5.01887 4.56492 1.07029 9.91232 9.67553 1.32711 5.04263 3.49462 0.842891 0.640109 8.34841 0.459059 4.3682 2.74781 2.42682 2.26755 1.1654 0.774611 1.98001 1.75333 1.6378 0.748867 0.888935 0.493053
internal_count=40000 38957 10387 1043 5503 5108 3235 2226 1355 480 28570 3326 428 871 1793 1301 25244 769 13572 7768 6765 6329 1873 1321 563 511 4884 2085 2799 1627
is_linear=0
shrinkage=0.05


Tree=26
num_leaves=31
num_cat=0
split_feature=2 7 10 0 0 3 3 4 0 10 4 8 0 0 0 0 8 8 8 0 10 7 0 7 8 4 0 0 0 0
split_gain=15.1428 2.71727 2.92249 0.535159 0.395434 0.344923 1.40148 0.270002 0.201622 0.079625 0.261042 0.323092 0.185725 0.104598 0.0755399 0.0598451 0.0504344 0.046295 0.0371366 0.124403 0.0602537 0.0300823 0.0286543 0.0217556 0.0932868 0.0213392 0.000471151 0.0004666 0.000324349 0.000272733
threshold=1.0000000180025095e-35 1.5775000000000001 0.93634259259259267 0.13644931335295304 0.042572517385130244 0.37500000000000006 1.0000000180025095e-35 0.9041666666666669 0.046906991918171305 0.60739087301587313 0.6708333333333335 0.27038940265989325 0.038373806476977565 0.012699732010703563 0.031848726678646876 0.019752664376031303 0.4650194308125884 0.31038940265989318 0.41961388097663505 0.03804527943966142 0.70304232804232825 1.1815000000000002 0.027726702663255522 1.7175000000000002 0.33748477445013025 0.67916666666666681 0.26219561328785546 0.12947842713555593 0.049929019950989022 0.013465982689624694
decision_type=2 2 2 8 8 2 2 2 8 2 2 2 10 10 10 8 2 2 2 10 2 2 10 2 2 2 8 8 8 8
left_child=1 9 7 4 -4 6 16 27 18 -1 28 -12 13 29 15 -15 21 -5 20 -20 -9 -2 -19 24 -23 -8 -10 -3 -11 -13
right_child=5 2 3 17 -6 -7 25 8 26 10 11 12 -14 14 -16 -17 -18 22 19 -21 -22 23 -24 -25 -26 -27 -28 -29 -30 -31
leaf_value=-0.05313227084517276 -0.057201472021741223 -0.054432106292229887 0.039418110348206047 -0.051168054072563175 -0.056849459566537378 0.052202282964273164 0.038614813984049201 -0.056459102095405181 -0.055735600295189862 -0.053305600880830306 -0.053529767387327815 -0.054680464834831792 -0.018277097824210893 -0.043736612187145821 -0.055165009496859742 -0.017547267882896771 -0.01014840713684919 -0.046602588660353522 -0.049522088075438189 0.045872228270876836 0.0019047795629488732 -0.057517969087896331 -0.0071036775394810242 -0.058661075956800979 0.0032258813169910288 0.045966334058132885 -0.051307005974745135 -0.052793235523305719 -0.052341025006683278 -0.052785163697719767
leaf_weight=1.8948413364905743 0.17944046641787448 0.99291507808811652 2.8464157267735581 0.11335007901016059 0.1108261256085824 5.9885882352682529 1.3374319124850442 0.054215112671954446 0.14319591649473296 1.7940860987073377 1.7971681249719038 0.40121713490225408 2.2335730488230183 0.30229275141027723 0.25323016638867546 0.78349705475557141 0.18317459088211763 0.055585836759746599 0.04670530604198575 0.12740372361440677 0.23990561041864567 0.11859232075948967 0.26392464811578975 0.059818964738951763 0.13533382412424544 3.7684333998622606 0.10344219650778541 0.77196876078869547 1.6948357692463103 0.36023204870980408
leaf_count=6085 257 2506 732 349 200 126 66 120 296 5744 5344 975 3710 542 527 976 138 181 90 23 213 151 335 84 58 163 321 2407 6111 1170
internal_value=2.71806e-09 -0.0296504 -0.00196385 0.02821 0.0358104 0.0437919 0.0350815 -0.0432149 -0.0172914 -0.0437638 -0.0419186 -0.0357055 -0.0283144 -0.0389878 -0.0305738 -0.0248386 -0.032552 -0.0237148 0.00198061 0.0202824 -0.0088534 -0.0408729 -0.0139754 -0.0315341 -0.0251436 0.0440407 -0.0538782 -0.0537153 -0.052837 -0.0537838
internal_weight=29.1556 17.3848 5.86985 3.3901 2.95724 11.7708 5.78223 2.47975 0.714868 11.515 9.62013 6.13121 4.33404 2.10047 1.33902 1.08579 0.67636 0.432861 0.46823 0.174109 0.294121 0.493186 0.31951 0.313745 0.253926 5.10587 0.246638 1.76488 3.48892 0.761449
internal_count=40000 38957 7773 1797 932 1043 917 5976 1063 31184 25099 13244 7900 4190 2045 1518 688 865 446 113 333 550 516 293 209 229 617 4913 11855 2145
is_linear=0
shrinkage=0.05


Tree=27
num_leaves=31
num_cat=0
split_feature=5 3 1 10 4 8 9 8 9 10 10 8 8 8 4 4 3 8 1 4 8 9 4 10 10 10 10 4 4 10
split_gain=7.83508 4.57774 3.00681 3.55567 0.899695 0.759973 0.346173 0.873172 0.199874 0.0988235 0.0740845 0.399823 0.018222 0.00883598 0.00411357 0.00130011 0.000808899 0.000335683 0.000426476 0.000282445 0.000255697 0.000232122 0.000202493 0.000112178 0.000102863 5.50975e-05 8.2728e-05 5.01308e-05 0.00014328 3.91414e-05
threshold=1.0000000180025095e-35 0.37500000000000006 0.2868877407726374 0.96597222222222234 0.70416666666666672 0.25248477445013023 1.0000000180025095e-35 0.27961388097663503 1.0000000180025095e-35 0.96597222222222234 1.0000000180025095e-35 0.24248477445013025 0.55248477445013033 0.38501943081258833 0.87916666666666676 0.39583333333333343 0.37500000000000006 0.20461388097663502 0.1273506379587723 0.47083333333333333 0.43038940265989328 1.0000000180025095e-35 0.5291666666666669 0.82523148148148151 0.69953703703703718 0.68819444444444466 0.90856481481481488 0.89583333333333348 0.32083333333333336 0.79027777777777786
decision_type=2 2 2 2 2 2 2 2 2 2 2 2 2 2 2 2 2 2 2 2 2 2 2 2 2 2 2 2 2 2
left_child=1 2 3 -1 -5 -4 -6 -8 -7 -10 -3 -12 -9 14 15 -13 17 -2 24 -20 22 25 -18 -24 -19 -21 -27 28 -26 -23
right_child=16 10 5 4 6 8 7 12 9 -11 11 13 -14 -15 -16 -17 20 18 19 21 -22 29 23 -25 27 26 -28 -29 -30 -31
leaf_value=-0.020522143407951155 -0.052861313697264316 0.031254067661130008 -0.020522143407951155 -0.020522143407951155 -0.020522143407951155 -0.0081226460676320431 -0.020522143407951155 0.035299970972476148 0.035412763366379545 0.051303929655236738 -0.020522143407951155 0.049029282055753839 0.044007017843504387 0.053414674086417126 0.051923682558724732 0.045096155280916032 -0.053609981475641902 -0.052985704865167342 -0.05295682767486079 -0.055447037077572404 -0.053201282734087862 -0.054908182612732274 -0.058953524408367014 -0.056263921656543842 -0.051987287391105252 -0.060052464522965504 -0.05645578149416533 -0.05414487674952051 -0.053681620636408536 -0.054299535320669647
leaf_weight=6.7214962175639901 1.1739568121847686 0.55709688767092203 0.27648495900575554 0.65740605659084383 0.14529590655001801 0.20646047178888682 0.32725920877055603 3.798300695612852 2.2464590965846583 1.7331096901871208 0.11077644379565743 0.35669099304413954 0.7138157645058526 4.1950580798356896 0.67178924803738482 0.51127136574814358 0.031187027620035113 0.82491958288301281 0.2378552342270267 0.030061695928452203 0.046649206593428971 0.59340248509397497 0.10876946651842445 0.060237910729483701 0.13812987042183511 0.028521095096948557 0.036382124919327907 0.41024318199197285 1.2905536942271281 0.47605810935783666
leaf_count=15000 4237 98 833 1694 238 108 677 846 1169 262 351 85 137 304 81 221 132 2843 928 104 198 1900 349 206 540 74 106 1045 3769 1465
internal_value=1.25628e-08 0.0126936 -0.000998578 -0.013697 0.0204363 0.0341828 0.0279554 0.0304628 0.0398448 0.0423334 0.0486762 0.0503366 0.0366774 0.0522256 0.0489861 0.0467125 -0.0537379 -0.0536061 -0.0538211 -0.0545269 -0.056535 -0.0548476 -0.0573118 -0.0579949 -0.0534496 -0.0572167 -0.0580363 -0.0536577 -0.0535178 -0.0546373
internal_weight=28.7157 23.2288 16.8261 12.3636 5.64208 4.46251 4.98467 4.83938 4.18603 3.97957 6.40268 5.84559 4.51212 5.73481 1.53975 0.867962 5.48693 5.24008 4.06613 1.40228 0.246844 1.16443 0.200194 0.169007 2.66385 0.0949649 0.0649032 1.83893 1.42868 1.06946
internal_count=40000 22104 20964 18592 3592 2372 1898 1660 1539 1431 1140 1042 983 691 387 306 17896 17011 12774 4577 885 3649 687 555 8197 284 180 5354 4309 3365
is_linear=0
shrinkage=0.05


Tree=28
num_leaves=31
num_cat=0
split_feature=2 10 5 4 1 10 3 3 9 10 4 4 3 1 6 4 9 1 1 4 10 4 4 4 9 9 10 9 4 4
split_gain=14.4724 2.70733 1.96063 2.80848 0.358027 0.175956 0.429884 1.19041 0.0792742 0.0394781 0.00481117 0.000764808 0.000629885 0.00161272 0.000517894 0.000402922 0.0003719 0.000210055 0.000166585 0.000163754 0.000132706 0.000130046 0.000107156 3.00818e-05 2.89905e-05 2.38318e-05 6.09165e-05 1.43338e-05 8.20032e-06 6.37232e-06
threshold=1.0000000180025095e-35 0.80555555555555569 1.0000000180025095e-35 0.83750000000000013 0.12068699525935324 0.92291666666666672 0.37500000000000006 1.0000000180025095e-35 1.0000000180025095e-35 0.70462962962962983 0.51250000000000018 0.77083333333333348 1.0000000180025095e-35 0.39810585540859966 1.0000000180025095e-35 0.60416666666666685 1.0000000180025095e-35 0.16059284741242763 0.20934301164121447 0.9208333333333335 0.86921296296296302 0.21249999999999999 0.21249999999999999 0.96250000000000013 1.0000000180025095e-35 1.0000000180025095e-35 0.65178571428571441 1.0000000180025095e-35 0.38750000000000007 0.4916666666666667
decision_type=2 2 2 2 2 2 2 2 2 2 2 2 2 2 2 2 2 2 2 2 2 2 2 2 2 2 2 2 2 2
left_child=1 12 3 -3 -5 6 7 20 -6 -8 -7 -12 18 -14 15 29 -17 22 19 21 -2 -1 -4 -20 -23 -21 -27 -24 -19 -15
right_child=5 2 17 4 8 10 9 -9 -10 -11 11 -13 13 14 -16 16 -18 28 23 25 -22 24 27 -25 -26 26 -28 -29 -30 -31
leaf_value=-0.051971164437975018 -0.057789957539999839 -0.026657217989710692 -0.051642303785985513 0.029399617860899729 -0.026657217989710692 0.045947218162372572 0.042196922074584746 0.036384565162360535 0.0019973674120775001 0.053315927503269772 0.05150794787487617 0.050154187870092126 -0.052713044999845388 -0.049736049545356154 -0.053574557359499932 -0.052458612313137004 -0.042571197685446739 -0.051779188759163076 -0.052386020114369616 -0.052238077443720179 -0.054726421338178892 -0.052834453612384293 -0.052773008322392317 -0.053704480085188355 -0.053340828175002721 -0.053547888031107209 -0.054460200488504196 -0.053381640893094232 -0.052244663599630516 -0.051145576288088114
leaf_weight=0.19060534010350494 0.35571574690766494 2.5334758330955065 0.098283022554824462 3.9995661816938082 0.091832094127312192 0.62707319930632355 1.2461020095470305 2.3309679815356503 1.0197077710372466 2.2214088008768158 1.5767127683320721 3.0838806239044061 0.96693759373556509 0.021139278304872278 0.025108637564699166 0.010906306648394093 0.074308012712208438 0.11839323524327472 0.55812394852182468 0.017970133878407069 0.039250172732863575 0.30386494092817962 0.10334417651756678 0.046897599444491789 4.0487885816473854 0.31340482847008377 0.4396540308589465 1.5129425233899378 0.47119272065401674 0.012918737760628574
leaf_count=685 440 6965 421 1309 174 66 44 171 903 44 90 123 3277 96 64 37 371 529 1920 59 65 997 351 129 12275 876 1081 4560 1820 58
internal_value=3.82263e-10 -0.0293191 -0.0125352 -0.00034913 0.0224233 0.0433599 0.0376405 0.0227835 -0.00267907 0.0493201 0.0500589 0.0506122 -0.0530693 -0.051977 -0.0470479 -0.0456739 -0.0438367 -0.0529653 -0.0532743 -0.0533638 -0.0574855 -0.0532495 -0.0532453 -0.0524882 -0.0533055 -0.0540376 -0.0540805 -0.0533427 -0.0521512 -0.0502707
internal_weight=28.4605 16.9794 9.94874 7.64458 5.11111 11.4811 6.19344 2.72593 1.11154 3.46751 5.28767 4.66059 7.03063 1.11132 0.144381 0.119272 0.0852143 2.30416 5.91931 5.31429 0.394966 4.54326 1.71457 0.605022 4.35265 0.771029 0.753059 1.61629 0.589586 0.034058
internal_count=40000 38957 17032 9351 2386 1043 764 676 1077 88 279 213 21925 3903 626 562 408 7681 18022 15973 505 13957 5332 2049 13272 2016 1957 4911 2349 154
is_linear=0
shrinkage=0.05


Tree=29
num_leaves=31
num_cat=0
split_feature=2 5 3 1 7 7 3 3 7 7 9 4 9 9 4 4 4 4 3 4 1 7 9 7 1 9 7 4 9 9
split_gain=14.0189 1.48444 0.485112 0.817639 1.57953 0.499067 0.377287 1.78144 0.260545 0.343825 0.134293 0.120278 0.0687623 0.0637652 0.282576 0.00655477 0.00591019 0.0515685 0.000192541 0.00013796 0.000161474 6.47066e-05 1.45786e-05 3.57322e-05 6.80851e-06 9.44224e-07 6.3416e-07 4.17439e-07 4.68647e-07 2.80023e-07
threshold=1.0000000180025095e-35 1.0000000180025095e-35 1.0000000180025095e-35 0.093837890071704608 1.6145000000000003 1.3395000000000004 0.37500000000000006 1.0000000180025095e-35 0.98950000000000016 1.2095000000000002 1.0000000180025095e-35 0.37916666666666671 1.0000000180025095e-35 1.0000000180025095e-35 0.62916666666666676 0.9041666666666669 0.82916666666666672 0.74583333333333346 1.0000000180025095e-35 0.28750000000000009 0.15688844049551207 0.80150000000000021 1.0000000180025095e-35 1.3005000000000002 0.20934301164121447 1.0000000180025095e-35 1.7525000000000004 0.32916666666666666 1.0000000180025095e-35 1.0000000180025095e-35
decision_type=2 2 2 2 2 2 2 2 2 2 2 2 2 2 2 2 2 2 2 2 2 2 2 2 2 2 2 2 2 2
left_child=1 2 3 5 8 -1 7 21 -5 -10 -6 -11 -13 -7 -15 16 17 -9 19 -3 22 -2 26 -24 25 -22 -21 -20 -29 -26
right_child=6 18 -4 4 10 13 -8 15 9 11 -12 12 -14 14 -16 -17 -18 -19 27 20 24 -23 23 -25 29 -27 -28 28 -30 -31
leaf_value=-0.036062372147649527 -0.055540562958737084 -0.051495844973602871 -0.036062372147649527 -0.036062372147649527 -0.036062372147649527 -0.036062372147649527 0.051176406500679505 0.033386409292900099 -0.036062372147649527 -0.036062372147649527 0.026321524165922386 -0.036062372147649527 0.0016443238299576933 -0.036062372147649527 -0.0012039462683454318 0.045512957954990572 0.04487135443615721 0.048039783550171272 -0.05157234290780504 -0.052415608191844071 -0.051819086944713669 -0.057116560665685802 -0.0527251121540388 -0.053072223274999379 -0.051681355326632851 -0.052176645379192345 -0.052671773449769491 -0.051547855358592645 -0.051709538921608816 -0.051854969464646496
leaf_weight=2.2207752654285304 0.07700688571640224 0.25517702561046363 1.3209785527492375 0.95276057034789152 0.055707098479615857 0.10237847306416403 6.2205557611559925 1.3150857100772562 0.57809810543767559 0.13475581909005985 2.6651366457444965 0.065436887307442348 1.6018289744806671 0.36685844420935643 1.8085908921093503 1.3260552413994444 0.87507776123675274 1.1048284829521433 0.079911345688742474 0.1911217558517827 0.019567887095035985 0.42226558497350197 1.7694858360337096 1.2761112957523435 0.025056057551410049 0.32723417090892315 0.027656171470880508 0.049320125937811099 0.4909909426496597 0.31789472360105719
leaf_count=5984 115 1138 4056 2818 111 213 126 92 1685 419 1374 150 1824 1010 1634 57 43 37 385 721 82 573 6169 4024 108 1216 93 227 2227 1289
internal_value=5.29355e-09 -0.0291298 -0.0196233 -0.0155928 -0.00359492 -0.0317382 0.0429024 0.0328505 -0.0266711 -0.0161333 0.0246721 -0.00441461 -0.000525265 -0.0118824 -0.00988096 0.0425445 0.0413499 0.0400765 -0.0525015 -0.0526226 -0.0526954 -0.0568735 -0.0528422 -0.0528706 -0.0520003 -0.0521565 -0.052448 -0.051679 -0.0516948 -0.0518423
internal_weight=28.0437 16.7028 11.8733 10.5523 6.05372 4.4986 11.3409 5.12032 3.33288 2.38012 2.72084 1.80202 1.66727 2.27783 2.17545 4.62105 3.29499 2.41991 4.82953 4.2093 3.95413 0.499272 3.26438 3.0456 0.689753 0.346802 0.218778 0.620222 0.540311 0.342951
internal_count=40000 38957 21278 17222 8381 8841 1043 917 6896 4078 1485 2393 1974 2857 2644 229 172 129 17679 14840 13702 688 11007 10193 2695 1298 814 2839 2454 1397
is_linear=0
shrinkage=0.05


Tree=30
num_leaves=31
num_cat=0
split_feature=2 7 10 4 0 9 1 7 10 0 0 0 10 10 4 0 4 4 10 10 10 0 0 1 1 0 4 1 6 10
split_gain=13.5516 1.49373 4.44338 1.57853 0.757828 0.357823 0.674954 0.331672 0.1289 0.0859491 0.17654 0.0887862 0.0479594 0.181419 0.0258034 0.0191578 0.0360041 0.0613748 0.0184464 0.00669852 0.0661706 0.00610604 0.0128535 0.00155973 0.000849709 0.000419379 0.000506591 0.000244895 0.000198136 0.000190524
threshold=1.0000000180025095e-35 1.0865000000000002 0.92685185185185193 0.74583333333333346 0.034160212524974795 1.0000000180025095e-35 0.070280851316100512 1.5045000000000004 0.86736111111111114 0.029721498080937547 0.52228046351840651 0.15086308363025006 0.76759259259259272 0.65922619047619058 0.82916666666666672 0.029721498080937547 0.7791666666666669 0.89583333333333348 0.87361111111111123 0.53587962962962965 0.74768518518518523 0.049233123779000763 0.005195573154285575 0.35950280443465665 0.45021431619544994 0.14191757755345388 0.76250000000000018 0.28329920716779561 1.0000000180025095e-35 0.70462962962962983
decision_type=2 2 2 2 10 2 2 2 2 8 8 10 2 2 2 8 2 2 2 2 2 8 10 2 2 8 2 2 2 2
left_child=1 24 15 27 -2 -5 21 8 12 -8 11 -11 13 -6 -14 16 -3 -18 -9 -19 -21 22 -7 25 -1 26 -17 -4 29 -25
right_child=4 2 3 5 7 6 9 18 -10 10 -12 -13 14 -15 -16 23 17 19 -20 20 -22 -23 -24 28 -26 -27 -28 -29 -30 -31
leaf_value=-0.052666212448824704 -0.054564177541115047 -0.052773060548549661 -0.051697497963650078 -0.054144125348989408 -0.0011892148657234249 -0.053619381610224885 0.038426185971244753 0.047384124979058223 0.043431635700585856 0.032122752941199872 -0.04619776884355193 0.0098293968451963615 0.023365322412764029 0.03367702797259322 0.043562834534764533 -0.052582676070765499 -0.054069618275741672 -0.053012150388216175 0.052509501900560612 -0.053890621332387492 -0.013216989834896338 -0.048696613257984085 -0.02564685930504014 -0.049858376033076551 -0.047075842702677562 -0.052347703264533973 -0.054360813007967385 -0.048993411246804952 -0.053448234642543793 -0.047061563091317156
leaf_weight=4.6589565154217807 0.19758240316332631 1.0230616968437951 0.77158794201386616 0.15113389954785805 0.62653619153934303 0.045331143526709528 1.8772290041451922 2.9546503992278303 1.4858353447161787 1.863925732184726 0.085767801557267265 0.58735227914985433 0.26019447104044946 0.92229480138848885 0.40314100653995411 0.83932332949916666 0.37768092943588261 0.023984469240531325 4.3254746690254251 0.145390031117131 0.3202629459410673 0.039623348180612084 0.43663572271907469 0.12083846545465338 0.068978189011431712 2.0119037306985774 0.76624158675986109 0.093921433569448709 0.021575279824901372 0.12274610658005258
leaf_count=15582 321 3243 2530 314 143 91 297 144 153 549 299 546 55 100 38 2723 960 67 89 377 412 122 515 498 338 6730 1762 392 54 556
internal_value=-2.21021e-09 -0.0288596 -0.0192932 0.0110186 0.0424886 0.0216392 0.0239597 0.0442353 0.0320413 0.0303153 0.0243139 0.026781 0.0243908 0.0195729 0.0356403 -0.0505475 -0.0464196 -0.0389253 0.0504294 -0.0272437 -0.0259164 -0.0298289 -0.0282778 -0.0525573 -0.0525847 -0.0528286 -0.0534313 -0.0514041 -0.0488558 -0.048449
internal_weight=27.6292 16.4535 11.7255 5.95251 11.1757 5.087 4.93587 10.9781 3.698 4.41427 2.53705 2.45128 2.21217 1.54883 0.663335 5.77301 1.89038 0.867318 7.28013 0.489637 0.465653 0.52159 0.481967 3.88263 4.72793 3.61747 1.60556 0.865509 0.26516 0.243585
internal_count=40000 38957 23037 5655 1043 2733 2419 722 489 1691 1394 1095 336 243 93 17382 5059 1816 233 856 789 728 606 12323 15920 11215 4485 2922 1108 1054
is_linear=0
shrinkage=0.05


Tree=31
num_leaves=31
num_cat=0
split_feature=2 5 5 7 8 1 0 7 0 8 7 4 4 0 0 0 0 0 0 4 4 8 7 0 1 4 1 7 7 8
split_gain=12.9905 1.54418 1.41127 2.69993 1.65101 0.833697 0.400193 0.168578 0.145134 0.0717298 0.0220549 0.0233016 0.0176108 0.00266772 0.00182982 0.105573 0.000167065 0.000161991 0.00012654 0.000107746 5.17121e-05 5.52708e-05 3.43746e-05 1.78314e-05 3.26593e-05 3.50414e-06 6.9997e-06 1.3275e-06 1.24753e-06 1.21036e-06
threshold=1.0000000180025095e-35 1.0000000180025095e-35 1.0000000180025095e-35 1.3085000000000002 0.29748477445013027 0.073598165629738629 0.39946884439411184 1.2845000000000002 0.0095486038212643978 0.46248477445013025 0.69550000000000012 0.44583333333333336 0.7958333333333335 0.141115655935701 0.041858684541144699 0.029072156600332546 0.52228046351840651 0.25300184903845774 0.047533985494204782 0.86250000000000016 0.38750000000000007 0.26500092162619043 1.3165000000000002 0.26734824606673863 0.14236618722603231 0.52083333333333348 0.13228233422696054 1.1215000000000002 1.1495000000000002 0.31748477445013024
decision_type=2 2 2 2 2 2 8 2 10 2 2 2 2 10 8 10 8 8 10 2 2 2 2 10 2 2 2 2 2 2
left_child=2 7 3 -1 -5 14 8 10 -7 -9 -2 -12 -13 16 15 -6 -3 18 20 -15 -4 -22 27 24 -19 -20 28 -23 -27 -30
right_child=1 13 17 4 5 6 -8 9 -10 -11 11 12 -14 19 -16 -17 -18 23 25 -21 21 22 -24 -25 -26 26 -28 -29 29 -31
leaf_value=-0.035734235483387194 0.038995285583078423 -0.055426857878762295 -0.05189140268193787 -0.035734235483387194 -0.035734235483387194 -0.035734235483387194 -0.035734235483387194 0.043527979836677604 0.024786457911234752 0.052546356175801751 0.0071432277903530784 0.023652588536230083 0.036311881430482452 -0.066595464158400106 -0.035734235483387194 -0.0024853789134521059 -0.059773051926838662 -0.052089714285816824 -0.051639284338750008 -0.068800699113147706 -0.052246239538752876 -0.052526057688442068 -0.053056837840103725 -0.051415307606477383 -0.05141645958074692 -0.051999509640612063 -0.051789766581027921 -0.052663854502526634 -0.052081642912321806 -0.052433555703805403
leaf_weight=4.5455766267846247 0.64208904323459215 0.051216870720964702 0.28665999932854891 1.2391569093183532 0.35286443801305711 0.066065757477190235 0.21900293818589478 4.4178123847068473 4.7629510570841376 4.4016907409550186 0.12549825184396457 0.55803915071919596 0.54112679153331555 0.1534245118527906 0.13732566844555549 0.24313596713909646 0.03890819035586901 0.43729334980889667 0.19362955976976071 0.086685571150155738 0.71733239802415516 0.57078397167788331 0.64007832303468604 0.45617984493583208 0.30630429771690615 0.071324890828691423 0.52714571511023678 0.25192443514242768 0.044694100273773074 0.053899255770375021
leaf_count=13584 90 70 1200 3407 705 113 714 304 2213 92 57 167 116 73 319 223 34 1768 895 40 2750 1968 1875 2216 1451 279 2096 834 175 172
internal_value=-6.01821e-09 0.041849 -0.0285939 -0.0193084 0.00176171 0.0134717 0.020709 0.0451397 0.0237427 0.0480289 0.0314896 0.0275544 0.0298848 -0.0646384 -0.0357342 -0.0328814 -0.0573032 -0.0521601 -0.0523383 -0.0673916 -0.0525227 -0.0526057 -0.052782 -0.0516614 -0.0518124 -0.0518275 -0.0518797 -0.0525683 -0.0521588 -0.052274
internal_weight=27.1398 11.0165 16.1233 11.5661 7.0205 5.78135 5.04802 10.6863 4.82902 8.8195 1.86675 1.22466 1.09917 0.330235 0.733326 0.596 0.0901251 4.55725 3.35747 0.24011 2.46678 2.18012 1.46279 1.19978 0.743598 0.890694 0.697064 0.822708 0.169918 0.0985934
internal_count=40000 1043 38957 21278 7694 4287 3040 826 2326 396 430 340 283 217 1247 928 104 17679 12244 113 8627 7427 4677 5435 3219 3617 2722 2802 626 347
is_linear=0
shrinkage=0.05


Tree=32
num_leaves=31
num_cat=0
split_feature=1 5 5 10 7 3 7 8 7 9 8 3 10 9 7 10 7 10 10 8 3 9 10 10 8 7 10 10 10 9
split_gain=7.68139 3.00609 1.33364 1.11889 0.957856 0.843476 0.622602 1.76309 1.26362 0.419132 0.234083 0.22399 0.213932 0.204281 0.146489 0.0543366 0.0387566 0.0220773 0.0025424 0.000230078 0.00099564 0.000221168 0.000137588 0.000121792 8.69115e-05 5.24736e-05 4.37302e-05 2.20667e-05 1.74167e-05 0.000129749
threshold=0.20184567810645168 1.0000000180025095e-35 1.0000000180025095e-35 0.70595238095238111 1.2405000000000002 0.37500000000000006 0.83550000000000013 0.33248477445013025 1.2675000000000003 1.0000000180025095e-35 0.23038940265989319 0.37500000000000006 0.73750000000000016 1.0000000180025095e-35 1.4385000000000003 0.65039682539682553 1.5445000000000002 0.86921296296296302 0.78402777777777788 0.30961388097663506 1.0000000180025095e-35 1.0000000180025095e-35 0.91944444444444451 0.85486111111111118 0.32500092162619038 1.7665000000000002 0.9750000000000002 0.68584656084656093 0.61736111111111125 1.0000000180025095e-35
decision_type=2 2 2 2 2 2 2 2 2 2 2 2 2 2 2 2 2 2 2 2 2 2 2 2 2 2 2 2 2 2
left_child=2 4 3 -1 5 -2 -5 -8 -9 -6 -7 12 -11 -10 -15 -13 -16 -12 -14 28 25 -22 23 -23 -4 -21 27 -26 29 -3
right_child=1 19 24 6 9 10 7 8 13 11 17 15 18 14 16 -17 -18 -19 -20 20 21 22 -24 -25 26 -27 -28 -29 -30 -31
leaf_value=-0.034556632611357843 -0.010159715836877673 -0.056806513816718918 -0.051969368505285621 -0.034556632611357843 -0.010159715836877673 -0.010159715836877673 -0.034556632611357843 -0.034556632611357843 -0.034556632611357843 0.017430586123496818 0.035957625621964411 0.037446650469635627 0.037833322783888651 0.003854134507049536 0.016590375904864525 0.052502480764402816 0.030960970865547208 0.049764214489305736 0.042089542049198951 -0.052404416132963511 -0.060687116954910428 -0.057396535503599258 -0.054472136029071777 -0.053536483633101588 -0.052068546519535241 -0.054499857021048516 -0.052905824631574144 -0.052474184840102779 -0.053786086093296138 -0.052166194681178113
leaf_weight=2.107781895836526 1.1747787430313101 0.018540169199695811 1.7985095683980028 0.77144933186355036 0.24708174329134536 0.080935100440911012 1.8477671274449674 0.66203707907334308 0.08691694980370801 1.2630941667939604 0.54400540812912346 0.69979077869811579 0.39828800962459388 0.69880761027161487 0.55144504658528637 4.1719593323737172 3.1448710840668355 0.61900242371575587 2.9465480704075162 0.21091440560121555 0.034348093759035692 0.2128565749808331 0.067962621069000306 0.022604952828260139 0.52809831395279594 0.034806995710823685 0.41963951448269643 0.91823388526972849 0.35660492108581821 0.080351975062511682
leaf_count=5834 2675 63 7346 2190 176 208 4538 1627 119 875 284 117 191 583 251 361 992 143 940 825 83 737 273 97 2104 107 1250 3118 1516 377
internal_value=4.7664e-09 0.027163 -0.0264585 -0.0168959 0.034146 0.00598782 -0.00704484 -0.00195251 0.0134197 0.041148 0.0367674 0.042865 0.0349623 0.0232926 0.024848 0.0503398 0.0288171 0.0433061 0.0415827 -0.0544654 -0.0551228 -0.0568844 -0.0564539 -0.057026 -0.0522174 -0.0527012 -0.0524565 -0.0523261 -0.0536233 -0.0530362
internal_weight=26.72 13.1845 13.5356 9.87108 12.1455 2.41872 7.76329 6.99184 5.14408 9.72676 1.24394 9.47968 4.60793 4.48204 4.39512 4.87175 3.69632 1.16301 3.34484 1.03899 0.583494 0.337772 0.303424 0.235462 3.66448 0.245721 1.86597 1.44633 0.455497 0.0988921
internal_count=40000 10048 29952 16134 5970 3310 10300 8110 3572 2660 635 2484 2006 1945 1826 478 1243 427 1131 4078 2122 1190 1107 834 13818 932 6472 5222 1956 440
is_linear=0
shrinkage=0.05


Tree=33
num_leaves=31
num_cat=0
split_feature=2 10 7 4 0 3 10 1 0 10 0 4 4 10 10 10 10 0 0 1 0 0 4 4 4 0 1 1 6 1
split_gain=12.2668 1.05671 0.938396 2.41303 0.880607 0.436007 0.551828 0.241586 0.157979 0.119194 0.0943568 0.0477208 0.262943 0.0451892 0.0189459 0.0116189 0.00480406 0.001832 0.000666468 0.000289732 0.000284385 0.000200467 9.8672e-05 7.59601e-05 7.05049e-05 9.63858e-05 0.000182793 4.82252e-05 4.32161e-05 3.55685e-05
threshold=1.0000000180025095e-35 0.68935185185185199 0.91850000000000009 0.87083333333333346 0.016060226950556554 0.37500000000000006 0.58958333333333346 0.16059284741242763 0.13057905292101185 0.93194444444444446 0.28363250309324911 0.32916666666666666 0.6708333333333335 0.8583333333333335 0.90138888888888902 0.92476851851851871 0.70734126984126999 0.38662500373592984 0.14811106828750656 0.20353122406756091 0.16278987610400614 0.25132296258152836 0.4916666666666667 0.21249999999999999 0.48750000000000004 0.02706239623890937 0.11606629577846299 0.12266300320733189 1.0000000180025095e-35 0.064631700149291482
decision_type=2 2 2 2 10 2 2 2 8 2 10 2 2 2 2 2 2 10 8 2 8 10 2 2 2 10 2 2 2 2
left_child=1 19 20 8 18 6 -2 -6 11 13 -9 -4 -13 16 -7 -15 -8 -12 -5 -1 23 24 -23 -3 -10 26 -26 29 -24 -20
right_child=5 2 3 4 7 14 9 10 21 -11 17 12 -14 15 -16 -17 -18 -19 27 -21 -22 22 28 -25 25 -27 -28 -29 -30 -31
leaf_value=-0.05227367222502708 -0.036922212151188627 -0.051212319192453441 -0.051484123855910779 -0.05338897112858141 0.02235693888604455 0.047571409503376794 0.018748916875678808 -0.00014020109470635271 -0.051585589940144096 0.042900814455558468 -0.051638667678361144 -0.051890297681829137 -0.019499889834409367 0.032988782101430303 0.053183185640869948 0.047678414791836696 0.024237283162974493 -0.039954389662010537 -0.050002576996188521 -0.051189492314012944 -0.051205248187713853 -0.050776747706682279 -0.049419373380825381 -0.052576336364531712 -0.05107034883601759 -0.051265725334665092 -0.048801206001377349 -0.050631176091567379 -0.052810627248621289 -0.048214890390215648
leaf_weight=2.7956710876751472 0.29100489438496868 0.11104356862779186 0.29620153379801051 0.32799357697513176 3.6630129902550834 3.3115862135855423 0.6594932324769619 0.68998507998549019 0.41381768034898392 2.0625078584525909 0.068907516055332962 0.94362791897947351 1.864779136929428 0.38146597275772354 2.7554902970368857 0.2080175898008747 1.0083230501586511 0.065375849185329571 0.049946685336180963 0.7904442760486744 0.66313692491166865 0.2390482759601581 0.40078593598627776 1.2626314617664318 0.22864500468858751 0.46940352222372894 0.14505693642104234 0.076801547291324823 0.009619787975680083 0.062819794824463315
leaf_count=9700 168 491 1137 685 1815 85 170 748 1680 224 201 3208 3103 97 41 14 244 235 168 3083 2652 956 1561 4076 820 1473 640 291 26 208
internal_value=2.554e-09 -0.0282073 -0.0211177 -0.0148263 0.00973069 0.0413122 0.0297224 0.0168536 -0.0393531 0.034212 -0.0076032 -0.0323963 -0.0303831 0.0262729 0.0501201 0.0381725 0.0220671 -0.0459502 -0.0520249 -0.0520347 -0.0520556 -0.0506825 -0.0499692 -0.0524661 -0.0510511 -0.0507887 -0.0501896 -0.0496648 -0.0494989 -0.0490067
internal_weight=26.3166 15.6388 12.0526 10.0158 5.00484 10.6779 4.61081 4.48728 5.01099 4.31981 0.824268 3.10461 2.80841 2.2573 6.06708 0.589484 1.66782 0.134283 0.517562 3.58612 2.03681 1.90638 0.649454 1.37368 1.25692 0.843105 0.373702 0.189568 0.410406 0.112766
internal_count=40000 38957 26174 18955 4351 1043 917 2999 14604 749 1184 7448 6311 525 126 111 414 436 1352 12783 7219 7156 2543 4567 4613 2933 1460 667 1587 376
is_linear=0
shrinkage=0.05


Tree=34
num_leaves=31
num_cat=0
split_feature=3 10 5 7 5 10 7 7 8 7 8 4 8 8 5 4 1 3 1 8 8 8 8 7 7 7 1 8 5 4
split_gain=8.55941 3.88638 2.18964 1.74944 0.917634 0.373343 0.467835 0.338344 0.324491 0.278959 0.183043 0.155856 0.310546 0.14554 0.123131 0.11698 0.103576 0.026468 0.0170248 0.013532 0.0128162 0.0122272 0.0114963 0.020599 0.133879 0.0438345 0.00657845 0.00625237 0.00536127 0.0112881
threshold=1.0000000180025095e-35 0.92476851851851871 1.0000000180025095e-35 1.4215000000000002 1.0000000180025095e-35 0.70595238095238111 1.3615000000000004 1.1215000000000002 0.40538940265989326 1.3335000000000001 0.10038940265989317 0.89583333333333348 0.32500092162619038 0.20038940265989319 1.0000000180025095e-35 0.87916666666666676 0.11085049125473916 0.37500000000000006 0.084277499050817453 0.53248477445013032 0.41538940265989327 0.38038940265989324 0.5446138809766351 1.7525000000000004 1.5375000000000001 1.2355000000000003 0.085782533520325263 0.41538940265989327 1.0000000180025095e-35 0.69583333333333341
decision_type=2 2 2 2 2 2 2 2 2 2 2 2 2 2 2 2 2 2 2 2 2 2 2 2 2 2 2 2 2 2
left_child=1 26 5 7 11 6 19 -3 10 15 -7 12 -5 -8 -11 -9 18 22 -17 -2 -14 -15 23 24 25 -10 -1 -13 29 -28
right_child=2 3 -4 4 -6 8 13 9 17 14 -12 27 20 21 -16 16 -18 -19 -20 -21 -22 -23 -24 -25 -26 -27 28 -29 -30 -31
leaf_value=-0.052269125964553388 -0.0088584098592107228 -0.052225971670698701 -0.05469126791022301 -0.011780815508988199 -0.052740590099284626 -0.0088584098592107228 -0.0088584098592107228 -0.051527502327167587 -0.0088584098592107228 0.021646119005433707 0.031878687763360926 0.03569618124921272 0.021910008861165758 0.032046749752825628 -0.052480138589082792 -0.053446601502457086 0.01479344175286563 0.052679866259148667 -0.023433114195488065 0.018155567451551544 0.031823145306613142 0.040573337913449858 0.048826863656806996 0.049448051246904823 0.050689008741575996 0.022398893990795376 -0.04992892882359859 0.041315366734630675 -0.05182148236352585 -0.045135795562770878
leaf_weight=3.3676560487365368 0.54049560574412447 1.1008159909979442 0.69232378318520282 0.19895979496141114 0.37604212957376137 0.092665992035561806 0.059638655960043141 0.42476569342943526 0.056107041596988205 0.47674563362670597 3.2305096141330978 1.5080001530950542 0.59654733386923886 0.8102925610664895 0.06348261286620982 0.095364266511751339 0.17515491128142457 2.9079495681990011 0.09364593293867074 0.11099451311929442 0.71903479751017585 0.87392412607914594 1.2874666479292498 0.50271638300910126 0.44304773553722043 0.12603493090864504 1.1314005730237116 0.73696361053589488 1.4060290930719928 1.6641987212788079
leaf_count=11305 906 3534 2915 474 1151 288 136 1348 182 251 1791 168 238 215 202 174 120 182 73 109 275 178 176 53 49 70 3608 66 5974 3789
internal_value=8.06125e-10 -0.026205 0.0315661 0.00194584 0.0217301 0.0369744 0.0195066 -0.0317248 0.0418136 -0.0147455 0.0295543 0.029179 0.0167844 0.0332824 0.0129355 -0.0337004 -0.0129067 0.0494667 -0.0385763 -0.00885841 0.0273281 0.0364711 0.0455982 0.0419127 0.0358536 -0.000232554 -0.0506227 0.0375408 -0.049303 -0.0480364
internal_weight=25.869 14.1348 11.7342 6.56552 4.13555 11.0418 2.39535 2.42998 8.6465 1.32916 3.32318 3.75951 1.51454 1.74386 0.540228 0.788931 0.364165 5.32332 0.18901 0.65149 1.31558 1.68422 2.41537 1.12791 0.62519 0.182142 7.56928 2.24496 4.20163 2.7956
internal_count=40000 32750 7250 8074 2372 4335 1544 5702 2791 2168 2079 1221 987 529 453 1715 367 712 247 1015 513 393 530 354 301 252 24676 234 13371 7397
is_linear=0
shrinkage=0.05


Tree=35
num_leaves=31
num_cat=0
split_feature=2 10 10 7 5 8 7 3 3 5 8 7 5 8 3 7 7 8 7 3 3 4 8 4 5 8 5 4 4 7
split_gain=11.4716 1.69777 2.28645 1.42224 0.683314 0.54073 0.658775 0.452722 1.52892 0.146743 0.0451015 0.147569 0.0932259 0.0317703 0.00155181 0.00032577 0.000398827 0.000182994 0.000173436 0.000139461 0.000212598 0.000479629 0.000121112 0.000113969 0.000109724 9.6833e-05 7.15844e-05 5.93389e-05 4.31497e-05 3.1575e-05
threshold=1.0000000180025095e-35 0.76759259259259272 0.96597222222222234 1.4695000000000003 1.0000000180025095e-35 0.35961388097663499 1.2515000000000003 0.37500000000000006 1.0000000180025095e-35 1.0000000180025095e-35 0.29461388097663505 1.4275000000000002 1.0000000180025095e-35 0.43748477445013029 0.37500000000000006 1.8435000000000004 1.1465000000000003 0.43038940265989328 1.0045000000000002 1.0000000180025095e-35 0.37500000000000006 0.84583333333333344 0.39447770954758848 0.74583333333333346 1.0000000180025095e-35 0.32947770954758854 1.0000000180025095e-35 0.35416666666666669 0.17916666666666672 1.2095000000000002
decision_type=2 2 2 2 2 2 2 2 2 2 2 2 2 2 2 2 2 2 2 2 2 2 2 2 2 2 2 2 2 2
left_child=1 14 10 5 13 -4 26 8 18 -8 19 17 -13 -5 25 16 -16 28 -2 27 -21 -22 -18 -17 -19 -1 -7 -3 -12 -23
right_child=7 2 3 4 -6 6 9 -9 -10 -11 11 12 -14 -15 15 23 22 24 -20 20 21 29 -24 -25 -26 -27 -28 -29 -30 -31
leaf_value=-0.051676428037322301 -0.052348375792249484 -0.051131814793179846 -0.052051494202480814 0.026218531985509559 -0.052266169555253206 -0.050595883440730266 0.0278822317096903 0.04959483368264371 0.038939235938678131 -0.05242644281072404 -0.050830360110450959 -0.01794175566570632 -0.05194530493303099 0.03678455210904135 -0.050426266029172495 -0.045627569652662389 -0.046838337125059283 -0.05036099700518485 -0.054435230276678605 -0.051412177025810184 -0.050674882125794185 -0.042544715092759214 -0.042838224336011636 -0.036791619490158294 -0.051789875992917567 -0.052126693141034498 -0.051852709303737712 -0.052026120491327169 -0.052181899585187777 -0.03804242363154238
leaf_weight=2.4188332289559193 0.13716802854469268 0.22169400147686058 1.1043841168598194 2.3269736387019302 0.27697331738522724 0.30625794583920629 0.78120758385375666 5.9169153473376355 3.9295274512696778 0.061348745199211407 0.064077760507643911 0.77822858962554142 0.27203049634408671 1.024740563241721 0.088092761305688216 0.0061251027964317481 0.071895655055413954 0.35094757152273814 0.36316005872322421 0.18825144044603792 0.043640981788030331 0.0084941669065301539 0.025682205641714972 0.0090288046885689255 0.21769331274117576 2.3581856876662641 0.17981258581858128 1.1356320598715681 0.75346307944710134 0.0071908405625435981
leaf_count=9729 210 1001 3565 791 922 793 260 126 229 197 284 1055 1025 246 413 31 328 1086 478 789 199 36 116 44 893 7871 714 4058 2477 34
internal_value=-2.19049e-09 -0.0278175 -0.0160417 0.00338018 0.0232117 -0.0261974 -0.00470685 0.0405452 0.0284577 0.0220347 -0.0451729 -0.0408859 -0.0267491 0.0294489 -0.0517177 -0.047412 -0.0479874 -0.0515968 -0.0538631 -0.051681 -0.0505897 -0.0479797 -0.0457855 -0.040363 -0.050908 -0.0518987 -0.0510608 -0.0518801 -0.052076 -0.0404806
internal_weight=25.4277 15.0809 10.103 6.0617 3.62869 2.43301 1.32863 10.3468 4.42986 0.842556 4.04134 2.43644 1.05026 3.35171 4.97784 0.200825 0.185671 1.38618 0.500328 1.6049 0.247577 0.059326 0.0975779 0.0151539 0.568641 4.77702 0.486071 1.35733 0.817541 0.015685
internal_count=40000 38957 20425 7488 1959 5529 1964 1043 917 457 12937 6820 2080 1037 18532 932 857 4740 688 6117 1058 269 444 75 1979 17600 1507 5059 2761 70
is_linear=0
shrinkage=0.05


Tree=36
num_leaves=31
num_cat=0
split_feature=2 3 5 0 7 8 10 8 10 10 10 7 8 10 10 5 8 0 7 7 10 0 8 0 0 0 0 0 7 3
split_gain=10.9899 1.7419 1.20677 1.15296 2.14605 0.612921 0.88294 0.553102 0.243942 0.129251 0.153801 0.083441 0.0530034 0.013122 0.0431 0.000148829 0.000171343 0.000121725 5.80578e-05 4.69127e-05 3.28319e-05 9.41865e-05 3.88263e-05 2.35001e-05 2.24674e-05 9.66317e-05 3.80026e-05 9.2405e-05 1.51515e-05 1.05425e-05
threshold=1.0000000180025095e-35 1.0000000180025095e-35 1.0000000180025095e-35 0.049233123779000763 1.6335000000000002 0.28248477445013026 0.95462962962962983 0.50248477445013029 0.74375000000000002 0.89513888888888904 0.65806878306878314 0.77150000000000019 0.46248477445013025 0.57349537037037046 0.73750000000000016 1.0000000180025095e-35 0.50000092162619036 0.25897045780994937 1.1305000000000003 1.1125000000000003 0.70734126984126999 0.16100111626697675 0.32000092162619037 0.047226149736941989 0.03870487886920667 0.16708965295775757 0.01743932133197704 0.033169918351948172 1.3825000000000003 1.0000000180025095e-35
decision_type=2 2 2 8 2 2 2 2 2 2 2 2 2 2 2 2 2 10 2 2 2 8 2 8 10 10 10 8 2 2
left_child=2 15 3 4 7 -6 13 -1 -9 10 -3 -10 -12 -7 -15 16 18 -17 -2 -18 23 22 -22 -4 26 -26 27 -20 -24 -23
right_child=1 9 20 -5 5 6 -8 8 11 -11 12 -13 -14 14 -16 17 19 -19 24 -21 21 29 28 -25 25 -27 -28 -29 -30 -31
leaf_value=-0.035256741186688222 -0.052035404855513938 0.024284595318434427 -0.051487904352018644 -0.035256741186688222 -0.035256741186688222 -0.035256741186688222 0.042364754786395731 -0.035256741186688222 -0.035256741186688222 0.050417075319243915 0.0384399229524445 0.024367290766087624 0.050682675884104689 -0.035256741186688222 -0.012410577734137871 -0.05361359640461423 -0.047319283497748915 -0.057177040706813502 -0.05361359640461423 -0.050857271322443803 -0.051543752382428913 -0.05125825724671508 -0.051844717525829233 -0.051055807830508608 -0.05361359640461423 -0.051760925247409606 -0.05361359640461423 -0.049534991335018631 -0.052245144209151884 -0.050861556600214602
leaf_weight=2.9613608513900522 0.11651978937879981 1.3185397281558815 0.67052164343476861 3.8461516106540339 0.25442724835738806 0.09103187525761347 2.455959876991983 0.15509006017236959 0.040320356594747864 4.8200830328496522 1.8508442233433018 0.62928679722244851 1.6925015914603134 0.1246351091976976 0.30306889748680987 0.076108432200271636 0.015742538471386069 0.033462011255323887 0.023089172929758206 0.023144474023865769 0.85764440793718699 0.53075484354485514 0.59506376848730724 0.59290787614008889 0.068181280803401023 0.071994048867054516 0.027510179061209783 0.023446615410648519 0.39176732419582549 0.24468735126015417
leaf_count=7359 189 100 3083 11242 640 195 205 476 120 105 115 455 35 248 338 113 29 28 37 44 3769 2600 2240 3246 87 76 42 43 1226 1515
internal_value=5.69482e-09 0.0400095 -0.0275722 -0.019019 -0.00663677 0.0233081 0.0298455 -0.0321767 0.00621898 0.044615 0.0388629 0.0197835 0.0442878 -0.0294268 -0.0243975 -0.0530443 -0.0525645 -0.0546627 -0.0529336 -0.049425 -0.0514945 -0.0515954 -0.0517898 -0.0512851 -0.0534222 -0.0536136 -0.0526838 -0.051765 -0.0520037 -0.0511331
internal_weight=24.9058 10.1612 14.7447 10.8613 7.01518 3.22912 2.9747 3.78606 0.824697 9.68197 4.86189 0.669607 3.54335 0.518736 0.427704 0.479199 0.369628 0.10957 0.330741 0.038887 3.88335 2.61992 1.84448 1.26343 0.214221 0.140175 0.074046 0.0465358 0.986831 0.775442
internal_count=40000 1043 38957 21278 10036 1626 986 8410 1051 355 250 575 150 781 586 688 547 141 474 73 17679 11350 7235 6329 285 163 122 80 3466 4115
is_linear=0
shrinkage=0.05


Tree=37
num_leaves=31
num_cat=0
split_feature=2 3 5 8 7 4 10 10 8 7 10 10 4 8 7 10 5 8 3 4 4 4 10 10 7 8 10 10 10 7
split_gain=10.5772 1.62813 1.17057 1.21574 1.92029 1.09669 1.61446 0.295715 0.196028 0.107068 0.0264447 0.108459 0.00125597 0.000204239 0.000167503 0.000121401 9.97569e-05 9.3532e-05 7.52677e-05 6.94751e-05 6.93404e-05 2.85951e-05 5.26574e-05 2.13932e-05 9.38474e-06 2.01985e-05 5.55622e-06 0.000214002 4.35647e-06 2.84618e-06
threshold=1.0000000180025095e-35 1.0000000180025095e-35 1.0000000180025095e-35 0.28038940265989326 1.2715000000000003 0.68750000000000011 0.95254629629629639 0.54745370370370383 0.29961388097663505 1.2175000000000002 0.64087301587301604 0.78587962962962976 0.62916666666666676 0.34748477445013021 1.2005000000000003 0.85092592592592609 1.0000000180025095e-35 0.48748477445013022 1.0000000180025095e-35 0.46250000000000002 0.62083333333333346 0.3666666666666667 0.75810185185185197 0.56845238095238104 1.0255000000000003 0.30748477445013028 0.92685185185185193 0.77152777777777792 0.68293650793650806 1.3995000000000002
decision_type=2 2 2 2 2 2 2 2 2 2 2 2 2 2 2 2 2 2 2 2 2 2 2 2 2 2 2 2 2 2
left_child=2 13 3 -1 -5 -6 10 -3 9 -9 -7 -12 -10 16 20 -13 19 -16 21 -2 -15 23 28 -4 -24 -26 27 -21 -23 -27
right_child=1 7 18 4 5 6 -8 8 12 -11 11 15 -14 14 17 -17 -18 -19 -20 26 -22 22 24 -25 25 29 -28 -29 -30 -31
leaf_value=-0.035158917335848493 -0.05224603508908901 0.012445900268977973 -0.051763513469319983 -0.035158917335848493 -0.035158917335848493 -0.035158917335848493 0.032108034681050425 -0.00029237110283961544 0.047816065241570081 0.036396992605234484 -0.035158917335848493 -0.011877998752897434 0.049297893295076944 -0.053858255461676399 -0.055755306614107193 -0.010453491718850632 -0.053485577075908092 -0.052818455025622373 -0.050781806022081336 -0.05184225034175758 -0.050882194293998539 -0.051210892789940669 -0.051533346178340524 -0.050838169604724072 -0.051530746964953494 -0.051841596984839949 -0.049946256909048192 -0.04710816684093163 -0.051410893235791823 -0.052045824555097486
leaf_weight=2.6639740001887722 0.036269482618082161 0.6896021774809914 0.080887342555799324 2.1269698102146304 0.77004768681626945 0.32260018706620008 3.8516008529481951 0.29611798951373014 1.870535954236402 0.60534759490110446 0.36234721125492797 0.28969846861400583 6.0710367751526064 0.030262157786637545 0.08405167616365361 0.30919844009622466 0.051063609222183004 0.040018034445893136 0.44739732724428893 0.096781220769116771 0.055407859741535503 0.83679560228483774 0.54734538830962254 0.27419235539855435 0.46792563299095469 0.30453954876429634 0.032893150459130993 0.031687840017184499 0.40360349876573309 0.38788408058462664
leaf_count=9273 55 46 337 6938 2267 783 645 65 47 54 764 255 143 41 89 353 80 65 2839 145 85 4261 2371 1611 2002 1122 62 66 1840 1296
internal_value=-5.35115e-09 0.0395552 -0.0273551 -0.0189274 -0.00815479 0.00732392 0.0159224 0.0439815 0.0464407 0.0243451 -0.0326354 -0.0263679 0.0489489 -0.0524847 -0.0536339 -0.0111426 -0.0515155 -0.054808 -0.0513904 -0.0510065 -0.0519335 -0.0514729 -0.0515239 -0.051049 -0.051704 -0.0517845 -0.0505261 -0.0506746 -0.051276 -0.051956
internal_weight=24.4381 9.99108 14.447 10.6964 8.03246 5.90549 5.13545 9.53264 8.84304 0.901466 1.28384 0.961244 7.94157 0.458435 0.20974 0.598897 0.248695 0.12407 3.75057 0.197632 0.08567 3.30317 2.94809 0.35508 1.70769 1.16035 0.161362 0.128469 1.2404 0.692424
internal_count=40000 1043 38957 21278 12005 5067 2800 355 309 119 2155 1372 190 688 280 608 408 154 17679 328 126 14840 12892 1948 6791 4420 273 211 6101 2418
is_linear=0
shrinkage=0.05


Tree=38
num_leaves=31
num_cat=0
split_feature=2 10 9 4 10 10 9 3 10 10 4 7 1 7 7 7 7 1 1 7 10 7 9 7 1 1 7 10 7 4
split_gain=10.317 2.43206 0.76219 0.318174 0.376828 0.718568 0.307716 0.303437 0.380741 0.252953 0.244159 0.131413 0.288028 0.768705 0.107405 0.0893834 0.061832 0.0581859 0.0843365 0.142061 0.0433516 0.00292968 0.00251303 0.00119368 0.000552731 0.000417496 0.000298981 0.00015509 0.00120004 0.000511486
threshold=1.0000000180025095e-35 0.99189814814814814 1.0000000180025095e-35 0.7875000000000002 0.73981481481481504 0.95254629629629639 1.0000000180025095e-35 0.37500000000000006 0.65178571428571441 0.58159722222222232 0.40416666666666679 0.59350000000000003 0.22482128910582372 1.1385000000000003 0.71050000000000013 0.90750000000000008 1.5445000000000002 0.082204382327868822 0.16250333891944613 1.8855000000000002 0.75509259259259276 1.6905000000000003 1.0000000180025095e-35 1.1415000000000004 0.23213300439591342 0.26717319747518192 1.5925000000000002 0.70972222222222237 1.6955000000000002 0.44583333333333336
decision_type=2 2 2 2 2 2 2 2 2 2 2 2 2 2 2 2 2 2 2 2 2 2 2 2 2 2 2 2 2 2
left_child=1 3 -2 25 24 17 -3 8 9 23 -8 -12 13 -13 -10 -7 -17 -6 19 22 -9 -22 -19 -4 -5 27 -14 -1 -29 -30
right_child=2 6 7 4 5 15 10 20 14 -11 11 12 26 -15 -16 16 -18 18 -20 -21 21 -23 -24 -25 -26 -27 -28 28 29 -31
leaf_value=-0.05143691031170862 -0.038241581492635492 -0.052465447567178837 -0.053314506661443106 -0.051719521775026658 -0.051644905607736463 -0.051269548713462045 -0.050829807567199362 0.04188541410205697 -0.0057662859570979802 0.016299591201620871 -0.051983047736264512 -0.051368085837271975 -0.048004726955709426 0.018520607133910801 0.038762006824855019 -0.0020410535322021909 0.02841306413871314 -0.051779788127274809 -0.050152612693993015 0.019614035174434427 0.05081971679134422 0.053518066550266086 -0.03288339328760833 -0.063139887430253699 -0.049327039013386934 -0.049695693503809327 -0.043928153895115271 -0.051259474402188199 -0.051103007301949221 -0.046786912346454081
leaf_weight=1.8376697332714664 0.30681328286300313 0.25181654093466921 0.041222874569939338 1.3467815542790047 0.59513343834260046 0.046469678760331479 0.19247946723362552 1.3459105477959381 0.14080330407887265 0.30269393184426008 0.093391324302501633 0.4408861815718409 0.16488127692446131 3.6565588564408245 3.5438851668750431 0.23045721373819106 0.60218138791174169 0.018114031438017264 0.4395088237215532 0.15777920679829549 1.9013237085528087 2.1359922839183128 0.6135914412079726 0.12358747264624981 0.29413434293610397 0.61468042711794613 0.061848632163219008 2.1824277153464213 0.096680376373114885 0.23669176631301525
leaf_count=7746 69 682 54 4804 1701 140 896 51 62 92 312 1429 657 2166 563 274 127 60 1591 107 55 15 1307 82 1318 3007 198 9240 373 822
internal_value=-1.52873e-10 -0.0273081 0.0393273 -0.0422732 -0.0323895 -0.0209162 0.00135588 0.0418232 0.0316673 -0.010839 0.00429579 0.00669769 0.00796504 0.0110006 0.0370604 0.0162175 0.019984 -0.0388122 -0.032598 -0.0228253 0.0496566 0.0522473 -0.0334252 -0.0606823 -0.0512907 -0.0509155 -0.0468927 -0.0510877 -0.0508327 -0.0480386
internal_weight=24.0164 14.1742 9.84223 9.3123 4.34415 2.70324 4.86186 9.53542 4.15219 0.467504 4.61005 4.41757 4.32417 4.09745 3.68469 0.879108 0.832639 1.82413 1.22899 0.789485 5.38323 4.03732 0.631705 0.16481 1.64092 4.96815 0.22673 4.35347 2.5158 0.333372
internal_count=40000 38957 1043 32617 11429 5307 6340 974 853 228 5658 4762 4450 3595 625 541 401 4766 3065 1474 121 70 1367 136 6122 21188 855 18181 10435 1195
is_linear=0
shrinkage=0.05


Tree=39
num_leaves=31
num_cat=0
split_feature=2 4 5 5 7 8 4 8 5 8 3 1 1 0 0 7 7 7 7 7 0 1 1 0 7 8 5 1 0 0
split_gain=9.90188 1.52847 1.2995 0.745043 0.561163 0.554115 0.504487 0.540267 0.445151 0.326265 0.277671 0.220104 0.311821 0.138399 0.262522 0.202345 0.262046 0.0948538 0.0638782 0.00460172 0.00144254 0.00121095 0.00228868 0.000394099 0.000382054 0.00179923 0.00101084 0.000348359 0.000249885 0.000223304
threshold=1.0000000180025095e-35 0.9125000000000002 1.0000000180025095e-35 1.0000000180025095e-35 1.1065000000000003 0.30500092162619036 0.69583333333333341 0.30961388097663506 1.0000000180025095e-35 0.32248477445013024 1.0000000180025095e-35 0.21535004450570269 0.063847100280588473 0.28828562566302124 0.14629747532766305 1.6765000000000003 1.1685000000000003 1.8085000000000002 1.3365000000000002 0.81650000000000011 0.52228046351840651 0.15688844049551207 0.10838307352939776 0.25754568835366692 1.8085000000000002 0.53000092162619039 1.0000000180025095e-35 0.38503836647704331 0.25594613630988156 0.035918687637239891
decision_type=2 2 2 2 2 2 2 2 2 2 2 2 2 8 10 2 2 2 2 2 8 2 2 10 2 2 2 2 8 8
left_child=1 6 9 4 -3 -6 23 28 13 10 -2 12 -7 14 15 16 -9 -17 19 -12 -4 22 -14 24 27 29 -27 -1 -8 -26
right_child=2 3 20 -5 5 11 7 8 -10 -11 18 -13 21 -15 -16 17 -18 -19 -20 -21 -22 -23 -24 -25 25 26 -28 -29 -30 -31
leaf_value=-0.051151215109134153 -0.0089206565367289416 -0.021822377697829631 -0.061490408464577512 -0.051368250433226882 -0.021822377697829631 -0.021822377697829631 -0.05158483135316623 -0.030159665412026165 -0.051409703706567535 0.046295401337033117 0.021026279084611278 -0.021822377697829631 0.031546068039211929 -0.030159665412026165 -0.030159665412026165 -0.0079458947357816789 0.0029004266853024587 0.029036617297447109 0.038158078016637953 0.010958669259583121 -0.052223909570834753 0.029864783647563609 0.035049528730633349 -0.049563496968106038 -0.052166734746086144 -0.032758993310030377 -0.051163874162067628 -0.04444799266791289 -0.05023676789300352 -0.049157351253927173
leaf_weight=3.3583457176264337 0.17114652071722747 0.44751419688646032 0.27157434485707277 0.63069488019982589 0.3236902147655204 0.13825331781845385 1.2379103881503393 0.36781994357443348 0.77099485570943205 7.8569573079603288 0.19560791552794399 0.11326440252014425 1.2845194221808931 0.28197423995015913 0.33390324562242302 0.23233769223588741 1.1679468392976557 0.6832649457937805 0.86272529081907123 0.27041061069394345 0.049682218785164878 0.41948274693277188 0.73168465128401283 0.58120450246860844 0.12593609352188639 0.023798481524863746 0.010866872995393351 0.019494570912229281 0.4759265574239181 0.12074378954093845
leaf_count=14858 298 1329 169 2799 818 211 4658 1018 3386 403 27 234 210 1013 789 135 771 207 45 53 48 129 145 2857 412 74 54 133 2224 493
internal_value=9.84653e-09 -0.0270657 0.0388212 -0.00139069 0.0077235 0.0165006 -0.037787 -0.027869 -0.0174467 0.042216 0.0208469 0.0246649 0.0278762 -0.00890963 -0.0052297 0.00104753 -0.0100443 0.0196522 0.0301008 0.0151845 -0.0600573 0.032309 0.0328175 -0.050773 -0.0509651 -0.0491948 -0.0385285 -0.0511125 -0.0512105 -0.0506937
internal_weight=23.5597 13.8816 9.6781 4.0891 3.45841 3.01089 9.79247 5.55208 3.83824 9.35685 1.49989 2.6872 2.57394 3.06725 2.78527 2.45137 1.53577 0.915603 1.32874 0.466019 0.321257 2.43569 2.0162 4.24039 3.65919 0.281345 0.0346654 3.37784 1.71384 0.24668
internal_count=40000 38957 1043 5875 3076 1747 33082 14201 7319 826 423 929 695 3933 2920 2131 1789 342 125 80 217 484 355 18881 16024 1033 128 14991 6882 905
is_linear=0
shrinkage=0.05


Tree=40
num_leaves=31
num_cat=0
split_feature=5 8 7 1 10 1 1 9 9 1 4 10 4 9 10 10 1 4 4 4 4 4 1 4 10 8 8 9 4 8
split_gain=4.74304 2.45128 1.08272 1.69924 0.695722 1.33863 0.318603 0.296272 0.257715 0.241448 0.176312 0.133669 0.0821162 0.050563 0.0208218 0.0184933 0.00931846 0.200745 0.206141 0.318473 0.010645 0.00619248 0.000721562 0.000201338 0.000114342 0.000125189 0.000100545 3.34534e-05 0.000112432 4.23291e-05
threshold=1.0000000180025095e-35 0.22001943081258832 1.0205000000000002 0.066004752057548924 0.57473544973544988 0.28009792267001371 0.10486433410769597 1.0000000180025095e-35 1.0000000180025095e-35 0.32740557257195207 0.50416666666666676 0.64087301587301604 0.095833333333333284 1.0000000180025095e-35 0.5718253968253969 0.89513888888888904 0.1552426423867839 0.97083333333333344 0.39166666666666672 0.60416666666666685 0.94583333333333341 0.57083333333333341 0.15343740537435316 0.20416666666666669 0.79305555555555562 0.30748477445013028 0.57748477445013024 1.0000000180025095e-35 0.84583333333333344 0.50000092162619036
decision_type=2 2 2 2 2 2 2 2 2 2 2 2 2 2 2 2 2 2 2 2 2 2 2 2 2 2 2 2 2 2
left_child=1 -1 6 -4 9 7 -3 -6 -7 -5 -8 14 -9 -13 -12 -15 17 18 -14 -20 -18 23 -2 -10 25 -24 -27 28 -26 -29
right_child=22 2 3 4 5 8 10 12 21 -11 11 13 16 15 -16 -17 20 -19 19 -21 -22 -23 24 -25 27 26 -28 29 -30 -31
leaf_value=-0.020931501825361867 -0.051302402515423264 -0.020931501825361867 -0.020931501825361867 -0.020931501825361867 -0.020931501825361867 -0.013971475705691894 -0.020931501825361867 -0.020931501825361867 0.04562472035705957 0.020103462204505707 -0.020931501825361867 -0.020931501825361867 -0.020931501825361867 0.012474939259206057 -0.0014128182635313631 0.025067866992179583 0.020679176300551487 -0.020931501825361867 -0.020931501825361867 0.022964936362736877 0.010310639566825729 0.048657958092642457 -0.052441695693672012 0.04428717084856916 -0.05062947280803496 -0.054125250726227696 -0.051056582242969765 -0.052341880414230851 -0.056112319155976025 -0.050992652658913895
leaf_weight=1.8810910067231876 2.5727802978217365 0.75467028539424363 1.0973112105675671 0.53843856272578605 0.1868346257688297 0.17346919688861806 0.19249191336393767 0.056285431550342824 0.42099383348795505 0.37260496606404558 0.11468856970031982 0.033435169985750801 0.12800107759539958 0.65572272689678313 0.14175293901371333 0.52493272197625629 1.9361343628897887 0.13137753498449445 0.18894927211294987 3.9524860659494152 0.28383194037724013 4.8009016404753311 0.26327489630784817 0.848203200070202 0.016725672670872882 0.33005669705016771 0.029041892383247614 0.41353283878561342 0.021203643074841239 0.067639370396591403
leaf_count=6440 12043 2601 2564 1063 284 77 828 222 122 174 418 105 438 810 264 439 1473 158 596 1722 179 795 1541 332 107 1461 176 2121 77 370
internal_value=3.17111e-09 0.0099036 0.0165161 0.0214852 0.0264293 0.0293659 -0.0145516 0.0141264 0.0461196 -0.0158207 0.00226602 0.00920663 0.0161411 0.016155 -0.0209315 0.0180739 0.0167124 0.0153802 0.0174958 0.0196485 0.0193535 0.0478368 -0.0517666 0.0447308 -0.0528129 -0.0532699 -0.0538771 -0.0522649 -0.0536946 -0.0521522
internal_weight=23.1289 19.4146 17.5335 15.1158 14.0185 13.1075 2.41769 6.8639 6.24357 0.911044 1.66302 1.47053 6.67707 1.21409 0.256442 1.18066 6.62078 4.40081 4.26944 4.14144 2.21997 6.0701 3.71426 1.2692 1.14148 0.622373 0.359099 0.519102 0.0379293 0.481172
internal_count=40000 22104 15664 10199 7635 6398 5465 5072 1326 1237 2864 2036 4788 1354 682 1249 4566 2914 2756 2318 1652 1249 17896 454 5853 3178 1637 2675 184 2491
is_linear=0
shrinkage=0.05


Tree=41
num_leaves=31
num_cat=0
split_feature=2 0 10 7 4 10 8 10 8 0 10 0 8 7 8 8 0 10 0 8 8 8 10 3 0 8 8 0 0 0
split_gain=9.4414 1.68119 1.20671 1.20709 2.1796 0.679351 0.372801 0.323092 0.205962 0.164364 0.109617 0.0855457 0.163987 0.069526 0.0197275 0.0908128 0.0150695 0.0133192 0.0112162 0.0346162 0.0633007 0.00577292 0.00384979 0.00152064 0.00049821 0.000978526 0.000657995 0.00419807 0.000135782 8.23088e-05
threshold=1.0000000180025095e-35 0.16797355449264773 0.73750000000000016 1.0815000000000003 0.81250000000000011 0.98981481481481481 0.21038940265989317 0.67526455026455035 0.33447770954758854 0.045219532282077278 0.57473544973544988 0.008141991722892641 0.26038940265989324 1.5165000000000002 0.37961388097663501 0.40538940265989326 0.006229579995142843 0.95069444444444462 0.040103999888112217 0.39961388097663503 0.30961388097663506 0.39961388097663503 0.8807870370370372 1.0000000180025095e-35 0.0445499890154206 0.37500092162619042 0.32500092162619038 0.42353517986028161 0.041525355572076046 0.14811106828750656
decision_type=2 10 2 2 2 2 2 2 2 8 2 8 2 2 2 2 10 2 10 2 2 2 2 2 8 2 2 10 10 10
left_child=2 23 -1 -4 24 9 -7 10 16 11 -3 -6 -13 17 -14 -16 -8 -9 -11 20 -20 -10 -15 28 25 -5 -26 -28 -2 -30
right_child=1 7 3 4 5 6 8 13 21 18 -12 12 14 22 15 -17 -18 -19 19 -21 -22 -23 -24 -25 26 -27 27 -29 29 -31
leaf_value=-0.051083914111323327 -0.051954752860649045 0.0040802926508809899 -0.051008271849952908 -0.051754562626767787 -0.051027371035036941 -0.051673698476376075 -0.04965213740787635 0.038457071431314778 0.031274108147235295 -0.049936630664150598 0.033073267052968466 -0.052381098607585275 0.013621479357666319 0.048649716845063598 -0.044272996166965888 0.010613336394406189 -0.011598142190720454 0.045827699851868027 -0.050111576688583404 -0.051152779460822528 -0.0086834477435451338 0.026949718528043305 0.051750729242908446 -0.059044129252784211 -0.050334707458170314 -0.048681974444061853 -0.048591558354025427 -0.021128314019052061 -0.052877407307116868 -0.05533479776655386
leaf_weight=3.7163145218987674 0.17578249341022534 0.57548135694741887 2.1165649014774299 0.67651290154753974 0.090710306249092709 0.16485707244464753 0.0289849257533209 1.8442218585405501 1.5162954943589286 0.10957880098067119 0.75205185233062366 0.13364939373423113 0.49907892447663471 1.4128341729374367 0.095010928707779385 0.36443200393841835 0.25398079101250914 0.91803365594751074 0.1477987533266969 0.1721699979971163 0.24513689465584321 1.5717689326193065 3.4322899851176771 0.14676026689267019 0.54790759703155323 0.41998785270334338 0.57916359643195392 0.014257661135616218 0.071014599026966607 0.065508127911016345
leaf_count=16280 330 78 9158 2570 244 383 91 143 271 456 69 399 322 45 69 278 298 52 585 383 305 477 59 80 2673 1315 2291 109 119 68
internal_value=2.79829e-09 0.0384709 -0.0268413 -0.0175989 -0.00833266 0.00887966 0.0217416 0.0432655 0.0253319 -0.0156031 0.0205049 -0.00437051 -0.000495424 0.0472373 0.00673914 -0.000736934 -0.0154961 0.0409067 -0.0352965 -0.0324577 -0.0242662 0.0290731 0.0508465 -0.0548462 -0.0498165 -0.0505777 -0.0490853 -0.0479317 -0.0528735 -0.0540565
internal_weight=22.8581 9.39398 13.4642 9.74785 7.63128 5.39345 3.53589 8.93491 3.37103 1.85757 1.32753 1.18288 1.09217 7.60738 0.958522 0.459443 0.282966 2.76226 0.674684 0.565106 0.392936 3.08806 4.84512 0.459065 2.23783 1.0965 1.14133 0.593421 0.312305 0.136523
internal_count=40000 1043 38957 22677 13519 4561 1520 446 1137 3041 147 1312 1068 299 669 347 389 195 1729 1273 890 748 104 597 8958 3885 5073 2400 517 187
is_linear=0
shrinkage=0.05


Tree=42
num_leaves=31
num_cat=0
split_feature=5 3 0 7 0 9 8 7 7 7 0 0 3 8 4 0 8 7 9 0 4 7 0 0 0 7 7 7 4 7
split_gain=4.38825 4.97044 1.29107 0.808273 0.74322 0.55301 0.243196 0.13474 0.0675526 0.0950851 0.0108873 0.112382 0.000785621 0.000234498 0.000313288 0.000129511 0.000126435 0.000102024 6.8322e-05 6.80709e-05 0.000140663 7.46784e-05 2.72131e-05 4.7522e-05 2.52524e-05 2.01074e-05 1.95006e-05 1.7074e-05 0.000134591 0.000102157
threshold=1.0000000180025095e-35 1.0000000180025095e-35 0.16633680169261414 1.7175000000000002 0.041158735913419751 1.0000000180025095e-35 0.58000092162619044 1.1165000000000003 0.79350000000000009 1.0205000000000002 0.024957382026816369 0.0068983862005245989 0.37500000000000006 0.40038940265989326 0.3666666666666667 0.035218160132839488 0.33001943081258839 0.44750000000000006 1.0000000180025095e-35 0.14718429674892555 0.87083333333333346 1.3365000000000002 0.141115655935701 0.1591329235056734 0.16551047597537946 1.6465000000000003 1.0045000000000002 0.96150000000000013 0.7958333333333335 1.3335000000000001
decision_type=2 2 10 2 8 2 2 2 2 2 10 10 2 2 2 10 2 2 2 10 2 2 10 10 10 2 2 2 2 2
left_child=1 3 -3 6 10 -4 -1 -8 -7 -10 11 -5 15 19 -15 -2 22 -18 25 -14 27 -22 -17 -24 -25 26 -19 28 -21 -29
right_child=12 2 5 4 -6 8 7 -9 9 -11 -12 -13 13 14 -16 16 17 18 -20 20 21 -23 23 24 -26 -27 -28 29 -30 -31
leaf_value=-0.021080177028076904 -0.051177127827860429 -0.021080177028076904 -0.021080177028076904 -0.021080177028076904 -0.021080177028076904 0.025393079053960474 -0.021080177028076904 0.027530999086641257 0.02084725172306574 0.043511049874935259 0.027671273060124409 0.025012834972301813 -0.052530690789188962 -0.06113062897865177 -0.048983856599853291 -0.051028000213812999 -0.054918503811605048 -0.052752969573125835 -0.051992139282198868 -0.053794258593064664 -0.056499444968263438 -0.060958094438590807 -0.050666993029290633 -0.050706346472704548 -0.052144653779934852 -0.051502439598646546 -0.054950215453965515 -0.056428094771235698 -0.060818599644798771 -0.051946803139920388
leaf_weight=6.1671767791303918 1.7823517783108398 0.46041725948407375 0.24521797886700092 0.06911078491248257 0.52986685764653874 0.64638301866261905 0.084997867445053887 0.47326062302499849 0.49184109544557753 7.8360918995467728 0.96969900932162989 0.96940553218882997 0.013493158832716179 0.0065485699014971024 0.028029933972447907 0.36520469361130359 0.034157145382778253 0.014943844325898681 0.69854395310176187 0.021149516520381439 0.018092095895553939 0.019528127682860941 0.094579658274597023 0.034891528615844436 0.24339468342077453 0.0078657108897459693 0.031139782222453505 0.030879499769071117 0.01006451833382016 0.021622689637297299
leaf_count=14959 9053 1390 175 175 1167 462 326 303 506 1802 397 442 83 20 225 1989 136 67 3282 116 74 53 632 231 1461 37 123 141 23 150
internal_value=2.39377e-09 0.00947629 0.034531 -0.0167047 0.00834804 0.0388959 -0.0210802 0.0163346 0.040964 0.0421725 0.0238614 0.020304 -0.0516366 -0.0549576 -0.0512842 -0.0514665 -0.0518048 -0.0522459 -0.0521245 -0.0558997 -0.0562743 -0.0588139 -0.0513348 -0.0516352 -0.0519643 -0.0538389 -0.0542377 -0.0551331 -0.0560592 -0.0545825
internal_weight=22.4199 18.9435 9.67995 9.26352 2.53808 9.21953 6.72544 0.558258 8.97432 8.32793 2.00822 1.03852 3.47648 0.169408 0.0345785 3.30707 1.52472 0.78665 0.752493 0.13483 0.121336 0.0376202 0.738071 0.372866 0.278286 0.0539493 0.0460836 0.0837162 0.031214 0.0525022
internal_count=40000 22104 4335 17769 2181 2945 15588 629 2770 2308 1014 617 17896 885 245 17011 7958 3645 3509 640 557 127 4313 2324 1692 227 190 430 139 291
is_linear=0
shrinkage=0.05


Tree=43
num_leaves=31
num_cat=0
split_feature=2 1 3 8 4 7 8 9 1 1 1 8 3 1 7 7 8 1 3 3 7 8 9 8 4 8 4 8 1 4
split_gain=8.83785 0.625953 0.336882 1.13931 0.364086 1.62198 0.330129 0.191082 0.13522 0.808389 0.320396 0.123171 0.0698725 0.0211579 0.009732 0.111755 0.183826 0.00511875 0.00434563 0.00897835 0.000730488 0.000397535 0.000361528 0.00081787 0.000579081 0.000306355 0.000282621 0.000183035 0.000132142 0.000108336
threshold=1.0000000180025095e-35 0.15688844049551207 1.0000000180025095e-35 0.27248477445013025 0.41250000000000009 1.2975000000000003 0.33447770954758854 1.0000000180025095e-35 0.12384758300358946 0.053157614352373379 0.09306954108781422 0.28038940265989326 0.37500000000000006 0.075777537074560558 0.86150000000000015 1.2485000000000002 0.5103894026598933 0.11255258432833878 0.37500000000000006 0.62500000000000011 1.2755000000000003 0.61538940265989328 1.0000000180025095e-35 0.44961388097663502 0.94583333333333341 0.27000092162619044 0.38750000000000007 0.6625000000000002 0.09306954108781422 0.9208333333333335
decision_type=2 2 2 2 2 2 2 2 2 2 2 2 2 2 2 2 2 2 2 2 2 2 2 2 2 2 2 2 2 2
left_child=2 13 3 -1 -5 14 11 -7 9 -9 -11 -3 -8 -2 27 21 -17 -12 -4 20 -20 28 -22 24 25 -24 -27 -6 -16 -25
right_child=1 6 18 4 5 7 12 8 -10 10 17 -13 -14 -15 15 16 -18 -19 19 -21 22 -23 23 29 -26 26 -28 -29 -30 -31
leaf_value=-0.051076435261045633 -0.052245631991747934 0.0090604305998403349 -0.050730331541391838 -0.050888899062456708 -0.051121476808048183 -0.052074546178608863 0.039727172144291625 -0.050489660018687404 -0.011529024786934428 -0.00224762631256583 0.028375961730526311 0.034970573263260939 0.049862022958504372 -0.023188351841951484 -0.051539155151155619 -0.052174156502782121 0.023922432501064381 0.022670167589469669 -0.047476427491998756 0.013193145348890834 -0.051072180159415885 -0.046275503493408608 -0.048177350258656916 -0.031006254016517267 -0.033267140346036991 -0.049553426758982208 -0.040901706503424638 -0.045088289337839808 -0.050496948599805247 -0.039652769967173214
leaf_weight=2.8445719530718625 0.085818635241594943 0.95080214153131037 1.1053077862270591 0.64053234241327928 0.76907089998712619 0.15424098708172085 3.0331053313057055 0.51787877747483424 1.0781649500549972 1.4912069735182742 1.9278974239205129 0.88618336303261458 3.8711667451716494 0.23202471576041717 0.64985837476706343 0.17585006994340791 0.14464069829045911 0.4937374678775085 0.18946594097951663 0.0066617050206332342 0.012053217003995087 0.045183549231296527 0.042289257403808733 0.016216490923852689 0.011900652223175712 0.01176440399058265 0.047760449601355504 0.012780237006154493 0.57170159366978623 0.0046647689675864959
leaf_count=13110 169 246 4996 3199 3295 453 253 1441 1938 1646 846 81 58 236 2539 543 145 324 1052 66 54 209 234 115 67 53 233 61 2313 25
internal_value=-6.1809e-09 0.0378914 -0.0264752 -0.0236174 -0.0146111 -0.0117181 0.0403976 0.00281428 0.00435109 0.00821534 0.0159852 0.0215598 0.0454097 -0.0310339 -0.0464568 -0.0442077 -0.017831 0.0272126 -0.049205 -0.0442865 -0.0454257 -0.050881 -0.0427762 -0.0420333 -0.0437035 -0.0449234 -0.0426116 -0.0510229 -0.0510514 -0.0329378
internal_weight=22.0245 9.0591 12.9654 11.5173 8.67274 8.03221 8.74126 5.66313 5.50889 4.43072 3.91284 1.83699 6.90427 0.317843 2.36909 1.58723 0.320491 2.42163 1.44808 0.342777 0.336115 1.26674 0.146649 0.134596 0.113715 0.101814 0.0595249 0.781851 1.22156 0.0208813
internal_count=40000 1043 38957 32062 18952 15753 638 6648 6195 4257 2816 327 311 405 9105 5749 688 1170 6895 1899 1833 5061 781 727 587 520 286 3356 4852 140
is_linear=0
shrinkage=0.05


Tree=44
num_leaves=31
num_cat=0
split_feature=2 10 8 5 3 5 4 1 4 5 10 8 8 4 1 1 9 1 1 3 3 5 1 9 1 5 8 10 8 4
split_gain=8.2949 2.56151 1.19421 1.04301 0.957493 0.814336 0.483209 0.189767 0.168915 0.0649329 0.0268265 0.0281306 0.0927069 0.0388346 0.0904629 0.106044 0.0177496 0.0036162 0.00134769 0.00251525 0.000485998 0.000397711 0.000310022 0.00027721 0.000235533 0.000155658 8.24479e-05 7.34987e-05 7.21699e-05 7.07472e-05
threshold=1.0000000180025095e-35 0.89513888888888904 0.33748477445013025 1.0000000180025095e-35 1.0000000180025095e-35 1.0000000180025095e-35 0.72083333333333344 0.21990813280799851 0.87083333333333346 1.0000000180025095e-35 0.80787037037037057 0.32538940265989319 0.37001943081258831 0.61250000000000016 0.09306954108781422 0.1116537435700146 1.0000000180025095e-35 0.46583911814408002 0.16437112474979362 0.37500000000000006 0.37500000000000006 1.0000000180025095e-35 0.18479605724615558 1.0000000180025095e-35 0.1041981588265288 1.0000000180025095e-35 0.36538940265989323 0.9784722222222223 0.39961388097663503 0.52083333333333348
decision_type=2 2 2 2 2 2 2 2 2 2 2 2 2 2 2 2 2 2 2 2 2 2 2 2 2 2 2 2 2 2
left_child=1 10 8 4 -2 6 -4 -8 17 16 18 20 13 -13 -15 -16 -10 24 -1 26 -12 22 29 -21 -3 -22 -20 -5 -28 -14
right_child=3 2 5 27 -6 -7 7 -9 9 -11 11 12 21 14 15 -17 -18 -19 19 23 25 -23 -24 -25 -26 -27 28 -29 -30 -31
leaf_value=-0.051311299168062055 -0.0084199606123170519 -0.051570289141580267 -0.017196412619294634 -0.057403372056251546 0.044065012739814877 -0.05125138756014333 0.02485929034755565 -0.017196412619294634 -0.03173025691847766 -0.051091214381904698 -0.051016028761880466 -0.050935888554043296 -0.049519938837435003 -0.054026075033739532 0.04089076738285212 -0.049932472901601951 -0.0098391712564624735 -0.019517582132595621 -0.050646615269549645 -0.050711959163931244 -0.041666792616245153 -0.050986484221394526 -0.045452996567759481 -0.043435021347696869 -0.050090061671095212 -0.050425142376400084 -0.050866623495135266 -0.055320598670485513 -0.049417708449638803 -0.048354151736067164
leaf_weight=3.3789059801856638 0.35345919161409156 0.59419217880349584 0.34874545594993822 0.23333960595482572 8.232576498136039 0.49110659595589812 3.6559684810636104 0.12017552888119087 0.035817406853311695 0.13261786367365858 0.64055676765747172 0.05597197408815191 0.06186043980778777 0.065317396620230284 0.11616888796561398 0.044431180502215284 0.55378267066407705 0.0092573642859860028 0.69089346654982342 0.014183720151777379 0.018884895345308905 0.16570771096303361 0.088164567544481542 0.1693098974365056 0.49065658247718602 0.0069363171060103914 0.11471867620275589 0.051752612685959321 0.34262353570375126 0.23197432321103406
leaf_count=14858 547 2461 1381 175 279 2271 949 267 99 639 3060 267 259 182 29 165 600 72 3849 77 92 897 318 1010 2457 62 481 42 1650 505
internal_value=1.09164e-10 -0.0260129 -0.00390203 0.0370613 0.0401854 0.00961219 0.0168586 0.0226377 -0.038247 -0.0194796 -0.0489279 -0.0430948 -0.0369497 -0.0136513 -0.00441385 0.0157639 -0.0123693 -0.0506353 -0.0507804 -0.0494332 -0.0507449 -0.0489408 -0.0480534 -0.0439975 -0.0509008 -0.0440195 -0.0503019 -0.0570253 -0.0497812 -0.0488336
internal_weight=21.5101 12.6389 6.43232 8.87113 8.58604 4.616 4.12489 3.77614 1.81632 0.722218 6.20661 1.49597 0.829596 0.281889 0.225917 0.1606 0.5896 1.09411 4.71064 1.33173 0.666378 0.547707 0.381999 0.183494 1.08485 0.0258212 1.14824 0.285092 0.457342 0.293835
internal_count=40000 38957 11196 1043 826 4868 2597 1216 6328 1338 27761 5836 2622 643 376 194 699 4990 21925 7067 3214 1979 1082 1087 4918 154 5980 217 2131 764
is_linear=0
shrinkage=0.05


Tree=45
num_leaves=31
num_cat=0
split_feature=2 7 4 5 5 3 3 8 8 0 0 0 0 7 8 5 0 0 0 7 3 5 8 5 0 0 4 4 0 0
split_gain=7.9075 1.03697 1.48876 0.955862 0.910511 0.362569 0.697703 0.277672 0.41121 0.147961 0.180286 0.162632 0.0752922 0.0133031 0.00102406 0.00105023 0.000684333 0.000775943 0.000572558 0.000515233 0.00084939 0.000481799 0.000322729 0.000228455 0.00017351 0.000539518 0.000144697 0.000109185 8.53004e-05 5.04336e-05
threshold=1.0000000180025095e-35 1.0955000000000001 0.74583333333333346 1.0000000180025095e-35 1.0000000180025095e-35 0.37500000000000006 1.0000000180025095e-35 0.46748477445013026 0.25538940265989324 0.29337401902803267 0.012699732010703563 0.040487034091272946 0.0045633936039962035 1.7435000000000003 0.39447770954758848 1.0000000180025095e-35 0.26734824606673863 0.29971252105491192 0.26363009219040506 1.5255000000000003 1.0000000180025095e-35 1.0000000180025095e-35 0.29248477445013027 1.0000000180025095e-35 0.54817880251372009 0.037718092021869369 0.41250000000000009 0.69583333333333341 0.14903427242723247 0.0028261657819685405
decision_type=2 2 2 2 2 2 2 2 2 8 10 10 10 2 2 2 10 10 10 2 2 2 2 2 8 10 2 2 8 10
left_child=1 16 14 5 7 6 -2 8 -4 10 -10 -12 -9 -7 18 24 -1 -18 28 20 -5 26 -20 -24 25 29 -19 -28 -3 -16
right_child=3 2 4 19 -6 13 -8 12 9 -11 11 -13 -14 -15 15 -17 17 21 22 -21 -22 -23 23 -25 -26 -27 27 -29 -30 -31
leaf_value=-0.050789183060826706 -0.0083650820025109908 -0.050946598875989728 -0.024156316341775008 -0.052187164308703883 -0.05100874712385927 0.046901759069588829 0.03593953033691849 -0.024156316341775008 -0.024156316341775008 -0.024156316341775008 0.017870700542983491 -0.0059818353955631521 0.021759589322278648 0.052614991228867786 -0.046078612983307239 -0.050796260373502128 -0.05079092660511101 -0.047555844962720917 -0.049548621405848689 -0.051918500480901179 -0.059248131081129807 -0.050373000802222512 -0.044276728826341122 -0.050389221797452158 -0.044434505486131134 -0.045555786573933263 -0.046053109868169413 -0.04276273002784034 -0.0501274509280661 -0.04884713349796227
leaf_weight=2.7710962580827085 0.35299071375084023 1.1078319745865866 0.58034711007212525 0.058756195401657219 0.91620234372817311 3.1860656219432713 3.3929431302603916 0.057539725103197159 0.16061585383431598 0.19190806977940145 1.9452475222205978 1.1296044216605876 1.6291219998674931 1.4979277364618608 0.017171125524327979 0.25912742753644125 0.19011075957678247 0.028179463768537971 0.13247509214170339 0.056031739222817123 0.15480792893504258 0.052215435669495491 0.06837718009001037 0.019687676536705112 0.062816108146762417 0.23347363339235017 0.038868871490194579 0.071756849564735603 0.44565710614369902 0.20501824536040658
leaf_count=13969 547 5268 1895 103 4821 88 175 195 276 638 614 950 842 16 64 1621 1058 150 769 57 57 479 281 174 294 901 229 355 2473 641
internal_value=8.4587e-09 -0.0257796 -0.0172691 0.0364918 -0.00474718 0.0394557 0.0278604 0.00269611 -0.0044666 0.00328955 0.0060477 0.00910802 0.0197156 0.0487288 -0.04971 -0.048197 -0.050516 -0.0485295 -0.0503732 -0.0561859 -0.0573055 -0.0462788 -0.0479891 -0.0456432 -0.046898 -0.0472376 -0.0447387 -0.0439188 -0.0507116 -0.0488471
internal_weight=21.014 12.3145 9.16222 8.69952 6.61059 8.42993 3.74593 5.69438 4.00772 3.42738 3.23547 3.07485 1.68666 4.68399 2.55164 0.777607 3.15223 0.381131 1.77403 0.269596 0.213564 0.191021 0.22054 0.0880649 0.518479 0.455663 0.138805 0.110626 1.55349 0.222189
internal_count=40000 38957 22717 1043 10231 826 722 5410 4373 2478 1840 1564 1037 104 12486 3521 16240 2271 8965 217 160 1213 1224 455 1900 1606 734 584 7741 705
is_linear=0
shrinkage=0.05


Tree=46
num_leaves=31
num_cat=0
split_feature=2 10 1 0 4 1 7 10 10 9 0 0 7 7 7 9 7 0 0 7 0 7 9 9 6 4 7 4 7 0
split_gain=7.54924 1.4745 1.27343 0.516452 0.745141 0.980835 0.519319 0.264917 0.295184 0.136778 0.283653 0.0811315 0.0697457 0.171833 0.067193 0.0364592 0.695151 0.0439704 0.0111608 0.0105591 0.0669508 0.00852047 0.00661778 0.00237847 0.00245438 0.00354869 0.00395955 0.00222172 0.00140649 0.00137116
threshold=1.0000000180025095e-35 0.78009259259259267 0.21990813280799851 0.27060925364307303 0.57083333333333341 0.072811366351105467 1.3675000000000002 0.87638888888888899 0.54745370370370383 1.0000000180025095e-35 0.141115655935701 0.16373488879313911 1.2715000000000003 1.6605000000000003 1.1415000000000004 1.0000000180025095e-35 1.2515000000000003 0.040103999888112217 0.40395156491469314 1.0095000000000003 0.030021941163999259 0.82150000000000023 1.0000000180025095e-35 1.0000000180025095e-35 1.0000000180025095e-35 0.40416666666666679 1.3895000000000002 0.74583333333333346 1.7805000000000002 0.1591329235056734
decision_type=2 2 2 8 2 2 2 2 2 2 8 10 2 2 2 2 2 10 10 2 10 2 2 2 2 2 2 2 2 10
left_child=1 29 12 4 28 19 15 8 -4 -8 -11 -12 -2 -14 21 -7 -17 -18 -5 -6 -21 -10 -22 -20 25 -25 -27 -28 -3 -1
right_child=2 3 7 18 5 6 9 -9 14 10 11 -13 13 -15 -16 16 17 -19 23 20 22 -23 -24 24 -26 26 27 -29 -30 -31
leaf_value=-0.051023889039196017 -0.05583120104333536 -0.050560426998807154 -0.0024077080999746325 -0.048340981533637792 -0.051338814256106258 -0.051262895061933093 -0.052075664825740609 0.050100499522872655 0.029166646842460255 0.024839438780821163 -0.052935250460137973 -0.0035235082864554196 -0.058087331738023718 0.012172124281454203 0.041213682474035819 -0.050129875467251464 -0.00057256424435340222 0.027388470208378864 -0.051096807926812628 -0.05135625108463937 -0.052867499834857778 0.018382694561703324 -0.022562294977288216 -0.043434159469512207 -0.051992868203401016 -0.029553383564028229 -0.0200451056589614 0.011072951154039236 -0.043275130246829441 -0.04872056593716869
leaf_weight=3.1353408543045602 0.23886687120830163 0.86446736918696565 0.54115515350713428 0.90321015670383598 0.27115636703092583 0.073147825562045576 0.067337908199988639 4.0864278960270894 0.38829294030438211 3.0138602860242831 0.13595667111076171 0.21358085086103529 0.16386630572378635 0.18557759561917919 2.5829402831077459 0.70855358160770265 0.19279246348742163 0.5193990565931017 0.014808555373747367 0.54598019652985386 0.018954939550894778 0.34672662772572949 0.36302103784692008 0.024992637352170277 0.011114940083643887 0.049384842723611655 0.011420614101552928 0.011523585717441165 0.07174787288022344 0.81384035583323555
leaf_count=15227 310 4851 69 4630 1077 286 165 142 44 1085 317 283 155 107 148 2696 201 318 71 1455 47 68 617 171 29 355 82 76 295 4623
internal_value=2.31595e-09 -0.0255064 0.0359726 -0.0132762 -0.00845807 -0.0021067 0.00776752 0.0412282 0.0318333 0.0184819 0.0198945 -0.0227428 -0.0350086 -0.020775 0.037418 -0.0168381 -0.0150657 0.0198193 -0.0464151 -0.0426591 -0.0401228 0.0240796 -0.0240661 -0.0323008 -0.0297339 -0.0271918 -0.0215794 -0.00441625 -0.0500021 -0.0505492
internal_weight=20.5694 12.0356 8.53385 8.08641 7.05996 6.12374 4.92463 7.94554 3.85912 3.43074 3.3634 0.349538 0.588311 0.349444 3.31796 1.49389 1.42075 0.712192 1.02646 1.19911 0.927956 0.73502 0.381976 0.123245 0.108437 0.0973217 0.072329 0.0229442 0.936215 3.94918
internal_count=40000 38957 1043 19107 13693 8547 5351 471 329 1850 1685 600 572 262 260 3501 3215 519 5414 3196 2119 112 664 784 713 684 513 158 5146 19850
is_linear=0
shrinkage=0.05


Tree=47
num_leaves=31
num_cat=0
split_feature=2 5 10 5 3 4 0 1 10 0 8 8 0 10 10 3 1 0 10 10 1 8 4 10 0 4 10 0 10 0
split_gain=7.21316 0.893611 0.976718 0.888036 0.88832 0.753992 0.610228 0.401654 0.377037 0.322909 0.166219 0.546138 0.322876 0.0962191 0.079388 0.0283321 0.00975203 0.00051137 6.86401e-05 7.53747e-05 3.83314e-05 9.4201e-06 8.64183e-06 1.60809e-05 6.06412e-06 2.55661e-06 2.8744e-06 2.03031e-06 3.53172e-06 1.78035e-06
threshold=1.0000000180025095e-35 1.0000000180025095e-35 0.74768518518518523 1.0000000180025095e-35 1.0000000180025095e-35 0.61250000000000016 0.014546297891904371 0.053157614352373379 0.76967592592592615 0.26219561328785546 0.49500092162619042 0.27038940265989325 0.1258072429351442 0.67526455026455035 0.52152777777777792 0.37500000000000006 0.48433053737963538 0.39946884439411184 0.73472222222222239 0.82523148148148151 0.16059284741242763 0.34748477445013021 0.6708333333333335 0.89907407407407425 0.15423840625320667 0.7958333333333335 0.71412037037037046 0.14021796526781163 0.69642857142857162 0.035918687637239891
decision_type=2 2 2 2 2 2 10 2 2 10 2 2 8 2 2 2 2 8 2 2 2 2 2 2 8 2 2 8 2 10
left_child=1 2 -1 4 -2 -4 -7 -8 13 10 11 -9 -12 14 -6 -10 -11 18 -5 -20 21 25 -23 27 29 -3 -27 28 -24 -25
right_child=3 20 5 17 8 6 7 9 15 16 12 -13 -14 -15 -16 -17 -18 -19 19 -21 -22 22 23 24 -26 26 -28 -29 -30 -31
leaf_value=-0.034267244294471123 -0.0084650692734183387 -0.050677299992589964 -0.034267244294471123 -0.055369120700138413 -0.0019219680715840668 -0.034267244294471123 -0.034267244294471123 -0.034267244294471123 0.04526869284742327 -0.034267244294471123 0.037732433633962434 0.01449552924728543 -0.034267244294471123 0.035367984550469682 0.025415953939541703 0.052609136122193624 0.012463021704078509 -0.05189167521516478 -0.058670701624156496 -0.05621154792325174 -0.050385297228707021 -0.050753031202220224 -0.050694144933783686 -0.05159916412186303 -0.050745054764954015 -0.050619680532687311 -0.050911906977657399 -0.050610114125141686 -0.051050532241442896 -0.051276815739285247
leaf_weight=2.1565976795532134 0.34874846410093407 0.68714449603430849 1.0532602667976787 0.059895893529756772 0.42803674610331677 0.65179171100680822 0.31852783420617914 0.39193583685118971 2.2387318936453084 0.26874398513245967 1.0623431864005393 3.0296910237229895 0.11966839013621222 1.2030220255837774 0.69960875108517939 3.1843039862505975 0.02019172482596332 0.076208683894947171 0.061693047959124669 0.06295896387018729 0.61542042750784265 0.34436814283253614 0.11135208112682449 0.13570941177022178 0.03096455099148443 0.11523706783918897 0.31191915809904458 0.066067079023923725 0.18502272589830682 0.062589983666839544
leaf_count=9188 547 4726 5277 59 28 2011 678 1288 82 933 233 1368 192 55 60 54 110 68 31 59 5440 2183 723 433 185 838 1651 459 816 225
internal_value=7.58144e-09 -0.025281 -0.0178031 0.0354843 0.0384072 -0.00764679 -0.000245686 0.00567012 0.0423507 0.00936842 0.0126255 0.0070414 0.0287901 0.0255322 0.0150389 0.0495789 -0.0342672 -0.0553373 -0.0567602 -0.0574286 -0.0507314 -0.0508352 -0.0509522 -0.0510681 -0.0513958 -0.050737 -0.0508331 -0.0508608 -0.0509166 -0.0514974
internal_weight=20.1018 11.7385 9.07275 8.36321 8.10245 6.91615 5.86289 5.2111 7.7537 4.89257 4.60364 3.42163 1.18201 2.33067 1.12765 5.42304 0.288936 0.260757 0.184548 0.124652 2.6658 2.05037 0.936074 0.591706 0.229264 1.1143 0.427156 0.362442 0.296375 0.198299
internal_count=40000 38957 21278 1043 826 12090 6813 4802 279 4124 3081 2656 425 143 88 136 1043 217 149 90 17679 12239 5024 2841 843 7215 2489 1998 1539 658
is_linear=0
shrinkage=0.05


Tree=48
num_leaves=31
num_cat=0
split_feature=0 10 5 5 8 7 7 8 9 10 9 0 0 9 10 10 10 8 8 8 10 7 10 8 7 10 8 7 7 7
split_gain=4.74828 1.56655 1.39763 0.881798 1.0582 0.73752 0.649396 0.310499 0.304168 0.162777 0.159365 0.196694 0.168064 0.144789 0.132875 0.182205 0.0952432 0.0998223 0.0847541 0.0684029 0.025902 0.0186192 0.0184523 0.0183081 0.0182835 0.0316024 0.0118874 0.00851678 0.0239689 0.0691336
threshold=0.16278987610400614 0.8270833333333335 1.0000000180025095e-35 1.0000000180025095e-35 0.32500092162619038 1.2135000000000002 1.4915000000000003 0.42538940265989328 1.0000000180025095e-35 0.60739087301587313 1.0000000180025095e-35 0.021139654856638372 0.013803029592994757 1.0000000180025095e-35 0.89166666666666672 0.71712962962962978 0.77152777777777792 0.32000092162619037 0.17001943081258833 0.28538940265989327 0.81574074074074088 1.1385000000000003 0.64087301587301604 0.13961480260282536 1.1685000000000003 0.84143518518518523 0.44000092162619042 1.3255000000000001 0.79750000000000021 1.0465000000000002
decision_type=10 2 2 2 2 2 2 2 2 2 2 10 10 2 2 2 2 2 2 2 2 2 2 2 2 2 2 2 2 2
left_child=1 -1 6 4 -3 -6 7 14 -8 23 -7 12 -12 -9 15 -2 -17 27 -16 20 22 -20 -11 -10 25 -15 -21 28 -18 -30
right_child=2 3 -4 -5 5 10 8 13 9 19 11 -13 -14 24 18 16 17 -19 21 26 -22 -23 -24 -25 -26 -27 -28 -29 29 -31
leaf_value=-0.048450827905329334 -0.010960230572115757 -0.025491883309751676 -0.052165411316008228 -0.05089461455635165 -0.025491883309751676 -0.025491883309751676 -0.010960230572115757 -0.010960230572115757 -0.010960230572115757 0.043379760946616885 -0.025491883309751676 0.027356774698413428 0.015825098421511259 0.016254998395570486 -0.010960230572115757 -0.010960230572115757 -0.010960230572115757 0.040363717838613249 0.015170095060178527 0.045242902403745525 0.039453244205593901 0.031768373935911094 0.011084629269689492 0.012193581878959232 0.04060598806282506 0.038652118233956465 0.050672198071581256 -0.010960230572115757 -0.010960230572115757 0.029461979178437604
leaf_weight=3.9142286081646507 0.55918681290540628 1.0586663255794517 0.54589698420022692 1.017045058591975 0.48863388196286894 0.083634486421943044 0.16999402633518901 0.051290423507452831 0.019292925207991973 0.05683453899109725 0.21604718393018663 3.0332836601701274 0.44916867952269968 0.27053521785774115 0.062333090000720293 0.28522271767678831 0.030298318946734071 0.35783008702355801 0.28000559820293347 1.7204414049369914 0.32866562537947175 0.42601885159183439 0.19943467332450382 0.26996819438227249 0.79678465290908207 0.3769450532963674 2.4352500959994359 0.018241942262193334 0.048127051237315754 0.17637363716039545
leaf_count=18532 1161 3666 3629 5752 1603 116 97 49 36 26 484 751 118 364 257 342 114 206 409 373 177 266 148 224 288 193 225 67 127 200
internal_value=3.6678e-09 -0.0235739 0.0255019 -0.0082309 -8.91521e-05 0.0122533 0.030245 0.0143527 0.041673 0.0439493 0.0202931 0.021957 -0.00266531 0.0320003 0.00258918 -0.00619215 0.0121448 0.0229901 0.0194497 0.0461712 0.0301624 0.0251856 0.0182469 0.007536 0.0355347 0.029294 0.0484245 0.000221454 0.00378918 0.0117073
internal_weight=19.7457 10.2607 9.48497 6.34648 5.32943 4.27077 8.93907 3.73919 5.19988 5.02989 3.78213 3.6985 0.665216 1.49556 2.24364 1.47528 0.916094 0.630871 0.768358 4.74063 0.584935 0.706024 0.256269 0.289261 1.44426 0.64748 4.15569 0.273041 0.254799 0.224501
internal_count=40000 31022 8978 12490 6738 3072 5349 4043 1306 1209 1469 1353 602 894 3149 2217 1056 714 932 949 351 675 174 260 845 557 598 508 441 327
is_linear=0
shrinkage=0.05


Tree=49
num_leaves=31
num_cat=0
split_feature=2 4 7 0 0 8 3 3 9 0 8 8 8 9 4 4 4 8 0 7 8 0 9 9 7 8 9 9 7 9
split_gain=6.90629 0.838976 0.881706 0.624264 0.616541 0.44106 0.498833 0.175634 0.129054 0.0308018 0.0362702 0.0229165 0.14123 0.0242503 0.0221428 0.00601081 0.00447508 0.000787471 0.000964275 0.00107408 0.000621805 0.000390516 0.000240749 0.000237754 0.000159183 9.96331e-05 9.58996e-05 6.75778e-05 5.10058e-05 2.45647e-05
threshold=1.0000000180025095e-35 0.63750000000000018 1.0865000000000002 0.38662500373592984 0.12947842713555593 0.42538940265989328 0.37500000000000006 1.0000000180025095e-35 1.0000000180025095e-35 0.041858684541144699 0.24248477445013025 0.54961388097663522 0.38748477445013024 1.0000000180025095e-35 0.69583333333333341 0.9041666666666669 0.87916666666666676 0.37961388097663501 0.29178329461962998 1.5515000000000003 0.24748477445013023 0.15811697851605958 1.0000000180025095e-35 1.0000000180025095e-35 1.3995000000000002 0.53248477445013032 1.0000000180025095e-35 1.0000000180025095e-35 1.5925000000000002 1.0000000180025095e-35
decision_type=2 2 2 10 8 2 2 2 2 10 2 2 2 2 2 2 2 2 10 2 2 10 2 2 2 2 2 2 2 2
left_child=1 17 21 5 8 6 7 28 -4 20 27 12 13 -12 -7 -16 -5 -1 19 -19 -6 -3 -21 -22 -20 -23 -13 -11 -2 -14
right_child=3 2 4 16 9 14 -8 -9 -10 10 11 26 29 -15 15 -17 -18 18 24 22 23 25 -24 -25 -26 -27 -28 -29 -30 -31
leaf_value=-0.050389882749409254 -0.052236546005203402 -0.050627357664663614 -0.051526041924820354 0.046905251576465329 -0.049735252723204976 0.028989115855072595 0.037758205334197513 -0.0059037093699293702 0.00064961653523111127 -0.050499605558429653 -0.05121598636922086 -0.051329956114084418 -0.05116924405698129 -0.010583959478413335 0.038425692146880082 0.045428724185068728 0.050167297808060722 -0.050168198448802673 -0.044536029656779372 -0.051879204752979836 -0.050602683301264689 -0.049038155044616095 -0.045494772008614751 -0.044889547724460382 -0.039398069128230385 -0.04632166687718816 -0.046471453174793315 -0.047698825343125639 -0.050592447460931035 -0.049480950620235026
leaf_weight=1.8108972709987949 0.20688191918088727 1.3307475706037601 0.12145106900425151 2.5226713907613885 0.11291881462375375 0.54736160317588645 0.66724226687074395 0.92694317612040322 4.9031681662672781 0.023745068159769289 0.03866793218184994 0.011067175764765125 0.022889500840392429 0.72949488367112458 0.85576630019932032 0.47731041595397983 1.8026976571054545 0.57074772059058876 0.046357341008842923 0.015985890269803349 0.019656372678582557 0.30700208259486306 0.19347821858673342 0.2475451106311084 0.022339524658491428 0.037923861703347939 0.12345576705683914 0.23160824533806579 0.061108296420570696 0.36693595486258346
leaf_count=11117 358 6864 455 138 708 77 49 116 6421 150 157 35 78 1680 95 50 62 3446 319 45 108 1913 863 1334 137 236 418 1396 98 1077
internal_value=-3.77483e-09 -0.0252497 -0.0176814 0.0353274 -0.00983464 0.0203755 0.00312702 -0.0162108 -0.000611532 -0.0338715 -0.0307396 -0.0273376 -0.0250684 -0.0126293 0.0374565 0.0409331 0.0482648 -0.0498008 -0.0485443 -0.0490443 -0.0466244 -0.0502388 -0.045982 -0.0453098 -0.0428652 -0.0487395 -0.0468712 -0.0479593 -0.0518617 -0.0495801
internal_weight=19.3561 11.2881 8.62828 8.06798 6.9526 3.74261 1.86218 1.19493 5.02462 1.92798 1.54786 1.29251 1.15799 0.768163 1.88044 1.33308 4.32537 2.65981 0.848909 0.780212 0.38012 1.67567 0.209464 0.267201 0.0686969 0.344926 0.134523 0.255353 0.26799 0.389825
internal_count=40000 38957 23030 1043 14017 843 621 572 6876 7141 4991 3445 2992 1837 222 145 200 15927 4810 4354 2150 9013 908 1442 456 2149 453 1546 456 1155
is_linear=0
shrinkage=0.05


Tree=50
num_leaves=31
num_cat=0
split_feature=2 7 8 10 10 7 3 7 0 8 0 10 0 0 7 3 10 0 4 0 8 8 0 10 4 0 7 0 4 10
split_gain=6.70724 1.36176 0.461664 0.397007 0.712741 0.37611 0.770705 0.200845 0.249615 0.18638 0.173654 0.136112 0.104668 0.252972 0.0731426 0.0615313 0.0396103 0.153052 0.0911657 0.101023 0.0340513 0.0267106 0.0250476 0.136776 0.0141342 0.00833573 0.00313079 0.00097482 0.00116858 0.000353127
threshold=1.0000000180025095e-35 1.6145000000000003 0.51461388097663507 0.63263888888888897 0.81180555555555556 1.6145000000000003 1.0000000180025095e-35 1.2895000000000003 0.045566629551266592 0.15748477445013023 0.15811697851605958 0.7562500000000002 0.008141991722892641 0.039026212590735632 1.0415000000000003 0.37500000000000006 0.73032407407407407 0.035918687637239891 0.62083333333333346 0.16633680169261414 0.3403894026598932 0.55501943081258831 0.14629747532766305 0.93194444444444446 0.4916666666666667 0.14993318024085012 0.79350000000000009 0.17097343636811291 0.7958333333333335 0.81064814814814823
decision_type=2 2 2 2 2 2 2 2 8 2 8 2 10 10 2 2 2 10 2 10 2 2 8 2 2 10 2 8 2 2
left_child=1 2 16 -3 -5 6 -2 22 11 -6 12 -9 -11 -14 26 21 -1 27 -19 -20 -12 -7 23 -4 -22 -26 -8 28 -18 -24
right_child=5 3 7 4 9 15 14 8 -10 10 20 -13 13 -15 -16 -17 17 18 19 -21 24 -23 29 -25 25 -27 -28 -29 -30 -31
leaf_value=-0.050502480788869888 -0.050516727082677876 -0.050720594252953416 -0.050346028813160727 -0.050539242203088169 -0.05078786228447621 0.036384222766300198 0.021473763190192677 -0.051277469874972587 -0.046950471526371683 -0.042976993458384093 -0.047056724883673511 0.033494380114551039 0.028108125029579867 -0.010959937180182969 0.034718345046169462 0.052646253639392862 -0.05087818964291612 -0.049750099580042319 -0.018463535262487327 -0.04845782720354775 -0.048307358811429349 0.050590350407891761 -0.050091042614432271 0.0080848507656606297 -0.026837786263171237 -0.0024681909904104037 0.015689029800822017 -0.049574733610231021 -0.053662838478178682 -0.045577370612216755
leaf_weight=1.8163329018234451 0.31465038920941779 0.37931690990217237 0.23613651889172593 0.53135341959114191 0.11361420469256733 1.3602905936259051 0.48369171625381602 0.052801146928686649 0.15917743822683406 0.066896602249472248 0.081219613047323835 0.45877671521157026 2.0900406444779951 0.51680836885498127 2.9441062084042642 1.9613840105957931 0.71237269161792938 0.5403182968948389 1.1432137485935525 0.37210045781966972 0.02221234883836587 0.43723528654118116 0.098872673838741321 0.17391802916972665 0.042385442006207086 0.2038777140151069 0.45291368943435373 0.39981604645436175 0.79968614142853767 0.077139805684055318
leaf_count=11227 529 1782 1244 2263 440 199 48 215 597 196 423 235 747 588 145 28 3999 3709 2708 1882 117 28 662 342 208 273 66 2546 2056 498
internal_value=-6.64029e-10 -0.025133 -0.0384187 -0.0020237 0.00301161 0.0350358 0.0247444 -0.0109526 0.0077308 0.012082 0.0144445 0.0247449 0.0187781 0.0203629 0.0308467 0.0465221 -0.044387 -0.0415874 -0.0321166 -0.0258289 -0.0186897 0.0398398 -0.0323357 -0.0255635 -0.010108 -0.00666255 0.0186764 -0.0517704 -0.0523509 -0.0481129
internal_weight=19.0427 11.0884 7.04066 4.04773 3.66841 7.95427 4.19536 1.25682 0.670755 3.13705 3.02344 0.511578 2.67375 2.60685 3.88071 3.75891 5.78384 3.96751 2.05563 1.51531 0.349695 1.79753 0.586067 0.410055 0.268476 0.246263 0.936605 1.91187 1.51206 0.176012
internal_count=40000 38957 31920 7037 5255 1043 788 3793 1047 2992 2552 450 1531 1335 259 255 28127 16900 8299 4590 1021 227 2746 1586 598 481 114 8601 6055 1160
is_linear=0
shrinkage=0.05


Tree=51
num_leaves=31
num_cat=0
split_feature=2 5 5 8 10 10 4 8 0 10 9 4 4 0 0 8 0 1 8 4 10 10 10 10 4 9 1 4 0 0
split_gain=6.36144 0.813701 0.790831 1.07787 1.06671 0.525682 0.41837 0.402132 0.260763 0.207823 0.146553 0.00325642 0.000553533 0.000202776 2.87222e-05 2.1095e-05 1.21988e-05 5.14191e-06 5.0603e-06 4.60567e-06 2.98789e-06 4.82928e-06 2.84824e-06 3.22927e-06 1.30235e-06 1.1779e-06 9.29422e-07 7.84994e-07 6.7948e-07 1.25554e-06
threshold=1.0000000180025095e-35 1.0000000180025095e-35 1.0000000180025095e-35 0.3403894026598932 0.78587962962962976 0.64513888888888904 0.59583333333333344 0.20947770954758846 0.26219561328785546 0.56180555555555556 1.0000000180025095e-35 0.94583333333333341 0.24583333333333332 0.141115655935701 0.048258098254971869 0.38748477445013024 0.012385994350234466 0.20538146137162955 0.40461388097663503 0.75416666666666676 0.60681216931216941 0.84583333333333344 0.64699074074074081 0.90138888888888902 0.17916666666666672 1.0000000180025095e-35 0.075004571036836151 0.36250000000000004 0.17478935992396441 0.032818496626708264
decision_type=2 2 2 2 2 2 2 2 8 2 2 2 2 10 8 2 10 2 2 2 2 2 2 2 2 2 2 2 8 10
left_child=2 5 3 -1 -5 9 -6 11 10 -2 -8 -7 -9 16 18 -15 -3 -16 19 24 -20 27 -21 -24 -4 -25 -23 -22 -19 -30
right_child=1 13 14 4 6 7 8 12 -10 -11 -12 -13 -14 15 17 -17 -18 28 20 22 21 26 23 25 -26 -27 -28 -29 29 -31
leaf_value=-0.034165270960191715 -0.0088161538842761369 -0.052929055025677345 -0.050190378396223014 -0.034165270960191715 -0.034165270960191715 -0.0088161538842761369 -0.034165270960191715 0.046706524638399756 -0.034165270960191715 0.026190165250224801 0.016484016940371368 0.02769425364447984 0.044749713127542279 -0.056105435499519941 -0.050465629484580776 -0.055010381424750267 -0.051432527933715028 -0.050395050233776953 -0.050562275990601535 -0.050474830910185925 -0.050293590457071415 -0.050986892590327418 -0.050707001796170249 -0.050491745396675849 -0.05058336447616392 -0.051033752236798728 -0.051201862694274562 -0.050760752318442875 -0.049963096675965858 -0.050241096721564862
leaf_weight=2.8980542447363877 0.46144323800035525 0.031370204203994834 0.022047128411940564 1.1208641566192907 0.35025971249251586 0.14526355686757586 0.086039344518212935 0.38480299299590104 0.2208318448515455 0.55972871744597796 3.7841880773121375 0.064882658727583475 5.9417419051078468 0.12292142101796344 0.60842681942449406 0.068480503738101106 0.024062201948254369 0.049845590016047936 0.064962736898451112 0.062663885168149136 0.0095207711274269968 0.099123052299546544 0.20943256768805441 0.010692629162804224 0.48160031565930694 0.16029009282647166 0.10204002752288943 0.16200629412924172 0.048578649280671016 0.24773772284243023
leaf_count=12527 131 47 250 4465 1726 147 163 24 786 94 1611 12 418 71 5101 42 57 440 487 524 96 473 1281 76 3532 688 422 919 582 2808
internal_value=-6.29891e-09 0.0343925 -0.0248558 -0.0177414 -0.00425288 0.0373101 0.00731978 0.0425221 0.0119218 0.00394737 0.0149637 -0.00881615 0.0448687 -0.0549424 -0.0505891 -0.0557136 -0.0522794 -0.0503781 -0.0507346 -0.0506696 -0.0508752 -0.0509297 -0.0507872 -0.0508386 -0.0505662 -0.0509999 -0.0510959 -0.0507348 -0.0502243 -0.0501955
internal_weight=18.6039 7.8047 10.7992 8.46024 5.56218 7.55786 4.44132 6.53669 4.09106 1.02117 3.87023 0.210146 6.32654 0.246834 2.33897 0.191402 0.0554324 0.954589 1.38438 0.946727 0.437653 0.37269 0.443079 0.380415 0.503647 0.170983 0.201163 0.171527 0.346162 0.296316
internal_count=40000 1043 38957 21278 8751 826 4286 601 2560 225 1774 159 442 217 17679 113 104 8931 8748 6351 2397 1910 2569 2045 3782 764 895 1015 3830 3390
is_linear=0
shrinkage=0.05


Tree=52
num_leaves=31
num_cat=0
split_feature=3 5 5 9 8 0 0 4 8 7 7 8 8 0 7 7 9 7 7 4 4 4 4 7 7 7 7 4 0 7
split_gain=4.65027 1.06033 0.79287 0.545453 0.684467 0.288832 0.488329 0.736159 0.402152 0.153643 0.391678 0.103091 0.481213 0.32192 0.0579276 0.055614 0.0323788 0.0246489 0.0178081 0.0206548 0.00387023 0.0235985 0.0181524 0.00230096 0.00222676 0.00216442 0.000375952 0.000640594 6.74312e-05 5.37127e-05
threshold=1.0000000180025095e-35 1.0000000180025095e-35 1.0000000180025095e-35 1.0000000180025095e-35 0.38248477445013024 0.27389043773438465 0.016388072586624065 0.6625000000000002 0.21038940265989317 0.75150000000000017 1.5375000000000001 0.35748477445013022 0.24500092162619036 0.27060925364307303 1.6675000000000002 1.5515000000000003 1.0000000180025095e-35 1.4135000000000002 0.8055000000000001 0.97083333333333344 0.6625000000000002 0.38333333333333341 0.89583333333333348 1.1385000000000003 1.3205000000000002 1.7925000000000002 1.8355000000000004 0.87916666666666676 0.14021796526781163 1.7865000000000002
decision_type=2 2 2 2 2 8 10 2 2 2 2 2 2 10 2 2 2 2 2 2 2 2 2 2 2 2 2 2 10 2
left_child=2 3 5 -2 11 6 -1 -8 -9 -10 16 12 -5 17 -13 18 -11 -14 19 -6 21 -20 -22 -15 -25 -26 27 -17 -3 -30
right_child=1 28 -4 4 15 -7 7 8 9 10 -12 14 13 23 -16 26 -18 -19 20 -21 22 -23 -24 24 25 -27 -28 -29 29 -31
leaf_value=-0.033249706224774744 -0.010431465642969432 -0.051033930373496988 -0.050631754004615372 -0.010431465642969432 0.016306682988242019 -0.033249706224774744 -0.033249706224774744 -0.033249706224774744 -0.033249706224774744 -0.033249706224774744 0.018835358706595855 -0.010431465642969432 -0.010431465642969432 0.042619589118693277 0.039255633163497755 0.049240349666484245 -0.0095210760808550482 0.014976311833331696 0.013427358330113374 0.050053841600264562 0.045714790029784361 0.041544917850302343 0.030802421094355204 0.032615113746001637 0.040597321089313826 0.035755420536893692 0.048712121485237375 0.051210945781830268 -0.052913290445354921 -0.050555049672003999
leaf_weight=0.91623699724005003 0.29276669732644212 0.072582028364422402 2.0750826495677757 0.50038706648774578 0.1673063948796879 0.7922626922877497 0.96033179296864535 0.38567480277561106 0.13234326871315705 0.05930507429729881 2.799812142009614 0.20591451446080089 0.21861114952548621 0.36930915752327553 0.062011794697355072 1.342110938392125 1.7789532383940241 0.10921494886338223 0.089599764213744382 0.062195683116442524 0.82560046307617063 0.44641106885092086 0.27107509180359557 0.16005186984557429 0.68028945332162016 0.34932747655921048 1.1744057030073234 0.59534973537301983 0.29592464107918204 0.026290926762158051
leaf_count=3387 263 640 14981 1388 199 3815 4790 1561 496 190 1029 218 419 256 41 172 2501 147 150 10 259 188 139 102 171 51 120 42 2055 220
internal_value=-5.31393e-09 0.0275623 -0.0231544 0.0315478 0.0343862 -0.0158677 -0.012301 -0.00671323 0.00127966 0.00547267 0.00706188 0.0138878 0.017241 0.0296491 -0.0104315 0.0453281 -0.0108701 -0.0104315 0.0384937 0.0254523 0.0403269 0.0368448 0.0420288 0.0391719 0.0381017 0.0389546 0.049418 0.0498459 -0.0524107 -0.0527209
internal_weight=18.2167 8.31674 9.9 7.92194 7.62917 7.82492 7.03266 6.11642 5.15609 4.77041 4.63807 2.65512 2.38719 1.8868 0.267926 4.97405 1.83826 0.327826 1.86219 0.229502 1.63269 0.536011 1.09668 1.55898 1.18967 1.02962 3.11187 1.93746 0.394798 0.322216
internal_count=40000 7250 32750 4335 4072 17769 13954 10567 5777 4216 3720 2793 2534 1146 259 1279 2691 566 945 209 736 338 398 580 324 222 334 214 2915 2275
is_linear=0
shrinkage=0.05


Tree=53
num_leaves=31
num_cat=0
split_feature=2 9 7 5 10 10 8 0 7 9 8 8 0 8 8 7 8 0 8 7 8 0 0 10 5 5 0 10 10 0
split_gain=5.80676 0.935934 0.876267 0.752256 1.74376 0.631303 0.453509 0.278997 0.234354 0.143764 0.332058 0.217858 0.0826995 0.0884706 0.0705549 0.0564498 0.0474151 0.0458132 0.0233746 0.000532155 0.000498152 0.00190314 0.000748894 0.000532532 0.000332257 0.000314011 0.000301402 0.000378145 0.000228241 0.000147994
threshold=1.0000000180025095e-35 1.0000000180025095e-35 1.1125000000000003 1.0000000180025095e-35 0.93194444444444446 0.56180555555555556 0.30038940265989328 0.011698166044874373 1.4965000000000002 1.0000000180025095e-35 0.34538940265989321 0.30038940265989328 0.1324731915541017 0.38038940265989324 0.44501943081258838 1.2095000000000002 0.61248477445013039 0.024957382026816369 0.53000092162619039 1.3755000000000004 0.39447770954758848 0.52228046351840651 0.27710373471070171 0.96412037037037046 1.0000000180025095e-35 1.0000000180025095e-35 0.29178329461962998 0.96203703703703713 0.99189814814814814 0.040487034091272946
decision_type=2 2 2 2 2 2 2 10 2 2 2 2 10 2 2 2 2 10 2 2 2 10 10 2 2 2 8 2 2 10
left_child=2 19 20 4 -4 -3 8 -6 -7 -9 11 -11 16 -14 -15 -8 18 -13 -12 -2 22 24 -1 -24 26 -25 27 -22 -28 -29
right_child=1 5 3 -5 7 6 15 9 -10 10 12 17 13 14 -16 -17 -18 -19 -20 -21 21 -23 23 25 -26 -27 28 29 -30 -31
leaf_value=-0.05060905357874991 -0.063116589074250676 -0.021262648867949686 -0.029787979266001737 -0.050571514583471047 -0.029787979266001737 -0.022530743255826984 0.035635181937074017 -0.029787979266001737 0.029616516104260044 -0.029787979266001737 0.022817930918871392 0.025003250914816623 0.028384549023612191 0.010083110348111934 -0.029787979266001737 0.047966776755773516 0.04602191130223629 -0.0061499470964026482 0.035869484496790137 -0.067924608177000759 -0.049348547338821214 -0.02399067749591274 -0.048602790026076613 -0.039404162649789271 -0.050483301791975632 -0.050196313883332525 -0.046681075379983658 -0.047663513566673268 -0.039775179951007822 -0.043740117571204801
leaf_weight=1.6134870710384368 0.11252868222072709 0.43949216884357056 2.3779554282682511 1.3072600463924571 0.23928788732382589 0.37999355676583935 1.153275168577238 0.087281904394331256 0.49756154715578305 0.30088910911308664 1.7730883334297698 0.25686090298404451 0.23367839793718292 0.15628556071078492 0.11651340768003138 4.7516964028345683 0.31720575816143526 0.21831331940393284 0.42534579697530706 0.11779184220358729 0.29616056597296836 0.0077021571642035261 0.1498035172735398 0.02868551356232274 0.24297484131966485 0.0088102613335649949 0.069194782397516974 0.059372055795392953 0.014465727157585206 0.040385030806646682
leaf_count=10900 44 140 9065 10107 737 267 199 166 110 907 301 44 93 108 208 258 20 205 77 25 1490 63 1226 166 2075 113 458 187 90 151
internal_value=-1.36608e-09 0.0336468 -0.0242478 -0.0159621 -0.00900444 0.0368111 0.0405741 0.0118998 0.00703603 0.0152055 0.0167476 -0.0124264 0.0242393 0.00580571 -0.0135352 0.0455583 0.0279506 0.0106903 0.0253431 -0.0655755 -0.049815 -0.0487134 -0.0502616 -0.0472689 -0.048977 -0.04194 -0.0482138 -0.04879 -0.045487 -0.0460752
internal_weight=17.7933 7.45234 10.341 7.80997 6.50271 7.22202 6.78253 4.12475 0.877555 3.88546 3.79818 0.776063 3.02212 0.506477 0.272799 5.90497 2.51564 0.475174 2.19843 0.230321 2.53104 0.730255 1.80079 0.187299 0.722553 0.0374958 0.479578 0.395918 0.0836605 0.0997571
internal_count=40000 1043 38957 22038 11931 974 834 2866 377 2129 1963 1156 807 409 316 457 398 249 378 69 16919 4514 12405 1505 4451 279 2376 1828 548 338
is_linear=0
shrinkage=0.05


Tree=54
num_leaves=31
num_cat=0
split_feature=2 0 5 10 10 0 3 7 9 7 0 7 7 7 7 1 0 0 0 1 0 1 0 10 10 10 7 10 7 0
split_gain=5.69399 1.1768 0.708747 0.630756 0.42032 0.388444 0.229612 0.200235 0.130819 0.878426 0.446008 0.12656 0.0581955 0.051612 0.0360774 0.00484339 0.00250591 0.0011601 0.000150717 0.000143479 0.000142093 6.82525e-06 8.75143e-06 6.01981e-06 3.04483e-06 2.9642e-06 1.93499e-06 1.93217e-06 1.92323e-06 9.83897e-07
threshold=1.0000000180025095e-35 0.16189619292929203 1.0000000180025095e-35 0.70972222222222237 0.78587962962962976 0.011323474484290146 0.37500000000000006 1.3125000000000002 1.0000000180025095e-35 1.6275000000000002 0.044855731060421171 0.9235000000000001 1.7865000000000002 1.1645000000000003 1.2405000000000002 0.11333298887157468 0.42353517986028161 0.036625541121341816 0.026342538125656408 0.32740557257195207 0.26363009219040506 0.099185561693601751 0.14368776215811027 0.89513888888888904 0.68700396825396826 0.98240740740740751 1.0415000000000003 0.79537037037037039 1.2845000000000002 0.28672984732744033
decision_type=2 10 2 2 2 10 2 2 2 2 10 2 2 2 2 2 10 10 8 2 8 2 8 2 2 2 2 2 2 8
left_child=2 17 3 -1 6 -5 7 13 -7 11 -11 -10 -9 -3 -6 -12 -13 18 -2 -17 -20 24 27 -19 -4 -26 -27 -23 -29 -28
right_child=1 4 21 5 14 8 -8 12 9 10 15 16 -14 -15 -16 19 -18 23 20 -21 -22 22 -24 -25 25 26 29 28 -30 -31
leaf_value=-0.034062124608718068 -0.051342752749100343 -0.055026879952251952 -0.050443143820297798 -0.034062124608718068 0.037927097421027935 -0.034062124608718068 0.037054904393748415 0.0051414685555379661 -0.034062124608718068 0.026123882562141716 -0.034062124608718068 -0.017421402029632101 0.03030954775966764 -0.010642166500459791 0.048999095881396719 -0.026172325299358284 -0.0014898495479022129 -0.05517617626835012 -0.051374124949469885 -0.022751727775118871 -0.047105285291172749 -0.050451285285906346 -0.050256231130430457 -0.054601664470524724 -0.050563143612584127 -0.050544096399817807 -0.050898213397665953 -0.050519136129304802 -0.050819640683737302 -0.050516737840741482
leaf_weight=1.5091619829763674 0.06190298532601346 0.1328087030342433 0.31704866850122859 0.73742065437181725 0.9157638788819894 0.17610822437563989 1.1121431798383126 0.51589862545370124 0.50473306668118256 2.198382103164477 0.060246699933486414 2.4518474124370191 0.41400013004749781 0.12922979221912101 3.7426078650241834 0.35681658328394406 0.024933478737693693 0.14706953454879113 0.026319024007534608 0.033538247733304161 0.075168581981415628 0.19332250664592709 0.52165529861304094 0.066083647456252947 0.56999561586417258 0.0680404776467185 0.15888662842917256 0.10632897534378571 0.10664700765846646 0.018914916068752063
leaf_count=7854 142 78 2783 3470 93 560 57 63 2676 630 82 5075 29 25 126 580 206 155 59 145 139 1678 6152 77 4208 512 792 838 569 147
internal_value=1.15001e-09 0.0335264 -0.0243276 -0.017632 0.0381826 -0.0101211 0.0207144 0.00546782 -0.00554538 -0.00411676 0.0168354 -0.0227321 0.0163465 -0.0331376 0.0468225 -0.0284812 -0.017261 -0.0525682 -0.0493983 -0.0258784 -0.0482123 -0.0504923 -0.0503917 -0.0549981 -0.0505746 -0.0506257 -0.0507709 -0.0505657 -0.0506696 -0.0508576
internal_weight=17.453 7.339 10.114 8.05319 6.96245 6.54403 2.30408 1.19194 5.80661 5.6305 2.64898 2.98151 0.929899 0.262038 4.65837 0.450602 2.47678 0.376544 0.163391 0.390355 0.101488 2.06084 0.927954 0.213153 1.13289 0.815838 0.245842 0.406298 0.212976 0.177802
internal_count=40000 1043 38957 21278 471 13424 252 195 9954 9394 1437 7957 92 103 219 807 5281 572 340 725 198 17679 9237 232 8442 5659 1451 3085 1407 939
is_linear=0
shrinkage=0.05


Tree=55
num_leaves=31
num_cat=0
split_feature=2 9 0 8 5 8 8 9 0 0 4 8 5 0 0 8 4 4 0 9 8 0 0 3 4 4 0 5 0 0
split_gain=5.33961 0.833124 1.4515 0.791083 0.621556 0.179747 0.35579 0.101964 0.193548 0.414272 0.0927264 0.0752792 0.0766537 0.0339556 0.0853793 0.0326579 0.0960074 0.0236039 0.0321321 0.0149564 0.00624368 0.00175779 0.000665526 0.00028105 0.000231107 0.000149677 0.000270468 0.000136183 0.000134768 0.0001227
threshold=1.0000000180025095e-35 1.0000000180025095e-35 0.25440170818067032 0.35038940265989321 1.0000000180025095e-35 0.35961388097663499 0.23748477445013025 1.0000000180025095e-35 0.043817122703016145 0.018082021856394542 0.68750000000000011 0.19748477445013021 1.0000000180025095e-35 0.033475699503978988 0.25300184903845774 0.35038940265989321 0.76250000000000018 0.36250000000000004 0.28513046889400689 1.0000000180025095e-35 0.5894777095475886 0.035574609847894102 0.03870487886920667 1.0000000180025095e-35 0.63750000000000018 0.97916666666666685 0.29001381138956245 1.0000000180025095e-35 0.15608444947234229 0.043516629388121966
decision_type=2 2 10 2 2 2 2 2 8 10 2 2 2 10 10 2 2 2 8 2 2 10 8 2 2 2 8 2 10 10
left_child=3 -2 15 11 7 6 -4 -5 9 -9 -10 23 17 -12 -15 21 24 -13 19 -19 -7 22 -3 29 -17 26 -25 -28 -23 -1
right_child=1 2 5 4 -6 20 -8 8 10 -11 13 12 -14 14 -16 16 -18 18 -20 -21 -22 28 -24 25 -26 -27 27 -29 -30 -31
leaf_value=-0.050697881463922116 -0.063808353917287008 -0.050868968484997217 -0.027122559250246144 -0.027669970642028696 -0.05052338477307166 0.047534069189595934 0.038438073580331557 -0.027669970642028696 -0.027669970642028696 0.013558008267800518 -0.027669970642028696 -0.040718031234562316 -0.050426207727634877 -0.0015861082828370237 -0.027669970642028696 -0.055481339702003529 -0.0062078966431729846 -0.040718031234562316 -0.040718031234562316 -0.025118317219230551 0.052095806898032927 -0.054152004262002576 -0.041314350508686169 -0.05035585477153981 -0.059356916122187242 -0.041065414108593087 -0.045444581354893578 -0.0501481407121976 -0.057083626423054291 -0.049576515005269627
leaf_weight=0.83583800249107454 0.21563531670108194 0.037058765665277771 0.2379845961149839 0.15281993135431537 0.87827577784128141 3.5255843892991834 1.58647483517052 0.56009262511724989 0.33888935624236172 2.4113431989935634 0.11235466444759357 0.1877172796448584 0.67253090865051479 1.0922690680345111 0.19018413749472518 0.10889137950289296 0.21070835139653354 0.071257731979132877 0.29034849788968142 1.5325303371100718 0.95282386870530889 0.081383043434470892 0.035862642624124419 0.099620213521120493 0.059476539827301167 0.0068713310770363014 0.066444991266962461 0.020027396985824453 0.075635830435203388 0.34448313338543812
leaf_count=5279 69 111 97 488 7143 129 106 1318 2078 1877 585 1270 6351 1090 739 83 125 363 1735 4373 27 119 77 816 46 64 477 316 54 2595
internal_value=-3.42211e-09 0.0329735 0.0359929 -0.0238262 -0.0118147 0.0431153 0.0298863 -0.00481656 -0.00330979 0.00443629 -0.016586 -0.0405185 -0.0357507 -0.00981213 -0.00734674 -0.0377186 -0.0287009 -0.0310099 -0.0291101 -0.0262534 0.0485046 -0.052585 -0.04617 -0.0500814 -0.0568504 -0.0483123 -0.0485799 -0.0465339 -0.0555642 -0.0503706
internal_weight=16.9914 7.12752 6.91188 9.8639 5.73623 6.30287 1.82446 4.85795 4.70513 2.97144 1.7337 4.12767 2.75438 1.39481 1.28245 0.609017 0.379076 2.08185 1.89414 1.60379 4.47841 0.22994 0.0729214 1.37329 0.168368 0.192964 0.186093 0.0864724 0.157019 1.18032
internal_count=40000 1043 974 38957 15318 359 203 8175 7687 3195 4492 23639 14092 2414 1829 615 254 7741 6471 4736 156 361 188 9547 129 1673 1609 793 173 7874
is_linear=0
shrinkage=0.05


Tree=56
num_leaves=31
num_cat=0
split_feature=0 7 5 5 8 9 0 7 5 1 8 8 7 3 0 1 1 3 3 0 8 5 0 8 8 0 0 7 7 0
split_gain=4.47384 1.16546 0.718369 0.565248 0.49072 0.437523 0.204917 0.139757 0.133426 0.162998 0.17989 0.160317 0.0959066 0.116886 0.0685487 0.0681842 0.0880164 0.0573181 0.10677 0.0533121 0.122858 0.0363679 0.0264002 0.0240463 0.0261301 0.0200084 0.0698382 0.015195 0.0127772 0.01191
threshold=0.2691774460710798 1.4915000000000003 1.0000000180025095e-35 1.0000000180025095e-35 0.29461388097663505 1.0000000180025095e-35 0.046246645084441672 1.1035000000000001 1.0000000180025095e-35 0.095960932323646317 0.5250009216261905 0.32947770954758854 0.89550000000000007 0.37500000000000006 0.045900394322439982 0.11970023372658654 0.16992536388324433 1.0000000180025095e-35 0.37500000000000006 0.14718429674892555 0.39248477445013025 1.0000000180025095e-35 0.15165390266378251 0.40538940265989326 0.45748477445013025 1.0000000180025095e-35 0.041158735913419751 1.2265000000000001 1.9745000000000004 0.14271290926353372
decision_type=10 2 2 2 2 2 8 2 2 2 2 2 2 2 8 2 2 2 2 10 2 2 10 2 2 10 10 2 2 10
left_child=1 7 5 4 -3 -2 -6 19 9 23 11 -11 17 28 -12 -8 -17 -7 -19 -1 -21 -22 -16 -9 -25 -13 -27 -15 -14 -28
right_child=2 3 -4 -5 6 12 15 8 -10 10 14 25 13 27 22 16 -18 18 -20 20 21 -23 -24 24 -26 26 29 -29 -30 -31
leaf_value=-0.050122803695160215 -0.0079299223206374253 -0.023836423615468786 -0.051580057473849333 -0.05074424533140276 0.01670815726912776 -0.0079299223206374253 -0.023836423615468786 -0.037440139323707287 -0.050566260877642537 -0.037440139323707287 0.038184467354156322 -0.037440139323707287 0.031607462757807195 0.036082506308837907 -0.037440139323707287 -0.023836423615468786 0.008127623642387628 -0.0079299223206374253 0.03612658880029454 -0.053071219666875551 0.0033688978506677542 -0.051905406558472755 0.0061149528775413572 -0.037440139323707287 -0.014564411646677459 -0.037440139323707287 -0.010569091377052135 0.048174938705042331 0.044835782440452984 0.004281008126182804
leaf_weight=1.7997135818691297 0.15908781607140543 0.4876272393214548 0.24487444546321047 0.54998266502002469 2.840698082272866 0.049274929209785934 0.16797672010943632 0.57597422074468418 0.60791655560751667 0.39851559487897226 0.19172955728572549 0.034437057584682407 2.5089749052713164 0.28814038040491174 0.039351785027974984 0.24994875415904971 0.57874766800273392 0.059379116590207559 0.349780585060671 0.30556562774290785 0.19868588411372912 0.035000867614144227 0.091782196177518927 0.071180088343680836 0.26397062862815801 0.081922264602326322 0.1971281495243602 2.6398694272074863 0.19686611438828538 0.42853217102128838
leaf_count=12240 203 1898 2214 4043 1284 299 393 2295 5095 1778 64 198 1749 213 138 351 576 301 194 1694 355 281 101 195 542 181 246 366 89 424
internal_value=-5.5058e-10 -0.0206612 0.0324295 -0.00299994 0.0030714 0.0357202 0.00986422 -0.0368408 -0.0296651 -0.024314 -0.0138176 -0.0231447 0.0382721 0.0400616 0.019131 -0.00964222 -0.00267014 0.0162799 0.0238021 -0.0459908 -0.0322004 -0.00490991 -0.00872677 -0.0374401 -0.0227009 -0.00821255 -0.00635123 0.0469849 0.0325699 -0.000397845
internal_weight=16.6926 10.1964 6.49625 4.87498 4.325 6.25137 3.83737 5.32141 2.98244 2.37452 1.4634 1.14054 6.09229 5.63385 0.322864 0.996673 0.828696 0.458435 0.40916 2.33897 0.539252 0.233687 0.131134 0.911125 0.335151 0.74202 0.707583 2.92801 2.70584 0.62566
internal_count=40000 34372 5628 8545 4502 3414 2604 25827 11257 6162 3130 2827 3211 2417 303 1320 927 794 495 14570 2330 636 239 3032 737 1049 851 579 1838 670
is_linear=0
shrinkage=0.05


Tree=57
num_leaves=31
num_cat=0
split_feature=2 4 8 3 10 5 8 0 10 0 5 4 8 10 8 0 10 10 4 0 0 0 10 4 10 8 0 0 8 0
split_gain=5.13601 0.818434 0.791821 0.896239 0.642232 0.629359 0.257075 0.393789 0.227482 0.000839867 0.000556578 0.000594755 0.00242084 0.00145141 0.00628214 0.00102733 0.00177715 0.00998111 0.000350204 0.000294367 0.00252248 0.000559777 0.000228038 0.000313506 0.000215322 0.000241715 9.31025e-05 0.000227333 8.00422e-05 6.74389e-05
threshold=1.0000000180025095e-35 0.67916666666666681 0.21461388097663503 1.0000000180025095e-35 0.69953703703703718 1.0000000180025095e-35 0.61538940265989328 0.045900394322439982 0.67685185185185193 0.027726702663255522 1.0000000180025095e-35 0.46250000000000002 0.58000092162619044 0.83958333333333346 0.53248477445013032 0.13057905292101185 0.60486111111111118 0.90856481481481488 0.56250000000000011 0.017065932968762004 0.40395156491469314 0.0010014411660249302 0.95462962962962983 0.51250000000000018 0.51172839506172851 0.53748477445013043 0.14191757755345388 0.037345414961741985 0.32500092162619038 0.027726702663255522
decision_type=2 2 2 2 2 2 2 8 2 8 2 2 2 2 2 8 2 2 2 8 10 10 2 2 2 2 10 10 2 8
left_child=1 10 22 18 29 6 7 -6 -5 -8 11 -1 13 -13 19 16 -14 -18 -4 -15 21 -21 23 -2 -20 28 27 -23 -26 -3
right_child=2 4 3 8 5 -7 9 -9 -10 -11 -12 12 15 14 -16 -17 17 -19 24 20 -22 26 -24 -25 25 -27 -28 -29 -30 -31
leaf_value=-0.049518196960553484 -0.056319548337530612 -0.050700303392673375 -0.051290646707563205 0.020329143871611152 0.0034210978458208935 -0.050507684808273751 0.041921856556933111 -0.02653165318770553 0.044982135113413237 0.036475995866808511 -0.050347528083295727 -0.049518196960553484 -0.049518196960553484 -0.049518196960553484 -0.016129647323298649 -0.046674257039833938 -0.049518196960553484 0.024564057192744466 -0.051629702658890886 -0.042168050260141227 -0.025284360568210974 -0.049518196960553484 -0.049371134643785314 -0.051845327392870948 -0.045881994106218529 -0.041450279813223835 -0.047175646922075772 -0.046342662616835673 -0.048213262858595146 -0.04980965511700703
leaf_weight=0.77725782996435755 0.052526186947942644 0.28490414790940088 0.082777278634239226 1.1445265404763629 3.4759892944639432 0.78722210390708358 0.096081939889700041 1.3908065428204279 5.1290529208781663 0.26903275177210162 0.73117305796404242 0.48770538483336168 0.0071478380559710777 0.054458857150166295 0.016981610927359725 0.013717025673486205 0.011171567384735681 0.0071801384183345354 0.027027790507418104 0.038483049908109024 0.013186109839807614 0.08986763926804997 0.055384763007168658 0.15376277408904571 0.054590892599662766 0.018624929445650196 0.066969809063266439 0.056481901272491086 0.1131007045332808 0.83676839234658484
leaf_count=5035 48 1835 124 94 3049 6265 40 3582 179 105 7960 3040 34 286 92 90 55 33 34 269 99 376 60 171 112 54 408 292 167 6012
internal_value=3.64722e-09 -0.0237525 0.033075 0.0364723 -0.0153002 -0.00882711 -0.00255562 -0.00559135 0.0404845 0.0379091 -0.0492002 -0.0486889 -0.0477777 -0.0483553 -0.0457634 -0.0356404 -0.0297049 -0.0214547 -0.0485302 -0.0473388 -0.0466022 -0.0477185 -0.0522198 -0.0529846 -0.0474591 -0.0468541 -0.0487198 -0.0494264 -0.0474543 -0.0500359
internal_weight=16.344 9.51259 6.83137 6.5697 7.14081 6.01913 5.23191 4.8668 6.27358 0.365115 2.37178 1.64061 0.863351 0.824134 0.336429 0.0392166 0.0254995 0.0183517 0.296122 0.319447 0.264989 0.251802 0.261674 0.206289 0.213344 0.186317 0.213319 0.14635 0.167692 1.12167
internal_count=40000 38957 1043 764 20888 13041 6776 6631 273 145 18069 10109 5074 4862 1822 212 122 88 491 1730 1444 1345 279 219 367 333 1076 668 279 7847
is_linear=0
shrinkage=0.05


Tree=58
num_leaves=31
num_cat=0
split_feature=5 1 1 8 10 9 9 7 8 8 10 7 8 7 7 4 4 4 4 10 7 4 4 4 4 10 10 10 7 10
split_gain=2.27383 2.41677 0.946094 0.947976 0.367586 0.2764 0.235103 0.227294 0.115687 0.0988896 0.262524 0.0969325 0.0840205 0.0567716 0.0306041 0.0504179 0.0298272 0.0286513 0.0305232 0.0153138 0.0118719 0.0260213 0.00549366 0.00944129 0.0369802 0.0039142 0.00273697 0.00142164 0.00140169 0.014223
threshold=1.0000000180025095e-35 0.36589330848790652 0.095228104720190179 0.32947770954758854 0.70734126984126999 1.0000000180025095e-35 1.0000000180025095e-35 1.0915000000000001 0.40461388097663503 0.40461388097663503 0.53587962962962965 1.6675000000000002 0.23501943081258833 1.3555000000000001 1.2135000000000002 0.89583333333333348 0.6708333333333335 0.47083333333333333 0.77083333333333348 0.85092592592592609 0.9235000000000001 0.87083333333333346 0.84583333333333344 0.47083333333333333 0.75416666666666676 0.6741071428571429 0.65376984126984139 0.51172839506172851 1.5985000000000003 0.59193121693121709
decision_type=2 2 2 2 2 2 2 2 2 2 2 2 2 2 2 2 2 2 2 2 2 2 2 2 2 2 2 2 2 2
left_child=1 2 8 13 14 -3 -6 20 -1 10 11 -7 -12 -4 -5 16 -16 -9 -19 25 21 -8 23 -22 -25 -14 27 -11 29 -15
right_child=-2 5 3 4 6 9 7 17 -10 26 12 -13 19 28 15 -17 -18 18 -20 -21 22 -23 -24 24 -26 -27 -28 -29 -30 -31
leaf_value=-0.021828513045576845 -0.050686989598195058 -0.021828513045576845 -0.021828513045576845 -0.021828513045576845 -0.021828513045576845 -0.021828513045576845 -0.021828513045576845 0.013902816577335731 -0.0038827691015638831 0.039550455969056944 -0.020833735896698069 0.047380845298078261 0.030046516864364988 -0.021828513045576845 -0.019359175096582706 -0.021828513045576845 0.0074023690108746959 0.017805022909378024 0.030913607930146539 0.049911395184578725 -0.021828513045576845 0.0064930834534847161 0.010626887782251009 0.021427855531675838 -0.021828513045576845 0.040851672430004697 0.051811022763931569 0.048922003181893749 -0.0081231432886354846 -0.0068120181878677192
leaf_weight=1.7526671680971033 1.9431170497606451 0.072818077329430131 0.9574708194361391 0.24497115852864215 0.11512869347643562 0.082945085599475887 0.18786747259036918 0.34350856729997792 1.3674744172240023 0.067217901158074134 0.050597868420936609 0.053809624266250466 0.12791171603566887 0.038051646144594775 0.14276081895513926 0.086626591682033904 0.38466290864835173 0.51914641188022903 3.0710230739564395 0.63525842994818049 0.015958736250468064 0.097739649820141494 0.083760613209506118 0.078136120704584755 0.026764295020257123 0.24312236546597887 2.0768332192733396 0.10168629229428916 0.68263529067598938 0.30159801281752152
leaf_count=6799 17896 106 4411 903 200 114 629 557 2381 52 402 28 107 134 258 190 419 633 722 226 103 136 101 119 44 218 270 70 1095 677
internal_value=6.95491e-09 0.00702996 -0.00498171 0.00508672 0.0159756 0.0429328 0.0216517 0.0236972 -0.0218285 0.0451322 0.033503 -0.0218285 0.0420363 -0.0218285 -0.0140167 -0.00733824 0.000158668 0.0276981 0.0290181 0.0451975 -0.00840698 -0.014993 0.000785711 -0.00603465 0.000807765 0.0371267 0.0513132 0.0451925 -0.00942911 -0.0120539
internal_weight=15.9533 14.0102 10.498 7.37781 5.39806 3.5122 4.53903 4.4239 3.12014 3.43938 1.19365 0.136755 1.05689 1.97976 0.859021 0.61405 0.527424 3.93368 3.59017 1.00629 0.490227 0.285607 0.20462 0.120859 0.1049 0.371034 2.24574 0.168904 1.02228 0.33965
internal_count=40000 22104 20511 11331 5014 1593 3244 3044 9180 1487 1095 142 953 6317 1770 867 677 1912 1355 551 1132 765 367 266 163 325 392 122 1906 811
is_linear=0
shrinkage=0.05


Tree=59
num_leaves=31
num_cat=0
split_feature=2 10 9 10 5 4 8 7 10 10 10 8 8 7 10 7 4 1 5 8 1 8 8 8 7 8 1 5 1 5
split_gain=4.8182 1.79113 0.71015 0.497234 0.487998 0.420805 0.588061 0.182039 0.0766678 0.0492198 0.0435375 0.0304264 0.121296 0.0954076 0.00754096 0.00697293 0.0128849 0.0213731 0.0138423 0.00703991 0.00404297 0.129035 0.00256733 0.0416773 0.0023415 0.00174297 0.00114548 0.00109233 0.000409241 0.000302844
threshold=1.0000000180025095e-35 0.93634259259259267 1.0000000180025095e-35 0.55985449735449755 1.0000000180025095e-35 0.74583333333333346 0.33038940265989319 1.0955000000000001 0.96203703703703713 0.71712962962962978 0.88611111111111118 0.29501943081258836 0.50961388097663518 1.5515000000000003 0.67817460317460321 1.2315000000000003 0.7875000000000002 0.10129801206667945 1.0000000180025095e-35 0.44000092162619042 0.11002642583965717 0.45748477445013025 0.34461388097663503 0.60461388097663515 1.6955000000000002 0.50000092162619036 0.18863948718557208 1.0000000180025095e-35 0.12266300320733189 1.0000000180025095e-35
decision_type=2 2 2 2 2 2 2 2 2 2 2 2 2 2 2 2 2 2 2 2 2 2 2 2 2 2 2 2 2 2
left_child=1 10 -2 -4 5 -3 -7 9 14 -5 15 -12 24 28 -9 -1 -17 18 19 -18 21 -8 -22 25 -13 -24 -19 -26 -14 -28
right_child=2 4 3 7 -6 6 20 8 -10 -11 11 12 13 -15 -16 16 17 26 -20 -21 22 -23 23 -25 27 -27 29 -29 -30 -31
leaf_value=-0.049930956027839687 -0.061492579142954876 -0.023241144455333637 -0.018845709908081251 -0.0087616358220241556 -0.05044603479019643 -0.023241144455333637 0.009354005083619726 0.03360398761605473 0.050694629942542528 0.023818343587975244 -0.049447160218636058 -0.049842318300377685 -0.051237316529435417 0.035978426151273508 0.039463386965636421 -0.049599685144947163 -0.027805422643927321 -0.051001736955489811 -0.050460054548427516 -0.040898195928857677 0.022701350656295905 0.033542044382654609 0.010984007421610906 0.038991174072886062 -0.033548508680164478 0.0049448196598510102 -0.045386731253090798 -0.050493230771046477 -0.041756416252216585 -0.050147231653370587
leaf_weight=1.7566042824651034 0.19367385142686533 0.47408090696490024 0.39189749096476667 0.13540011047734868 0.45756592683483166 0.43874868571856529 1.3153414740663727 0.72333028752655115 1.9963394931401124 0.8059762012653664 0.19038077998357028 0.19121785137031111 0.032197394713875838 0.10629318335941207 2.2798232163386274 1.0798841176881526 0.34790004858950829 0.32216626003719284 0.11914513078227174 0.11188232829590561 0.11351153382383916 0.94931984482900578 0.55807590665153839 0.14638783816917567 0.038177625917342084 0.1520182764124911 0.17481766581204283 0.012666553458984708 0.017605871153136832 0.041300967466668226
leaf_count=14716 69 2700 140 76 4089 1151 320 111 119 229 1443 1014 165 92 299 7578 766 1259 993 255 45 219 308 32 94 104 753 104 113 644
internal_value=-5.3331e-09 -0.0234163 0.0328197 0.035704 -0.00144251 0.00396375 0.0102553 0.0393024 0.0431004 0.0191323 -0.045694 -0.0330063 -0.0251451 0.00922119 0.0380521 -0.0475826 -0.0457051 -0.0419406 -0.0352721 -0.0313363 0.0183365 0.0194934 0.0156355 0.014699 -0.0473065 0.00969113 -0.0491126 -0.0377699 -0.0478857 -0.0462965
internal_weight=15.6737 9.14729 6.52644 6.33277 4.60505 4.14748 3.6734 5.94087 4.99949 0.941376 4.54224 0.588539 0.398158 0.156096 3.00315 3.9537 2.1971 1.11721 0.578928 0.459782 3.23465 2.26466 0.969994 0.856482 0.242062 0.710094 0.538285 0.0508442 0.0498033 0.216119
internal_count=40000 38957 1043 974 8968 4879 2179 834 529 305 29989 3025 1582 370 410 26964 12248 4670 2014 1021 1028 539 489 444 1212 412 2656 198 278 1397
is_linear=0
shrinkage=0.05


Tree=60
num_leaves=31
num_cat=0
split_feature=2 8 5 3 5 10 4 4 10 8 7 1 1 1 1 1 1 7 7 7 7 1 3 7 3 5 7 7 10 10
split_gain=4.72401 1.16855 0.623257 0.746081 0.56231 0.771137 0.215093 0.25227 0.213481 0.256831 0.17551 0.123597 0.0696698 0.0232338 0.0656592 0.0610605 0.0508604 0.00718255 0.283859 0.0243326 0.139137 0.000178635 8.49187e-05 0.000134539 0.000106282 7.0713e-05 0.000112971 0.000111669 8.35212e-05 0.000653787
threshold=1.0000000180025095e-35 0.33038940265989319 1.0000000180025095e-35 1.0000000180025095e-35 1.0000000180025095e-35 0.78402777777777788 0.47916666666666674 0.9208333333333335 0.82083333333333353 0.39538940265989325 1.0915000000000001 0.049715411962501059 0.23775703411382001 0.14392854461089702 0.035870004085114794 0.046940349920010248 0.10838307352939776 1.8665000000000003 1.5655000000000003 1.0365000000000002 1.3615000000000004 0.083596845539573403 0.37500000000000006 1.5105000000000002 1.0000000180025095e-35 1.0000000180025095e-35 1.1605000000000003 1.6765000000000003 0.60300925925925941 0.87870370370370388
decision_type=2 2 2 2 2 2 2 2 2 2 2 2 2 2 2 2 2 2 2 2 2 2 2 2 2 2 2 2 2 2
left_child=1 21 3 -2 5 -3 -7 10 9 -5 -8 -9 13 14 -12 -16 -17 18 19 -13 -21 -1 23 24 -4 26 -23 28 -28 -30
right_child=2 4 22 8 -6 6 7 11 -10 -11 12 17 -14 -15 15 16 -18 -19 -20 20 -22 25 -24 -25 -26 -27 27 -29 29 -31
leaf_value=-0.050525357253512773 -0.0087223730004234497 -0.02785698241652064 -0.050882948298939606 0.010832060715206137 -0.05039661416058866 -0.02785698241652064 -0.02785698241652064 -0.02785698241652064 0.047700365897611917 0.043704495059255014 -0.02785698241652064 -0.02785698241652064 -0.02785698241652064 -0.010296249870075463 -0.02785698241652064 0.012938465155817001 -0.012729875887268134 0.034819384066442458 0.039955021353397367 0.017957550472841855 -0.02785698241652064 -0.049892507147820578 -0.054765110207763659 -0.049804003616713693 -0.054139868998337143 -0.050259711770700946 -0.049892507147820578 -0.049892507147820578 -0.049892507147820578 -0.046506206473617584
leaf_weight=1.1218209401849875 0.30622810717250182 0.99547553945239986 0.035601663759734836 1.1143216541313452 0.79555468243597705 0.20758536251514659 0.22995743563251414 0.066186649921291862 3.5469480100437067 1.2729757810520821 0.076932381096413205 0.051527073645956767 0.087893405167051131 0.24512416652942182 0.062689617505384265 1.5676995784851895 0.22007689510428452 0.20159646500542283 0.93155539525832864 0.2571692025885568 0.10126062466952135 0.50036682969130175 0.046845682758430485 0.039294547175813932 0.084506071190844523 0.44112474436406035 0.071915923981578089 0.24930445116365263 0.22915706446588047 0.22471816222696361
leaf_count=7999 547 4730 101 105 8043 1307 1036 98 116 58 148 151 326 308 117 592 201 40 70 148 49 3863 22 55 39 5906 508 983 1420 914
internal_value=-5.83282e-09 -0.0235332 0.0326226 0.0354489 -0.0111982 -0.00531735 0.00490016 0.00761876 0.0399201 0.0283606 -0.00235168 0.0230479 0.00232269 0.00420285 0.00604682 0.00800334 0.00977867 0.0260197 0.0246973 -0.00997311 -0.0047155 -0.0500347 -0.0528936 -0.0523436 -0.0531745 -0.049714 -0.0495253 -0.0491268 -0.0487113 -0.0484516
internal_weight=15.3834 8.93669 6.44672 6.24047 6.09828 5.30273 4.30725 4.09967 5.93425 2.3873 2.49037 1.6093 2.26042 2.17252 1.9274 1.85047 1.78778 1.54311 1.34151 0.409957 0.35843 2.83841 0.206248 0.159402 0.120108 1.71659 1.27546 0.775096 0.525791 0.453875
internal_count=40000 38957 1043 826 17364 9321 4591 3284 279 163 2728 556 1692 1366 1058 910 793 458 418 348 197 21593 217 195 140 13594 7688 3825 2842 2334
is_linear=0
shrinkage=0.05


Tree=61
num_leaves=31
num_cat=0
split_feature=2 8 5 3 5 8 0 3 4 4 4 0 4 4 0 0 0 0 5 4 3 0 3 0 0 1 4 0 4 0
split_gain=4.49503 1.08946 0.574531 0.724579 0.53349 0.241625 0.35007 0.171564 0.0266647 0.0238787 0.311153 0.00968434 0.00830204 0.103115 0.00519995 0.045166 0.0824983 0.000790386 0.000283544 0.000345057 0.000555516 9.29658e-05 6.73962e-05 6.60625e-05 6.86263e-05 3.25967e-05 0.000131046 0.000215918 0.000128908 7.52237e-05
threshold=1.0000000180025095e-35 0.32947770954758854 1.0000000180025095e-35 1.0000000180025095e-35 1.0000000180025095e-35 0.73250000000000015 0.16708965295775757 0.37500000000000006 0.13750000000000004 0.25416666666666676 0.86250000000000016 0.030021941163999259 0.34583333333333333 0.6625000000000002 0.0028261657819685405 0.014167780940490466 0.049929019950989022 0.14718429674892555 1.0000000180025095e-35 0.87916666666666676 0.37500000000000006 0.045900394322439982 1.0000000180025095e-35 0.023527907458835404 0.16551047597537946 0.14972336356428911 0.80416666666666681 0.25300184903845774 0.59583333333333344 0.040836194363688003
decision_type=2 2 2 2 2 2 8 2 2 2 2 10 2 2 8 8 10 8 2 2 2 8 2 10 10 2 2 8 2 10
left_child=1 17 3 -2 5 6 8 -5 -3 -10 12 -12 -11 -14 -15 -16 -17 21 19 25 23 -1 -4 -21 -25 26 -19 -28 -27 -30
right_child=2 4 22 7 -6 -7 -8 -9 9 10 11 -13 13 14 15 16 -18 18 -20 20 -22 -23 -24 24 -26 28 27 -29 29 -31
leaf_value=-0.05068801832456149 -0.0088349000172905125 -0.028097145843553131 -0.051011116241991276 0.030178619184520711 -0.050372050873381147 0.046524766040603766 -0.028097145843553131 0.047411660575479853 -0.028097145843553131 -0.028097145843553131 0.005729593149969279 0.011810810804758241 -0.028097145843553131 -0.028097145843553131 -0.028097145843553131 -0.00035958025703247237 -0.028097145843553131 -0.049193102490525477 -0.050184850811564978 -0.048841403768692337 -0.037669690358258512 -0.049722344808981078 -0.053103639965972532 -0.048506375117877379 -0.045685763375891142 -0.049193102490525477 -0.03605502824819614 -0.047730559908204281 -0.045222827940364176 -0.048048525610510685
leaf_weight=1.4313954494537011 0.30271666439330225 0.036439097151742206 0.052906288874510099 2.7147648793688859 0.77052874266882998 0.21156998050219034 0.67933511098658517 3.0860069249756634 0.03199244373536192 0.038286744835204334 1.1832282123868938 1.4655892941445925 0.35980714716424689 0.018267651532368867 0.10722103827720264 0.98780122645257507 0.13626471925454098 0.11752679102210084 0.24348212324912311 0.042932209522405174 0.017100571539231169 0.3017759807771655 0.14111902863805881 0.030480005865683779 0.073726478060962108 0.17644634781413515 0.0048493864233023478 0.021586828221188625 0.027070362268432291 0.18125931431632125
leaf_count=9701 547 277 141 175 8148 62 3457 104 244 245 602 802 1830 77 354 1034 466 934 3904 301 124 2575 76 146 414 1489 29 133 283 1326
internal_value=-9.08245e-09 -0.0232976 0.0321706 0.0348633 -0.0115184 -0.00582224 -0.00801783 0.0393466 -0.00228182 -0.00187803 -0.00151792 0.00909433 -0.0185785 -0.0178182 -0.00959354 -0.00917571 -0.00590202 -0.0498875 -0.0487171 -0.0482014 -0.0461995 -0.0505199 -0.0525331 -0.0471908 -0.0465108 -0.0488232 -0.0491931 -0.0455888 -0.0485608 -0.0476814
internal_weight=14.9935 8.69596 6.29751 6.10349 6.02633 5.2558 5.04423 5.80077 4.3649 4.32846 4.29647 2.64882 1.64765 1.60936 1.24955 1.23129 1.12407 2.66963 0.93646 0.692978 0.164239 1.73317 0.194025 0.147139 0.104206 0.528739 0.143963 0.0264362 0.384776 0.20833
internal_count=40000 38957 1043 826 17598 9450 9388 279 5931 5654 5410 1404 4006 3761 1931 1854 1500 21359 9083 5179 985 12276 217 861 560 4194 1096 162 3098 1609
is_linear=0
shrinkage=0.05


Tree=62
num_leaves=31
num_cat=0
split_feature=2 10 1 8 10 8 8 1 4 1 8 4 8 3 0 4 4 4 10 0 0 0 10 0 1 8 4 0 0 0
split_gain=4.26637 1.7737 0.70184 0.372495 0.356283 0.34522 0.283769 0.215277 0.158911 0.108964 0.131499 0.0606534 0.0421432 0.0420878 0.0342371 0.0289332 0.125835 0.0278257 0.0409666 0.0268919 0.0356834 0.0199468 0.0196636 0.0113473 0.00804877 0.0496568 0.0379524 0.00305603 0.185404 0.00159727
threshold=1.0000000180025095e-35 0.93194444444444446 0.22945125891755427 0.22501943081258832 0.57589285714285732 0.47501943081258841 0.41538940265989327 0.2868877407726374 0.6541666666666669 0.046242218792126664 0.39538940265989325 0.33333333333333337 0.39961388097663503 0.37500000000000006 0.42353517986028161 0.88750000000000018 0.80416666666666681 0.63750000000000018 0.80555555555555569 0.14271290926353372 0.0048837306538179288 0.29971252105491192 0.79537037037037039 0.046906991918171305 0.099848772711979103 0.35748477445013022 0.71250000000000013 0.15709287457877055 0.16993478037424423 0.0048837306538179288
decision_type=2 2 2 2 2 2 2 2 2 2 2 2 2 2 8 2 2 2 2 10 10 10 2 8 2 2 2 10 10 10
left_child=1 22 5 -3 12 17 8 -6 -5 -10 19 -8 -4 15 -13 16 -7 18 -2 20 -11 27 -1 24 25 -24 -27 -21 -29 -16
right_child=2 3 4 6 7 13 11 -9 9 10 -12 14 -14 -15 29 -17 -18 -19 -20 21 -22 -23 23 -25 -26 26 -28 28 -30 -31
leaf_value=-0.049866090340056457 -0.055672088877065054 -0.049136404992810433 -0.029244533208695796 -0.048255367741590185 0.019210015896793973 -0.055759184279414425 -0.049710564536831377 0.045989339298308063 -0.051585734703090386 -0.04183013307962688 -0.051641135540259578 0.01926054164822525 0.0056826521636668967 0.05373520978405625 -0.027697528344930694 0.043910899303858844 0.039996324251370646 -0.055448649171600597 -0.011324277800267707 0.02221163464601519 9.3183098797906263e-05 -0.036953112861621409 -0.051013689017227172 -0.047880893134486034 -0.048340964990822466 -0.050814533018974033 -0.014075998656713232 0.039531345377332702 -0.051753029183662563 0.0015946418938550919
leaf_weight=2.5557086703381615 0.090214257965272604 0.37441495588586793 0.16791514213400649 0.23445244934941945 0.91507525600900397 0.057068351976340637 0.033471692012426391 4.1722918812301941 0.11642943798869954 0.052907148731946907 0.12296344036803919 1.8362335049578173 0.17783088373835199 0.098517817037645727 0.040858815115370928 0.057085354026639834 0.08603145374218002 0.2188103874650551 0.1231751139566768 0.11982820157572849 1.2488645085359165 0.018956821321353345 0.31112934766861111 0.59164146218199687 0.1773084461929102 0.095503146319970256 0.26634363141056383 0.18856186589982826 0.078899026637373026 0.0052520930785249212
leaf_count=20893 95 2587 52 1924 98 60 303 264 355 341 179 1603 31 4 314 25 28 294 92 105 877 156 2109 4769 780 655 576 102 278 51
internal_value=-5.82605e-10 -0.0230313 0.0316464 -0.00139806 0.0378346 -0.014353 0.00296391 0.0411725 -0.00936562 -0.00468361 -0.00170117 0.0170056 -0.0112801 0.0269813 0.018192 0.0138148 0.00180893 -0.04292 -0.0300731 0.00189411 -0.00161068 0.0131248 -0.0472321 -0.0425635 -0.0388636 -0.0363666 -0.0237725 0.015576 0.0126031 -0.0243611
internal_weight=14.6337 8.46973 6.16402 4.47209 5.43311 0.730903 4.09768 5.08737 2.18186 1.94741 1.83098 1.91582 0.345746 0.298703 1.88234 0.200185 0.1431 0.4322 0.213389 1.70802 1.30177 0.406246 3.99763 1.44193 0.850285 0.672976 0.361847 0.387289 0.267461 0.0461109
internal_count=40000 38957 1043 9175 445 598 6588 362 4317 2393 2038 2271 83 117 1968 113 88 481 187 1859 1218 641 29782 8889 4120 3340 1231 485 380 365
is_linear=0
shrinkage=0.05


Tree=63
num_leaves=31
num_cat=0
split_feature=2 1 8 7 3 1 7 9 7 4 7 1 9 7 7 1 8 9 3 1 1 7 6 8 4 8 9 6 7 9
split_gain=4.04091 0.815249 0.610067 0.892774 0.207405 0.465807 0.107228 0.0981851 0.0910735 0.0975362 0.0253602 0.00668946 0.00629571 0.000710615 0.0476771 0.000239786 0.000236193 0.000202866 0.000146982 0.000163893 0.00197477 0.000939341 0.00124192 0.000133203 0.000167653 0.00125366 0.00015922 0.000118707 4.84922e-05 4.6191e-05
threshold=1.0000000180025095e-35 0.19993320513211502 0.27000092162619044 1.2355000000000003 1.0000000180025095e-35 0.075004571036836151 1.7665000000000002 1.0000000180025095e-35 0.85050000000000014 0.88750000000000018 1.9405000000000003 0.023122775734437457 1.0000000180025095e-35 1.8155000000000003 1.1915000000000002 0.28329920716779561 0.34248477445013026 1.0000000180025095e-35 1.0000000180025095e-35 0.2471936334032683 0.45021431619544994 1.3005000000000002 1.0000000180025095e-35 0.3500009216261904 0.69583333333333341 0.40961388097663504 1.0000000180025095e-35 1.0000000180025095e-35 1.3995000000000002 1.0000000180025095e-35
decision_type=2 2 2 2 2 2 2 2 2 2 2 2 2 2 2 2 2 2 2 2 2 2 2 2 2 2 2 2 2 2
left_child=2 6 18 15 5 11 28 -7 9 -3 13 -5 -13 14 -10 16 -4 -6 -1 -20 -21 27 -23 -18 -25 -26 -27 -22 -2 -17
right_child=1 8 3 4 17 7 -8 -9 10 -11 -12 12 -14 -15 -16 29 23 -19 19 20 21 22 -24 24 25 26 -28 -29 -30 -31
leaf_value=-0.049886851104445372 -0.054969470990352633 -0.0044170731169317278 -0.050118320151737075 -0.047657154676421121 -0.050517085501410486 -0.05104184014179719 0.0086517302193706534 0.0063270324986083653 0.025478268952179292 0.046797769470055525 0.045643104872465791 -0.051189445723229005 -0.03132620449472253 0.034231663958161324 0.039166797713278176 -0.050213252294071357 -0.051170940823795898 -0.045538840885794185 -0.05020009849158711 -0.049733478039218064 -0.038225582802274005 -0.0042941853580709104 -0.050336175942045064 -0.04942732433172322 -0.050860688150970924 -0.050372876635103703 -0.04598777106929787 -0.050257569648699388 -0.053417014288425872 -0.046785204546965539
leaf_weight=1.440043631104343 0.22503524873900538 0.26884281411912514 0.39316720802162297 0.07612428154243378 0.022093893810961163 0.07614560257570735 0.087073840157245286 3.6316228140894964 0.79660110976146858 0.14210144198659691 0.84980415365498618 0.041797990641498473 0.8747720056126127 0.41393391245946975 3.1574963798666431 0.01053523786686128 0.050745148560963349 0.2774503892812844 0.090284705176600144 0.12435212977266019 0.0085259590398436558 0.0049798113673205071 0.0020748633323819377 0.34386307475324429 0.24152467904423247 0.021985948871587113 0.35401330434979295 0.00269884808221832 0.064780468099343125 0.14609245051155983
leaf_count=12845 347 73 3509 418 133 346 72 5200 130 22 52 203 2745 28 221 110 339 1807 1080 1405 145 86 15 3450 1278 163 2192 22 98 1466
internal_value=-6.70706e-09 0.0311885 -0.0227456 -0.0158741 -0.00556617 -0.00299545 -0.040004 0.00514886 0.0359554 0.0132926 0.0377402 -0.0334149 -0.032232 0.0362027 0.0364091 -0.0488715 -0.0490783 -0.045906 -0.0496984 -0.048533 -0.0474778 -0.0321329 -0.0178357 -0.0486743 -0.0485425 -0.0480498 -0.0462442 -0.0411185 -0.0546225 -0.0470158
internal_weight=14.2406 6.00567 8.23489 6.56193 5.00001 4.70046 0.37689 3.70777 5.62878 0.410944 5.21784 0.992694 0.91657 4.36803 3.9541 1.56193 1.4053 0.299544 1.67296 0.232916 0.142632 0.0182795 0.00705467 1.01213 0.961387 0.617524 0.375999 0.0112248 0.289816 0.156628
internal_count=40000 1043 38957 23359 10852 8912 517 5546 526 95 431 3366 2948 379 351 12507 10931 1940 15598 2753 1673 268 101 7422 7083 3633 2355 167 445 1576
is_linear=0
shrinkage=0.05


Tree=64
num_leaves=31
num_cat=0
split_feature=2 8 10 3 10 1 3 4 10 1 10 0 4 10 0 4 10 10 0 1 6 10 4 10 1 1 4 4 1 1
split_gain=3.82572 0.963554 1.40336 0.947676 0.375348 0.197326 0.183224 0.265613 0.0675477 0.0594496 0.056982 0.0377026 0.145026 0.0352747 0.00455751 0.0018437 0.000941167 0.0176374 0.000823086 0.00260879 0.00229555 0.00271132 0.000414909 0.000954579 0.000394368 0.000324301 0.0002501 0.000209512 0.000157616 0.00154062
threshold=1.0000000180025095e-35 0.32538940265989319 0.96597222222222234 1.0000000180025095e-35 0.7993055555555556 0.062398135808675453 1.0000000180025095e-35 0.77083333333333348 0.63657407407407418 0.051715722039824108 0.76018518518518519 0.046246645084441672 0.87916666666666676 0.60127314814814825 0.13732735793063547 0.84583333333333344 0.87129629629629635 0.96412037037037046 0.041158735913419751 0.50060064573907159 1.0000000180025095e-35 0.85092592592592609 0.82083333333333341 0.82523148148148151 0.093837890071704608 0.21535004450570269 0.87083333333333346 0.6541666666666669 0.095960932323646317 0.33857410827309803
decision_type=2 2 2 2 2 2 2 2 2 2 2 8 2 2 8 2 2 2 8 2 2 2 2 2 2 2 2 2 2 2
left_child=1 18 10 -2 8 9 7 -7 13 14 28 12 -12 -5 26 27 -6 -18 -1 22 21 -21 -20 -24 -25 -26 -4 -16 -3 -30
right_child=3 2 5 4 16 6 -8 -9 -10 -11 11 -13 -14 -15 15 -17 17 -19 19 20 -22 -23 23 24 25 -27 -28 -29 29 -31
leaf_value=-0.050684822150461363 -0.050772705353409942 -0.050108681036276304 -0.042891075103922933 -0.0017370651896991705 0.04381116659883625 -0.042184787118517933 -0.04602422893950734 0.019906535074703639 0.025734256945049327 -0.0018689655447832875 -0.047839168878653179 -0.045048197788521649 -0.0045934855766259905 0.019865291182752903 -0.017320145942116411 0.017774177147257812 0.039810110488060962 0.048453035144692333 -0.049775347648016256 -0.031273196483971699 -0.050298779109212668 0.026040630172831092 -0.050200506439400362 -0.049439116645254494 -0.04258836247870789 -0.047228107240154013 -0.046440914329527974 -0.032998774124849667 -0.049747767823693514 -0.041079523865727524
leaf_weight=1.1143987655013901 0.33695925575557417 0.51247210166548052 0.10562622047655201 0.46491080718624322 0.64245213737012852 0.18395183532402448 0.12438732671807873 2.7046456112584565 1.2625712275548719 0.15354000411025481 0.40401376579757164 0.46841820813187962 0.3727082049663295 0.31839036120800301 0.0041471568074484821 0.0034878627229772982 0.83371729584541787 2.0214764294796623 0.75622556168968891 0.0064962557275974886 0.0073261937432107507 0.0030240552171107993 0.21023197594058729 0.047662955847044941 0.10398757270377246 0.059047217281658959 0.093573588135768659 0.0043823235246236436 0.5291691514271406 0.056757309656177313
leaf_count=8534 688 3628 417 68 34 1152 645 962 113 215 2140 3275 562 22 39 27 45 73 8647 107 54 59 2283 268 641 478 137 39 4035 613
internal_value=-4.62475e-09 -0.0224397 -0.0114378 0.030641 0.0355897 0.00918893 0.0133938 0.0159524 0.0185782 -0.0255443 -0.0411672 -0.0338445 -0.0270878 0.0070437 -0.0427546 -0.012852 0.0455402 0.0459293 -0.0497075 -0.0487954 -0.0292588 -0.0130679 -0.049075 -0.0478168 -0.0454384 -0.0442688 -0.0445586 -0.0253756 -0.0494682 -0.0489081
internal_weight=13.9102 8.02968 5.72128 5.88048 5.54352 3.37774 3.01298 2.8886 2.04587 0.364757 2.34354 1.24514 0.776722 0.783301 0.211217 0.0120173 3.49765 2.85519 2.3084 1.194 0.0168465 0.00952031 1.17716 0.42093 0.210698 0.163035 0.1992 0.00852948 1.0984 0.585926
internal_count=40000 38957 17886 1043 355 3633 2759 2114 203 874 14253 5977 2702 90 659 105 152 118 21071 12537 220 166 12317 3670 1387 1119 554 78 8276 4648
is_linear=0
shrinkage=0.05


Tree=65
num_leaves=31
num_cat=0
split_feature=0 3 9 0 10 1 4 7 7 10 10 10 10 10 9 1 7 7 7 10 7 7 7 9 10 10 1 9 4 4
split_gain=2.68224 1.152 0.664194 0.50898 0.516138 0.363202 0.864059 0.272368 0.258096 0.156211 0.14957 0.0585268 0.0756286 0.0575267 0.0272908 0.044995 0.0530845 0.042363 0.0410419 0.0193628 0.0107194 0.00593265 0.00263691 0.00233894 0.00228597 0.00160757 0.00187481 0.00101812 0.00158189 0.00284869
threshold=0.16708965295775757 1.0000000180025095e-35 1.0000000180025095e-35 0.015246198793278081 0.69953703703703718 0.056102961433079031 0.82916666666666672 1.5445000000000002 1.1645000000000003 0.62261904761904774 0.61620370370370392 0.89907407407407425 0.72731481481481497 0.87129629629629635 1.0000000180025095e-35 0.089818137848734506 1.3055000000000003 0.76150000000000018 0.94050000000000011 0.66236772486772499 0.96150000000000013 1.5515000000000003 0.53050000000000008 1.0000000180025095e-35 0.64087301587301604 0.54382716049382729 0.36589330848790652 1.0000000180025095e-35 0.42916666666666675 0.97916666666666685
decision_type=10 2 2 10 2 2 2 2 2 2 2 2 2 2 2 2 2 2 2 2 2 2 2 2 2 2 2 2 2 2
left_child=3 -2 -3 21 -5 -6 22 14 10 -10 -4 12 19 24 -8 16 -16 -17 -19 -12 -13 -1 -7 -24 -11 -23 27 -27 -29 -30
right_child=1 2 8 4 5 6 7 -9 9 13 11 20 -14 -15 15 17 -18 18 -20 -21 -22 25 23 -25 -26 26 -28 28 29 -31
leaf_value=-0.048994892602814102 -0.048276496179838403 -0.060409112421640834 -0.052632068824426406 -0.050447190529165686 -0.047792317830602345 -0.051441300374946708 -0.051077227337871345 0.020885639243077438 0.015077147436183339 0.029534995096311856 -0.058098622013816159 0.024388045402519657 0.016491473189093754 0.047814324757659878 -0.050412458509823802 -0.048935246063951693 -0.0063212995936599101 -0.047001436548536064 0.0027855366435052143 -0.014615529973830503 0.0399388037170103 -0.050511660804199422 -0.050583700200161376 -0.03946271346220228 0.035930444381774944 -0.05067921306283743 -0.012455602212165066 -0.050480256603619759 -0.040698671709702372 -0.020408392907177622
leaf_weight=1.0344646745688804 0.50664111630885589 0.19466417697913119 0.081809030160002183 0.83176995338726545 0.51144595319055941 0.052393222729733568 0.037045904002298014 2.0592159971274668 0.58718255071562442 0.15554319381681159 0.035143442994467256 0.25036159822775517 0.49650111694472798 2.2803260754394614 0.11881705173072987 0.045988983143615769 0.16045538977414253 0.043568175173277268 0.8294495495792944 0.094292729734661407 0.19882071908614307 0.049656478342512744 0.049498201762616767 1.0547742135058797 1.3737470800106164 0.027324731530825375 0.0056857896304336455 0.036759055034053745 0.29849662669948884 0.018362697948759887
leaf_count=9349 3481 332 430 6895 2671 448 168 731 527 75 142 384 731 760 506 273 151 241 1004 265 201 376 314 6329 980 155 74 306 1610 91
internal_value=-2.95918e-11 0.0240013 0.0303716 -0.0206642 -0.0139967 -0.00788742 -0.00330232 0.00975065 0.0335536 0.0390827 0.0125408 0.0175 0.00761755 0.0427827 -0.00881075 -0.00750404 -0.02508 -0.00216297 0.000300905 -0.0264217 0.0312712 -0.0469326 -0.0404812 -0.0399612 0.03528 -0.0420427 -0.040955 -0.0413804 -0.0406618 -0.0395228
internal_weight=13.5202 6.25503 5.74839 7.26517 5.79442 4.96265 4.45121 3.29454 5.55373 4.3968 1.15693 1.07512 0.625937 3.80962 1.23533 1.19828 0.279272 0.919007 0.873018 0.129436 0.449182 1.47075 1.15667 1.10427 1.52929 0.436285 0.386629 0.380943 0.353618 0.316859
internal_count=40000 8308 4827 31692 19731 12836 10165 3074 4495 2342 2153 1723 1138 1815 2343 2175 657 1518 1245 407 585 11961 7091 6643 1055 2612 2236 2162 2007 1701
is_linear=0
shrinkage=0.05


Tree=66
num_leaves=31
num_cat=0
split_feature=2 0 5 10 10 8 0 8 1 10 9 9 0 10 8 0 0 1 0 0 1 0 8 10 8 10 0 10 10 9
split_gain=3.49052 0.841949 0.493607 1.27145 0.27795 0.219599 0.182978 0.0831484 0.142738 0.0795014 0.0647563 0.0160472 0.00706122 0.00603551 0.00519258 0.000395812 0.000349174 0.000156868 2.68165e-05 2.01707e-06 7.1171e-07 7.66338e-07 6.6236e-07 3.43506e-07 3.28653e-07 2.31722e-07 1.96094e-07 1.55004e-07 1.17855e-07 7.93009e-08
threshold=1.0000000180025095e-35 0.26056380572432286 1.0000000180025095e-35 0.9291666666666667 0.74375000000000002 0.59538940265989326 0.045900394322439982 0.26000092162619043 0.20184567810645168 0.60681216931216941 1.0000000180025095e-35 1.0000000180025095e-35 0.00034372737927210742 0.60034722222222225 0.37500092162619042 0.037345414961741985 0.036239817938863425 0.20934301164121447 0.042185626161196442 0.03804527943966142 0.093837890071704608 0.15709287457877055 0.44961388097663502 0.59960317460317469 0.369613880976635 0.9569444444444446 0.0021255093797488724 0.63263888888888897 0.86388888888888904 1.0000000180025095e-35
decision_type=2 10 2 2 2 2 8 2 2 2 2 2 10 2 2 8 10 2 8 8 2 8 2 2 2 2 10 2 2 2
left_child=2 7 3 -1 9 6 10 16 13 -3 -5 -8 -13 -9 -10 -7 18 -18 -2 22 26 -22 24 -24 27 28 -21 -4 -26 -25
right_child=1 4 19 5 -6 15 11 8 14 -11 -12 12 -14 -15 -16 -17 17 -19 -20 20 21 -23 23 29 25 -27 -28 -29 -30 -31
leaf_value=-0.033279101018017225 -0.050374611161273668 -0.001397807489218385 -0.050217693458628192 -0.033279101018017225 0.045190480217983754 0.040937327860354679 -0.033279101018017225 -0.053427519531186553 0.019528818055651403 0.02588035277173403 0.0073354733468913181 -0.03187248586393724 -0.01654794743841417 -0.033493292610537038 0.0065595312224743588 0.037690773649824656 -0.052692758191899315 -0.056441994758985849 -0.047546465289895645 -0.050231097417139971 -0.050247264052471569 -0.050118557656413133 -0.050243684802389645 -0.050275412190047976 -0.05030658094753665 -0.050500701477935651 -0.050330893259959202 -0.050298979040503788 -0.050475136111468033 -0.050464181344874785
leaf_weight=2.5256005130822814 0.014455977368925121 0.36781569492086397 0.07367903861631897 0.053830064440262837 3.4770297670747823 0.16998938266624453 0.056662758386665568 0.045062114710162859 0.13585957647592295 0.97554166926784092 2.4355144556211608 0.08326338401479827 0.77334832223027661 0.24130716027138988 0.17867977479909314 0.20969100636830262 0.058027910963573959 0.053732833475805819 0.019948095792642562 0.086279532179105556 0.20756425276158552 0.2611849750046531 0.0223571669885132 0.0058230076410836764 0.060323421996145044 0.029984985460032476 0.11461427983522299 0.28748529647054966 0.012523676090495428 0.12488998598200851
leaf_count=16171 71 77 1070 183 193 59 223 66 38 91 2016 645 1863 258 60 118 110 26 53 1214 2947 5376 292 68 668 221 1258 3394 103 1068
internal_value=-3.48536e-09 0.030073 -0.0220459 -0.0162888 0.0377276 0.00307772 -0.000946761 -0.0193175 -0.0110907 0.0184115 0.0060762 -0.0200895 -0.0180375 -0.0366301 0.0121614 0.0391443 -0.0531394 -0.0544953 -0.0487348 -0.0502694 -0.0502093 -0.0501755 -0.0503346 -0.0504248 -0.0503049 -0.0503837 -0.050288 -0.0502824 -0.0503356 -0.0504558
internal_weight=13.1621 5.56746 7.59461 6.3079 4.82039 3.7823 3.40262 0.747073 0.600909 1.34336 2.48934 0.913274 0.856612 0.286369 0.314539 0.37968 0.146165 0.111761 0.0344041 1.28671 0.669643 0.468749 0.617067 0.15307 0.463996 0.102832 0.200894 0.361164 0.0728471 0.130713
internal_count=40000 1043 38957 21278 361 5107 4930 682 422 168 2199 2731 2508 324 98 177 260 136 124 17679 10795 8323 6884 1428 5456 992 2472 4464 771 1136
is_linear=0
shrinkage=0.05


Tree=67
num_leaves=31
num_cat=0
split_feature=5 0 9 8 3 8 8 0 7 8 3 7 7 4 9 7 8 8 3 3 3 4 0 9 0 7 7 0 0 7
split_gain=1.61759 2.45221 0.484382 0.534436 0.525301 0.26579 0.243664 0.234509 0.202559 0.156298 0.103953 0.0247639 0.14856 0.0186502 0.00853437 0.00455805 0.00432478 4.18321e-06 6.72645e-05 1.5494e-05 1.13356e-05 9.29542e-06 3.48386e-06 1.97497e-06 5.42849e-06 0.000127369 0.000115986 2.42239e-06 1.8351e-06 3.38428e-06
threshold=1.0000000180025095e-35 0.25754568835366692 1.0000000180025095e-35 0.19038940265989318 1.0000000180025095e-35 0.37748477445013023 0.44248477445013029 0.049929019950989022 1.4965000000000002 0.35748477445013022 0.37500000000000006 0.38450000000000001 1.3755000000000004 0.82916666666666672 1.0000000180025095e-35 2.3280000000000007 0.46248477445013025 0.29501943081258836 0.37500000000000006 0.37500000000000006 1.0000000180025095e-35 0.92916666666666681 0.17478935992396441 1.0000000180025095e-35 0.15423840625320667 1.6065000000000003 1.7305000000000001 0.51328094347858455 0.0089320440303101521 1.4845000000000004
decision_type=2 10 2 2 2 2 2 8 2 2 2 2 2 2 2 2 2 2 2 2 2 2 10 2 10 2 2 10 10 2
left_child=1 5 -3 -4 -5 9 13 8 14 -1 11 -6 -13 -7 -8 -10 -12 19 23 20 -2 -22 -20 27 -25 -26 -27 -19 -23 -30
right_child=17 2 3 4 10 6 7 -9 15 -11 16 12 -14 -15 -16 -17 -18 18 22 -21 21 28 -24 24 25 26 -28 -29 29 -31
leaf_value=-0.022124352323606822 -0.050232243961391358 -0.022124352323606822 -0.022124352323606822 -0.022124352323606822 -0.022124352323606822 -0.022124352323606822 -0.022124352323606822 -0.022124352323606822 0.026618898080797294 0.002548946683164733 0.046028484549940595 0.0134097592276856 0.041896501049651716 -0.013513946788161339 -0.0077575936158899017 0.039129589289726034 0.050173251546907188 -0.050667820171158076 -0.050956819029159897 -0.051494907728610775 -0.050637619248107439 -0.050924432144977175 -0.052472226431569458 -0.050357957346280971 -0.051399879073835912 -0.051601855188876368 -0.045344008512186784 -0.052264570585176799 -0.051699664487092178 -0.053548332004651589
leaf_weight=2.3333123665786375 0.45971619004012676 0.17074444998797833 0.19549070081461639 0.18535074007195351 0.0091266153758627899 0.32920335643711973 0.02217830748850258 0.44414666272768943 0.9595989169902166 0.72031524308113137 1.3603117188363287 0.65004618139346382 1.5465353541353577 0.70407884508631469 0.55287535528987086 0.078781345437164418 1.1712713344663823 0.04850898108088586 0.0041398823195777359 0.029231436657937593 0.039565734103234718 0.0022720982033206391 0.045216674270704971 0.6150987309156335 0.12493158391589532 0.0122462454255583 0.018728390979958931 0.0024975448923214563 0.0057381520364288008 0.0043542070452531334
leaf_count=11532 6823 237 849 1016 25 1438 95 1602 553 850 521 745 403 608 1467 13 150 602 77 384 813 21 424 6921 1349 130 234 8 84 26
internal_value=-4.24144e-09 0.00623583 0.0311946 0.034217 0.0376404 -0.0152474 -0.0045461 0.0054478 0.0143841 -0.0221244 0.0410326 0.0330976 0.0334663 -0.0221244 -0.00942235 0.0275681 0.0479461 -0.0504845 -0.0505523 -0.0503753 -0.0503113 -0.0510116 -0.0523451 -0.0504447 -0.0504248 -0.0506883 -0.0478181 -0.050746 -0.0522082 -0.0524972
internal_weight=12.8456 11.4334 5.28888 5.11813 4.92264 6.14449 3.09086 2.05758 1.61343 3.05363 4.73729 2.20571 2.19658 1.03328 0.575054 1.03838 2.53158 1.41225 0.871368 0.540878 0.511646 0.0519302 0.0493566 0.822011 0.771005 0.155906 0.0309746 0.0510065 0.0123645 0.0100924
internal_count=40000 22104 3946 3709 2860 18158 5776 3730 2128 12382 1844 1173 1148 2046 1562 566 671 17896 9745 8151 7767 944 501 9244 8634 1713 364 610 131 110
is_linear=0
shrinkage=0.05


Tree=68
num_leaves=31
num_cat=0
split_feature=2 3 4 8 5 8 1 1 3 5 8 8 1 8 1 0 0 1 0 0 0 0 0 0 1 8 1 1 8 1
split_gain=3.20626 0.763018 0.639863 0.495363 0.289619 0.138465 0.0994633 0.137298 0.157136 0.0824436 0.130413 0.212954 0.135377 0.0464497 0.0394438 0.211782 0.020946 0.00837128 0.00799271 0.169185 0.046197 0.00514831 0.0244107 0.00116396 0.000176524 5.60674e-05 8.5191e-05 6.71774e-05 0.000252014 8.08287e-06
threshold=1.0000000180025095e-35 1.0000000180025095e-35 0.86250000000000016 0.28961388097663504 1.0000000180025095e-35 0.20538940265989317 0.041577975365102819 0.073598165629738629 1.0000000180025095e-35 1.0000000180025095e-35 0.61538940265989328 0.36538940265989323 0.10921049335403933 0.56038940265989334 0.033587583557767663 0.024249808761054963 0.16189619292929203 0.079481418923316782 0.14368776215811027 0.049233123779000763 0.028710131713498271 0.15608444947234229 0.046906991918171305 0.39946884439411184 0.11333298887157468 0.32500092162619038 0.20353122406756091 0.23483857627561958 0.44000092162619042 0.15867630307579264
decision_type=2 2 2 2 2 2 2 2 2 2 2 2 2 2 2 10 8 2 8 10 10 8 10 8 2 2 2 2 2 2
left_child=2 25 9 -3 5 -4 -7 -8 18 10 11 -1 14 -5 -13 -16 17 -12 19 20 -9 -20 -23 -18 -25 26 -2 29 -29 -27
right_child=1 3 4 13 -6 6 7 8 -10 -11 16 12 -14 -15 15 -17 23 -19 21 -21 -22 22 -24 24 -26 27 -28 28 -30 -31
leaf_value=-0.041227591333816344 -0.050440812025319276 -0.0078734233847588923 -0.026164127631924224 0.037092053725049555 -0.050307109762961259 -0.026164127631924224 -0.026164127631924224 0.0079541070102909089 -0.026164127631924224 -0.05021821152571513 -0.0045988512748807988 -0.041227591333816344 -0.041227591333816344 0.048937780037445124 -0.041227591333816344 0.0097784060380682568 -0.041227591333816344 0.030321798731516292 0.012388999469823012 -0.026164127631924224 0.023671166278679961 -0.026164127631924224 0.0062621170861596855 -0.02738854348362146 -0.012261330712832003 -0.050860218830161286 -0.047835509069482883 -0.045691922489344922 -0.052347812725489024 -0.051765913301988986
leaf_weight=1.3328641256291587 0.058695294363133033 0.61384064289086371 0.19620178621312412 3.2745036352571333 0.3431543980459536 0.12906289650345604 0.33728615078871405 0.95893167010581304 0.16347822382476795 0.82229880413069611 0.020994397997128433 0.073589562991400959 0.41994324530128324 1.1074425216538655 0.25575863237827434 0.62168542797371629 0.009468201213167049 0.094015058024524478 0.13416315998983908 0.12356243162503222 0.91235388061613776 0.040391182265011594 0.27249203121027676 0.0038684703322360283 0.003845706582069397 0.06147784560744185 0.067417719870718429 0.027929700669119484 0.028976480964047369 0.041105595882982016
leaf_count=10839 258 128 1270 187 4391 403 682 347 745 13288 92 432 2616 40 1195 965 61 108 145 209 401 268 427 28 45 169 115 40 37 69
internal_value=1.26249e-09 0.0296489 -0.0215406 0.034193 -0.00660968 -0.00202115 0.0009063 0.00298119 0.00686862 -0.0362787 -0.032237 -0.0346077 -0.0194388 0.0400858 -0.00897458 -0.00601561 0.0162543 0.0239472 0.0102376 0.0115918 0.015617 0.00419491 0.000681316 -0.0352381 -0.0198473 -0.0498359 -0.0490481 -0.0504588 -0.0490811 -0.0512231
internal_weight=12.5508 5.28139 7.26941 4.99579 3.61108 3.26792 3.07172 2.94266 2.60537 3.65833 2.83603 2.70384 1.37098 4.38195 0.951034 0.877444 0.132192 0.115009 2.44189 1.99485 1.87129 0.447046 0.312883 0.0171824 0.00771418 0.285603 0.126113 0.15949 0.0569062 0.102583
internal_count=40000 1043 38957 355 9288 4897 3627 3224 2542 29669 16381 16047 5208 227 2592 2160 334 200 1797 957 748 840 695 134 73 688 373 315 77 238
is_linear=0
shrinkage=0.05


Tree=69
num_leaves=31
num_cat=0
split_feature=2 3 10 10 8 10 7 1 7 8 7 7 7 7 8 7 1 10 7 7 7 1 8 8 1 3 7 8 7 9
split_gain=3.04315 0.703751 0.498124 0.891533 0.394227 0.371493 0.194038 0.126538 0.123591 0.106946 0.148802 0.0999153 0.160712 0.0823448 0.0645372 0.109922 0.0553743 0.0383384 0.0191829 0.0648353 0.00951453 0.00830038 0.00873452 0.0758499 0.00198774 0.000787054 0.000996937 0.00123636 0.00046653 0.000396958
threshold=1.0000000180025095e-35 1.0000000180025095e-35 0.70462962962962983 0.96203703703703713 0.46000092162619038 0.75231481481481499 1.3125000000000002 0.20184567810645168 1.0365000000000002 0.48748477445013022 1.3485000000000003 1.5515000000000003 1.4845000000000004 1.4275000000000002 0.51461388097663507 1.7925000000000002 0.26717319747518192 0.88611111111111118 1.0575000000000003 1.5165000000000002 1.1035000000000001 0.20934301164121447 0.39038940265989325 0.33961388097663503 0.14053411511778863 0.37500000000000006 1.6955000000000002 0.3500009216261904 0.60550000000000015 1.0000000180025095e-35
decision_type=2 2 2 2 2 2 2 2 2 2 2 2 2 2 2 2 2 2 2 2 2 2 2 2 2 2 2 2 2 2
left_child=2 -2 25 14 6 9 7 -5 28 10 20 12 -8 17 15 24 -9 -7 -16 -20 -3 22 23 -17 -4 -1 -27 -28 -6 -30
right_child=1 5 3 4 8 13 11 16 -10 -11 -12 -13 -14 -15 18 21 -18 -19 19 -21 -22 -23 -24 -25 -26 26 27 -29 29 -31
leaf_value=-0.050021452979003234 -0.049574997019525523 -0.014468881839546716 -0.050665823855264414 -0.050981887669305684 -0.050834254209270048 0.022017652412657716 -0.0053956171528690127 0.019460535779891586 0.026393420799133933 0.033730481776216618 0.017458473174484072 0.0033110525462205216 -0.071226913440597048 0.048894218200063899 -0.044128139644275172 -0.049367660327623672 -0.043815591145816013 0.039796834390446956 -0.046214273438825421 0.0026725432980555255 -0.030965073872494371 -0.041470883711727267 -0.027796194688460049 0.017136239447700239 -0.046680272776610278 -0.046553373817433734 -0.0443537726905818 -0.0028839522555042033 -0.050409273244332468 -0.038630699122110063
leaf_weight=1.2126217923787406 0.26851439812708111 0.18608534764643969 1.0948851466673661 0.42948417829757168 0.013300519902259 0.50199566708397492 0.3331322777362401 0.11562446537936921 1.1931187946215684 0.44151003995284543 0.72357192039635265 1.319379019243115 0.12845842970818921 2.0998736415640451 0.072736422119305533 0.067461662352798046 0.049325409833272715 0.76573059254587861 0.10766770724603703 0.18325963403731294 0.16483985490049236 0.028016593570328041 0.070373221011323039 0.1176392585512076 0.43798612930936531 0.040662743446318816 0.0041803834537859066 0.0031528292652183154 0.008427825723629212 0.047295808451053745
leaf_count=13272 688 45 8874 2996 91 57 768 379 985 43 57 1263 252 71 762 512 569 56 765 538 26 274 218 149 5241 581 59 50 52 307
internal_value=-2.02874e-09 0.0292335 -0.0212787 -0.0151042 4.86078e-05 0.0335666 -0.0119498 -0.0366854 0.0226301 0.0130132 0.00450046 -0.00369384 -0.0237161 0.0428192 -0.040388 -0.0442374 0.000538903 0.0327566 -0.0211617 -0.0154197 -0.0222176 -0.0156355 -0.0128022 -0.00710169 -0.049527 -0.0497729 -0.0434932 -0.0265243 -0.0424204 -0.0404121
internal_weight=12.2303 5.15212 7.07819 5.81757 3.63755 4.88361 2.3754 0.594434 1.26214 1.51601 1.0745 1.78097 0.461591 3.3676 2.18003 1.81636 0.16495 1.26773 0.363664 0.290927 0.350925 0.283491 0.255474 0.185101 1.53287 1.26062 0.047996 0.00733321 0.0690242 0.0557236
internal_count=40000 1043 38957 24995 7662 355 6227 3944 1435 171 128 2283 1020 184 17333 15268 948 113 2065 1303 71 1153 879 661 14115 13962 690 109 450 359
is_linear=0
shrinkage=0.05


Tree=70
num_leaves=31
num_cat=0
split_feature=5 3 10 1 10 4 1 7 3 3 4 7 7 7 7 0 0 7 7 7 10 10 4 7 0 7 7 4 10 10
split_gain=1.42302 1.86829 0.882235 0.432646 0.270894 0.188131 0.172538 0.107506 0.184542 0.0611448 0.030728 0.0857209 0.00663306 0.183121 0.00781327 0.00444806 0.0219907 0.00428573 0.0303632 0.00967279 0.00359608 0.132098 0.0030902 0.000333403 3.93365e-05 3.0574e-05 4.31249e-05 0.000144218 0.000643599 6.21656e-06
threshold=1.0000000180025095e-35 1.0000000180025095e-35 0.9784722222222223 0.20353122406756091 0.85486111111111118 0.71250000000000013 0.065306103565271265 1.0145000000000002 0.37500000000000006 0.37500000000000006 0.47916666666666674 0.94050000000000011 2.3280000000000007 1.3055000000000003 1.0205000000000002 0.021517604549630243 0.030746859808644982 2.2705000000000006 1.2265000000000001 1.5655000000000003 0.76250000000000007 0.67175925925925928 0.19583333333333333 1.1035000000000001 0.1737855485654973 1.3395000000000004 1.3755000000000004 0.82083333333333341 0.98750000000000016 0.68293650793650806
decision_type=2 2 2 2 2 2 2 2 2 2 2 2 2 2 2 8 8 2 2 2 2 2 2 2 10 2 2 2 2 2
left_child=1 2 -1 -3 7 -4 15 9 -9 -5 11 -6 13 14 -8 -7 -17 18 -10 -20 21 -11 -13 -12 -2 -26 -27 28 29 -28
right_child=24 3 5 4 10 6 12 8 17 20 23 22 -14 -15 -16 16 -18 -19 19 -21 -22 -23 -24 -25 25 26 27 -29 -30 -31
leaf_value=-0.022244933428866298 -0.050285193462211109 -0.022244933428866298 -0.022244933428866298 -0.022244933428866298 -0.022244933428866298 -0.022244933428866298 -0.022244933428866298 0.008689649874916142 0.0064915782165752226 -0.022244933428866298 0.045661007322552828 0.028030479171859437 0.028460587648418356 0.019794368309038232 -0.012126250461593505 -0.022244933428866298 -0.0016779001904729024 0.052317983088178137 0.034581816543040399 0.045996161412660178 -0.0010020072664332746 0.048176402325281642 0.041393743990281444 0.044159628689348647 -0.05145346282117113 -0.053421868094429864 -0.051254107572137719 -0.052208666744426341 -0.032826538842788994 -0.04988604115699094
leaf_weight=2.5131676709524964 1.0246687250219118 0.32018947993128666 0.22385718971690982 0.087221051185224829 0.032054251855697991 0.10925713147298699 0.091342912775872587 1.0225820395344269 0.067228295589074949 0.054779544425400672 0.46351894383929026 0.057969275784671481 0.09078185894031765 2.0958595160136611 0.19241173304544645 0.055737640177540015 0.15787467316840775 0.062309114462550497 0.30557262847105449 0.47275910703820045 0.071200457096892933 0.10564529718249105 0.1705100510775992 1.8281742303004191 0.14399416730338988 0.0095079617858573329 0.015074396253112354 0.034507297366872081 0.0060848117609566535 0.01848792768396379
leaf_count=14587 14931 909 1526 494 130 233 372 954 137 135 334 125 16 446 310 73 206 7 187 134 74 58 142 515 1917 76 214 354 103 301
internal_value=-7.35827e-10 0.00592741 -0.0142242 0.0276866 0.0314643 0.00689168 0.0106998 0.0188135 0.023256 -0.0080833 0.0426135 0.0263421 0.0151959 0.0146898 -0.0222449 -0.0222449 -0.014811 0.0396628 0.0387303 0.0415149 0.0083496 0.0125001 0.0380032 0.0444633 -0.0504173 -0.0510118 -0.0502516 -0.0498451 -0.047788 -0.0505005
internal_weight=11.9043 10.652 5.53029 5.12171 4.80152 3.01712 2.79327 2.2493 1.93045 0.318846 2.55223 0.260534 2.4704 2.37961 0.283755 0.322869 0.213612 0.907869 0.84556 0.778332 0.231625 0.160425 0.228479 2.29169 1.25233 0.227657 0.0836624 0.0741544 0.0396471 0.0335623
internal_count=40000 22104 17769 4335 3426 3182 1656 2180 1419 761 1246 397 1144 1128 682 512 279 465 458 321 267 193 267 849 17896 2965 1048 972 618 515
is_linear=0
shrinkage=0.05


Tree=71
num_leaves=31
num_cat=0
split_feature=2 9 1 4 5 10 5 10 9 10 0 0 5 10 4 0 4 9 0 5 10 1 4 4 4 1 4 0 9 5
split_gain=2.77564 0.590325 0.434257 0.711427 0.42507 0.408988 0.282067 0.25305 0.0797182 0.0614491 0.0453502 0.0409489 0.0165486 0.0200927 0.0257947 0.0100049 0.00944212 0.00594823 0.00240619 0.0013567 0.00163349 0.000600549 0.000406049 0.000501195 0.000502813 0.00238031 0.00113115 0.00066736 0.000313841 0.00020302
threshold=1.0000000180025095e-35 1.0000000180025095e-35 0.07728112851153561 0.74583333333333346 1.0000000180025095e-35 0.71712962962962978 1.0000000180025095e-35 0.5424382716049384 1.0000000180025095e-35 0.64699074074074081 0.0031706479518137272 0.010612191615272026 1.0000000180025095e-35 0.73032407407407407 0.87916666666666676 0.045566629551266592 0.25416666666666676 1.0000000180025095e-35 0.14993318024085012 1.0000000180025095e-35 0.70734126984126999 0.14392854461089702 0.12083333333333331 0.20416666666666669 0.28750000000000009 0.31036380899217703 0.42083333333333339 0.15423840625320667 1.0000000180025095e-35 1.0000000180025095e-35
decision_type=2 2 2 2 2 2 2 2 2 2 10 10 2 2 2 8 2 2 8 2 2 2 2 2 2 2 2 10 2 2
left_child=2 -2 12 19 7 21 8 -3 -7 -9 -10 -12 13 -1 15 17 -11 -15 -16 20 -4 -5 -22 -24 -25 28 -27 -28 -26 -23
right_child=1 4 3 5 -6 6 -8 9 10 16 11 -13 -14 14 18 -17 -18 -19 -20 -21 22 29 23 24 25 26 27 -29 -30 -31
leaf_value=-0.04458018014170944 -0.059194004293420172 -0.0081967123927801089 -0.048189453332497967 -0.050637179283980253 -0.051297771992528753 -0.021677637287679311 -0.050295778307725816 0.019406942506083352 -0.021677637287679311 0.029903427656623571 -0.021677637287679311 0.010092378189080892 -0.050237717305384989 -0.04458018014170944 -0.04458018014170944 -0.04458018014170944 0.040554976941308662 -0.025955143247393231 -0.023648245358701251 -0.050152517896572928 -0.048189453332497967 -0.046152943067788665 -0.048189453332497967 -0.048189453332497967 -0.048189453332497967 -0.048059488598448941 -0.012905003367486099 -0.032749931145608459 -0.044395510985663932 -0.050057876474765887
leaf_weight=0.35003507437068027 0.18357788288631116 0.29552438097744005 0.25598579071220207 0.21108501483831821 0.14764196517353401 0.077760136417056258 0.23077482124244841 0.40209050631347043 0.068976881731486972 0.22067264639190431 0.045569218324090222 3.0080585665434683 0.42087118013478164 0.027436489002866105 0.3362859139633656 0.088037300189171219 3.6395996204155381 0.57407078316828131 0.015651206809707219 0.2942568283788205 0.049848497963466798 0.17598957776067436 0.038328937149344711 0.039273834803680074 0.025571838155883375 0.011864916740705667 0.0046835573889438811 0.044377118920465364 0.40242492494780913 0.041048808390769409
leaf_count=2830 69 98 2546 1919 198 381 3177 110 481 40 90 2524 6099 136 716 658 528 2399 106 6240 620 1716 432 472 144 130 86 483 3297 1275
internal_value=-5.15671e-09 0.028768 -0.020568 -0.0130016 0.0321996 -0.00265876 0.00309085 0.0349043 0.0069405 0.0380085 0.00837592 0.00931828 -0.0415502 -0.0389226 -0.035041 -0.0293828 0.0399461 -0.0270774 -0.0445802 -0.0472167 -0.0462264 -0.0487383 -0.0447139 -0.044325 -0.0439011 -0.0434525 -0.0342058 -0.0308554 -0.0447688 -0.0468915
internal_weight=11.7274 4.88911 6.83827 5.02588 4.70553 3.85926 3.43114 4.55789 3.20036 4.26236 3.1226 3.05363 1.81239 1.39152 1.04148 0.689545 3.86027 0.601507 0.351937 1.16662 0.872359 0.428123 0.616374 0.566525 0.528196 0.488922 0.0609256 0.0490607 0.427997 0.217038
internal_count=40000 1043 38957 26013 974 11563 6653 776 3476 678 3095 2614 12944 6845 4015 3193 568 2535 822 14450 8210 4910 5664 5044 4612 4140 699 569 3441 2991
is_linear=0
shrinkage=0.05


Tree=72
num_leaves=31
num_cat=0
split_feature=2 8 3 10 10 8 3 5 3 8 0 10 4 0 5 5 4 0 5 0 0 5 10 4 4 0 5 4 5 0
split_gain=2.62832 0.832502 0.619209 0.453488 0.631487 0.42181 0.356902 0.215098 0.106546 0.113886 0.0726811 0.0316863 0.0419494 0.0406156 0.0198544 0.0170747 0.00594819 0.00179862 0.00124857 0.000855031 0.000836129 0.000663139 0.000868648 0.000696471 0.000791859 0.000637269 0.000374546 0.000221353 0.000201006 0.000166339
threshold=1.0000000180025095e-35 0.32947770954758854 1.0000000180025095e-35 0.71203703703703713 0.95972222222222237 0.28248477445013026 0.37500000000000006 1.0000000180025095e-35 0.37500000000000006 0.39000092162619043 0.26544990210898295 0.78796296296296309 0.95416666666666672 0.027397807062119878 1.0000000180025095e-35 1.0000000180025095e-35 0.38333333333333341 0.049603835847263751 1.0000000180025095e-35 0.1324731915541017 0.14811106828750656 1.0000000180025095e-35 0.70304232804232825 0.35416666666666669 0.77083333333333348 0.13057905292101185 1.0000000180025095e-35 0.079166666666666677 1.0000000180025095e-35 0.65573902268793383
decision_type=2 2 2 2 2 2 2 2 2 2 8 2 2 8 2 2 2 8 2 8 10 2 2 2 2 8 2 2 2 8
left_child=1 17 -2 20 11 6 -4 10 9 -7 -6 25 13 14 16 -14 -13 -1 19 -15 -3 22 -19 -24 -25 -5 -27 -21 -22 -26
right_child=2 3 5 4 7 8 -8 -9 -10 -11 -12 12 15 18 -16 -17 -18 21 -20 27 28 -23 23 24 29 26 -28 -29 -30 -31
leaf_value=-0.050670448546664651 -0.049021127315620396 -0.050234524961600392 -0.051752807205944273 -0.049207171686767463 0.013144285303923756 0.014190505659137679 0.025621973080238808 -0.050360631942221956 0.047041303928033615 0.039308293738966847 -0.019418152092630786 -0.031789234782096797 -0.0030844359359491957 -0.045729284507437816 -0.05028097779459241 -0.05031752692313253 -0.010872434185470941 -0.048346492529580211 -0.050198635922399239 -0.046722640764855397 -0.045026005721901657 -0.050106572762054748 -0.048346492529580211 -0.046912971796228026 -0.041004792198743957 -0.043146331337323991 -0.050103719529331597 -0.040391215452566069 -0.050061209869114068 -0.044612830753670542
leaf_weight=1.0717969072957199 0.24523538874564099 0.48447736797993446 0.2511149294223286 0.2103724326516383 2.774114360254317 0.6945277005870597 0.3666286793013569 0.14760309710254649 1.9173651328892445 1.2885156622469365 0.10829430047124322 0.013357113271922572 0.16755791863397462 0.1739096518176666 0.043587057740296586 0.021600277972538606 0.20339307292670128 0.16675851911986694 0.079260661141233868 0.0069343298237072295 0.11812358630527342 0.17700629536466295 0.06558004946418805 0.1412524779927935 0.13225111936162648 0.092424025464879378 0.024464728430757532 0.16798810389218488 0.023816786308088922 0.042117357537563294
leaf_count=10501 688 4716 68 1319 1355 69 57 1694 69 92 610 139 208 595 542 213 457 2214 1445 78 1013 4693 961 1721 888 714 610 1151 739 381
internal_value=-6.86865e-10 -0.0202877 0.0283572 -0.00953894 -0.00366554 0.0325572 -0.00583114 0.00850968 0.0386371 0.0305112 0.0115243 -0.0342844 -0.0293328 -0.035063 -0.0194895 -0.00847806 -0.0132975 -0.0493694 -0.0445338 -0.0432466 -0.0492458 -0.0474459 -0.0465864 -0.0451606 -0.0441304 -0.0475625 -0.0446025 -0.0407784 -0.0458709 -0.0418763
internal_weight=11.4214 6.65804 4.76339 4.86128 4.23486 4.51815 0.617744 3.03001 3.90041 1.98304 2.88241 1.20485 0.877588 0.68843 0.260337 0.189158 0.21675 1.79676 0.428093 0.348832 0.626418 0.724966 0.54796 0.381201 0.315621 0.327261 0.116889 0.174922 0.14194 0.174368
internal_count=40000 38957 1043 17598 11130 355 125 3659 230 161 1965 7471 4828 4407 1138 421 596 21359 3269 1824 6468 10858 6165 3951 2990 2643 1324 1229 1752 1269
is_linear=0
shrinkage=0.05


Tree=73
num_leaves=31
num_cat=0
split_feature=2 0 5 3 8 8 8 0 8 1 1 1 1 8 9 0 8 9 0 8 0 1 0 8 8 8 8 8 8 8
split_gain=2.48399 0.741929 0.403807 0.213736 0.243913 0.0982378 0.223832 0.223895 0.287239 0.219325 0.218085 0.0734527 0.0659349 0.024663 0.0147064 0.00327832 0.0843226 0.00987964 0.000253903 7.49362e-05 1.20142e-05 6.70694e-07 5.78829e-07 2.8879e-07 1.45427e-07 3.18384e-07 6.94861e-08 7.98032e-08 6.83768e-08 1.27955e-05
threshold=1.0000000180025095e-35 0.28672984732744033 1.0000000180025095e-35 1.0000000180025095e-35 0.33748477445013025 0.11248477445013021 0.25038940265989323 0.020086770039690144 0.33001943081258839 0.12612011868180231 0.051715722039824108 0.17582807418345867 0.099848772711979103 0.41961388097663505 1.0000000180025095e-35 0.019752664376031303 0.4144777095475885 1.0000000180025095e-35 0.0037608304750211242 0.44248477445013029 0.034540108656340468 0.26434991094722027 0.15811697851605958 0.28248477445013026 0.53000092162619039 0.37248477445013023 0.19461388097663504 0.34538940265989321 0.49500092162619042 0.30500092162619036
decision_type=2 10 2 2 2 2 2 10 2 2 2 2 2 2 2 8 2 2 10 2 10 2 8 2 2 2 2 2 2 2
left_child=2 3 5 18 -5 -1 -7 15 -9 10 -10 -11 -12 -3 -13 16 -8 -18 19 -2 23 22 24 -20 25 26 -4 -28 29 -22
right_child=1 13 21 4 -6 6 7 8 9 11 12 14 -14 -15 -16 -17 17 -19 20 -21 28 -23 -24 -25 -26 -27 27 -29 -30 -31
leaf_value=-0.032520682311795647 -0.044574139180554369 0.037883110618420507 -0.050163881042135122 -0.019573183543425819 0.022917756700655875 -0.032520682311795647 -0.032520682311795647 -0.032520682311795647 -0.032520682311795647 -0.032520682311795647 0.0039874250637392415 -0.032520682311795647 0.020594199979829864 0.046975709161348321 -0.0089436091265737878 -0.032520682311795647 -0.032520682311795647 -0.005232461174242327 -0.050234272902092085 -0.050619913434028357 -0.050865689994849111 -0.050040338448092775 -0.050125762054503635 -0.050549948329004883 -0.050286833557827149 -0.050270705150760445 -0.050194313105814452 -0.050260355254779489 -0.051415897492926965 -0.052007725438881727
leaf_weight=0.24779421473681384 0.020864313974016002 1.3976794910813626 0.13371398367416976 0.5357855817346715 0.91370725038723322 0.50632789360406594 0.4219370959108345 0.36078701064570884 0.18442318956658788 0.23077817406738166 1.2043260531354465 0.027827618927404596 1.1866123303880156 1.5989480578537039 0.59219543502126648 0.20658083245530179 0.015009154154540738 0.33091357609009719 0.010128719841304701 0.0067944962065666905 0.042510734037932707 0.065171819106581097 0.17711050944490125 0.02544754227710655 0.088449067476176424 0.19692902915085142 0.22796275725704618 0.057224882884838735 0.016902834606298711 0.057976407799287699
leaf_count=2541 99 182 2569 102 95 5221 1544 2737 676 903 1274 154 797 82 2405 2046 68 912 68 30 142 2374 4160 89 1161 2688 3923 804 50 104
internal_value=3.63249e-09 0.0279673 -0.0200241 0.000820389 0.00721155 -0.0148462 -0.0131893 -0.00947796 -0.00397802 0.000796962 0.00806814 -0.0212128 0.0122293 0.0427348 -0.0108036 -0.0308523 -0.0287516 -0.00720395 -0.0504679 -0.0460593 -0.051265 -0.0501951 -0.0502066 -0.0504601 -0.0502269 -0.0502183 -0.0501936 -0.0502076 -0.0515089 -0.0515246
internal_weight=11.0888 4.62675 6.46207 1.63012 1.44949 5.51551 5.26772 4.76139 3.78695 3.42616 2.57536 0.850801 2.39094 2.99663 0.620023 0.974441 0.76786 0.345923 0.180625 0.0276588 0.152966 0.946562 0.88139 0.0355763 0.70428 0.615831 0.418902 0.285188 0.11739 0.100487
internal_count=40000 1043 38957 779 197 21278 18737 13516 8946 6209 2747 3462 2071 264 2559 4570 2524 980 582 129 453 17679 15305 157 11145 9984 7296 4727 296 246
is_linear=0
shrinkage=0.05


Tree=74
num_leaves=31
num_cat=0
split_feature=2 10 0 0 8 5 10 10 9 1 10 8 10 0 4 5 5 1 8 0 4 1 1 5 4 0 5 9 1 0
split_gain=2.5389 0.918949 0.701429 0.364272 0.363781 0.23276 0.228749 0.151051 0.0761067 0.131387 0.0225911 0.00828073 0.00653933 0.0061688 0.0220862 0.00892781 0.00551812 0.0712692 0.0361151 0.0136217 0.00125767 0.000424014 0.000214896 0.00024327 0.000318252 0.00018363 0.000179015 0.000140823 5.76596e-05 0.000176287
threshold=1.0000000180025095e-35 0.8583333333333335 0.16890589678336504 0.01743932133197704 0.27038940265989325 1.0000000180025095e-35 0.51626984126984143 0.8807870370370372 1.0000000180025095e-35 0.25356599321052015 0.82523148148148151 0.32000092162619037 0.63144841269841279 0.047533985494204782 0.80416666666666681 1.0000000180025095e-35 1.0000000180025095e-35 0.082924567389823303 0.32500092162619038 0.38662500373592984 0.47916666666666674 0.090423059236065029 0.10551409701599825 1.0000000180025095e-35 0.51250000000000018 0.043249988529183388 1.0000000180025095e-35 1.0000000180025095e-35 0.39810585540859966 0.27710373471070171
decision_type=2 2 10 10 2 2 2 2 2 2 2 2 2 8 2 2 2 2 2 8 2 2 2 2 2 10 2 2 2 10
left_child=1 11 25 16 21 8 -4 10 -6 -10 12 -1 -8 14 -13 -16 17 -3 -19 -20 -21 -5 -23 24 -24 -2 28 -26 29 -15
right_child=2 3 6 4 5 -7 7 -9 9 -11 -12 13 -14 26 15 -17 -18 18 19 20 -22 22 23 -25 27 -27 -28 -29 -30 -31
leaf_value=-0.05016679555106765 -0.05077418824703113 -0.044439179165021908 -0.010572318904515316 -0.05071139990235457 -0.02083661592561047 -0.050271353894005888 0.016880128939772251 0.045009860426152057 0.012472009157839775 -0.02083661592561047 0.037918491628133523 -0.050122320146871784 0.024853536870209001 -0.047026647746402896 -0.030660790361613562 -0.050242022911865782 -0.050239881041871784 -0.044439179165021908 0.0052804083578582746 -0.044439179165021908 -0.02470483662564868 -0.050997822500282841 -0.04784509540884771 -0.050116921232262246 -0.04784509540884771 -0.053568253472689537 -0.050093871092380483 -0.043504272047843379 -0.048919857223199519 -0.048919857223199519
leaf_weight=0.88033540083688455 0.092837448071804718 0.29827550525988034 0.280883270286722 0.1351779043907303 0.069484425694100849 0.17800151351366356 0.32497429689101398 2.1859782879109844 2.7795582384933368 0.11157180236841657 0.31259541405597691 0.37814933781555704 1.2320914570300372 0.32340112815472832 0.37634548830101267 0.068862161091601592 0.12755830424248416 0.059466541366418824 0.12568689586987603 0.0061368485257844432 0.032124071410180477 0.030830248813799699 0.035498468274454353 0.036867191112833098 0.010040430574008496 0.16041154366394039 0.10081705469656299 0.10106464873388177 0.029279792088345857 0.063974976350436918
leaf_count=13283 378 1345 44 1139 219 2599 70 141 2178 660 31 3693 154 2630 936 936 2045 566 146 88 240 264 493 969 102 225 2804 747 335 540
internal_value=1.17476e-08 -0.0204568 0.0283402 -0.00652948 -0.000128684 0.00525944 0.0330637 0.0360858 0.00859812 0.0100347 0.025652 -0.0463991 0.0231894 -0.0439254 -0.0412367 -0.0336895 -0.0409178 -0.0386385 -0.0148407 -0.0026714 -0.028793 -0.0485186 -0.0471353 -0.0464863 -0.0455733 -0.052544 -0.0482033 -0.0441073 -0.0477458 -0.047558
internal_weight=10.9483 6.35851 4.58977 4.13734 3.48809 3.13862 4.33652 4.05564 2.96061 2.89113 1.86966 2.22117 1.55707 1.34083 0.823357 0.445208 0.649248 0.52169 0.223414 0.163948 0.0382609 0.349479 0.214301 0.183471 0.146604 0.253249 0.517473 0.111105 0.416656 0.387376
internal_count=40000 38957 1043 13800 9370 5656 440 396 3057 2838 255 25157 224 11874 5565 1872 4430 2385 1040 474 328 3714 2575 2311 1342 603 6309 849 3505 3170
is_linear=0
shrinkage=0.05


Tree=75
num_leaves=31
num_cat=0
split_feature=2 0 10 4 7 10 5 10 10 5 7 7 0 7 0 0 0 10 10 1 7 4 7 7 5 7 7 0 0 5
split_gain=2.40383 0.997995 0.79613 0.426666 0.49866 0.2612 0.191123 0.0670217 0.0478288 0.0446445 0.181055 0.0241983 0.0245818 0.00949869 0.0726174 0.111786 0.0183321 0.0048059 0.0301403 0.0141242 0.0842522 0.0918203 0.00277962 0.00450116 0.000977153 0.0012075 0.000607951 0.000540816 0.0200215 0.000376262
threshold=1.0000000180025095e-35 0.2722669519268755 0.83611111111111125 0.71250000000000013 1.2315000000000003 0.70734126984126999 1.0000000180025095e-35 0.62738095238095248 0.56180555555555556 1.0000000180025095e-35 1.6065000000000003 1.1605000000000003 0.14903427242723247 2.0525000000000007 0.045219532282077278 0.023527907458835404 0.043249988529183388 0.60739087301587313 0.78009259259259267 0.11416509991240874 1.6145000000000003 0.9125000000000002 1.0095000000000003 1.5655000000000003 1.0000000180025095e-35 1.1385000000000003 1.4455000000000002 0.025314230788393347 0.13946498727823683 1.0000000180025095e-35
decision_type=2 10 2 2 2 2 2 2 2 2 2 2 10 2 8 10 10 2 2 2 2 2 2 2 2 2 2 10 10 2
left_child=2 7 17 24 29 8 13 26 -3 10 11 12 -9 14 15 -6 -17 -1 -19 20 -20 -22 -7 -24 25 -4 -2 -16 -29 -5
right_child=1 5 3 4 6 22 -8 9 -10 -11 -12 -13 -14 -15 27 16 -18 18 19 -21 21 -23 23 -25 -26 -27 -28 28 -30 -31
leaf_value=-0.050120669130986777 -0.052062618531819926 -0.0034147674463413029 -0.047786055390933058 -0.046781177669088923 -0.0047869663231328201 0.042950305591486035 -0.050326640930761959 -0.031575442227440423 0.02273094636487194 -0.052167191882020028 0.02902502725783751 -0.031575442227440423 -0.0066395016634976586 0.019757060280043811 -0.012007559168933873 0.018662492624642639 0.037208471566567793 -0.0496823324327604 -0.05039349212954998 -0.047368307797082676 -0.050561028075899885 0.030242654194138175 0.044923303372127771 0.049315827213991935 -0.050141122022599273 -0.043458290056617867 -0.059510108996207914 -0.017492826386290312 0.0010075723368857116 -0.050192752656685595
leaf_weight=0.5338968484757064 0.047329320022981736 0.2515926644264258 0.16355065323386941 0.39915541575101121 0.62139087320247366 0.40417686317232471 0.14192542685304932 0.048846860205230769 0.5739323130401317 0.072875629157351796 0.19957348823663779 0.22195478175126482 0.20790730893349973 0.19456904669095809 0.035254847873147699 1.3006945905035534 0.14845336446160207 0.97731103981732281 0.19788142671859532 0.15018418975068926 0.056871348444474279 0.092081135815533344 1.0200531125592536 1.3619096743641419 0.14463314483418799 0.29779273851818289 0.065084773414127994 0.22836258455208736 0.40668007853673771 0.10133925162426749
leaf_count=7719 110 49 2210 1905 382 52 1659 133 78 127 104 144 57 125 223 301 41 12131 1945 1914 309 52 71 64 3338 2278 54 170 526 1729
internal_value=4.14493e-10 0.0279192 -0.0201784 -0.00775712 -0.00118589 0.039465 0.00634204 -0.0203678 0.0147626 -0.0149792 -0.0109837 -0.0276633 -0.0153227 0.00908194 0.00832413 0.0129548 0.0205624 -0.0460561 -0.0445841 -0.0345593 -0.0290128 -0.000608891 0.0467842 0.0474348 -0.0465552 -0.045431 -0.0563745 -0.00597984 -0.00564521 -0.0474719
internal_weight=10.6673 4.47524 6.19203 4.1838 3.57783 3.61166 3.07733 0.863572 0.825525 0.751158 0.678282 0.478709 0.256754 2.93541 2.74084 2.07054 1.44915 2.00823 1.47433 0.497018 0.346834 0.148952 2.78614 2.38196 0.605977 0.461343 0.112414 0.670298 0.635043 0.500495
internal_count=40000 1043 38957 14887 7061 314 3427 729 127 565 438 334 190 1768 1643 724 342 24070 16351 4220 2306 361 187 135 7826 4488 164 919 696 3634
is_linear=0
shrinkage=0.05


Tree=76
num_leaves=31
num_cat=0
split_feature=2 7 0 4 8 8 10 8 8 10 10 0 8 10 7 10 7 10 7 4 8 0 8 10 8 10 10 0 10 8
split_gain=2.271 0.803976 0.796103 0.526135 0.322477 0.199861 0.182519 0.128189 0.110047 0.163413 0.153245 0.100634 0.084047 0.160298 0.257682 0.0625183 0.0654458 0.0523213 0.0263724 0.021408 0.0150606 0.0575672 0.00338903 0.00193145 0.00174821 0.00375167 0.00172224 0.00171745 0.00169735 0.0100373
threshold=1.0000000180025095e-35 1.2805000000000002 0.2755021440122693 0.75416666666666676 0.5103894026598933 0.33248477445013025 0.87361111111111123 0.39538940265989325 0.20538940265989317 0.72731481481481497 0.9569444444444446 0.016737341778985244 0.52000092162619038 0.65922619047619058 1.5165000000000002 0.69953703703703718 1.4965000000000002 0.55046296296296304 1.3205000000000002 0.62916666666666676 0.32500092162619038 0.02706239623890937 0.43500000000000005 0.78587962962962976 0.48038940265989322 0.79027777777777786 0.98750000000000016 0.0075310238258856537 0.67817460317460321 0.59961388097663504
decision_type=2 2 10 2 2 2 2 2 2 2 2 8 2 2 2 2 2 2 2 2 2 8 2 2 2 2 2 10 2 2
left_child=1 22 5 28 8 19 23 -7 -5 -10 20 -12 13 14 -4 17 -17 -9 -15 -2 -11 -22 -1 -6 -24 -26 -8 -23 -3 -30
right_child=2 3 12 4 6 7 26 15 9 10 11 -13 -14 18 -16 16 -18 -19 -20 -21 21 27 24 -25 25 -27 -28 -29 29 -31
leaf_value=-0.049960892019679438 -0.030211934955433107 -0.049955689461739089 -0.035771262053011212 -0.048450486352373812 -0.044518395167687644 -0.034503371410885053 0.027020934513133883 -0.060689019687214824 -0.050163771743625442 -0.04978770457914683 -0.048701649348433698 0.0063078564775818583 0.050232454822777543 0.031291569685755784 0.043611407558233846 0.0056276437865056435 0.045481110222040468 0.014809743591086605 0.044169107138231863 -0.056169694676632777 -0.0036453646906132973 -0.029177057633814382 -0.049972965291846687 -0.029293995306171834 -0.049151308290615932 -0.037971475706104242 0.032531580819714211 -0.047610355673897993 -0.045977369328474287 -0.01016243204755346
leaf_weight=1.3050004342558166 0.14611025367412356 0.20795812749292952 0.19772862074023656 0.16983470796731204 0.069919028082949697 0.16545891037822003 0.17748268401919631 0.043727607036998961 0.19877208008256309 0.081827889441228874 0.087489961446408304 1.672171762020298 1.1388179973291697 0.59253866717335757 0.21165964889223687 0.21749142173212022 0.19570706759986933 0.048289222359017003 1.2083682900411075 0.17404574318425148 0.15339306997884705 0.013774096894849208 0.11841972399997747 0.029673953542442177 0.13244125918572536 0.17314018182332802 0.70492374019158888 0.15296847968602378 0.52816771561083442 0.020315184066021175
leaf_count=18376 157 2707 59 1653 517 105 154 35 1872 654 158 864 53 86 22 90 55 51 83 247 219 138 1293 129 1938 1693 205 484 5727 176
internal_value=2.30441e-09 -0.0199351 0.0275498 -0.00828445 -0.000138005 -0.0118214 0.0241814 0.00369392 -0.00957651 -0.00677946 -0.00279006 0.0035728 0.0391977 0.0335122 0.00527072 0.0162036 0.0245038 -0.0210683 0.0399321 -0.0443233 -0.0306445 -0.0257514 -0.0486991 -0.0399823 -0.0448155 -0.0428169 0.0314232 -0.0460876 -0.0461092 -0.0446508
internal_weight=10.3376 5.99767 4.33994 4.26867 3.51223 0.99083 0.981999 0.670674 2.53023 2.3604 2.16163 1.75966 3.34911 2.2103 0.409388 0.505215 0.413198 0.0920168 1.80091 0.320156 0.401964 0.320136 1.729 0.099593 0.424001 0.305581 0.882406 0.166743 0.756441 0.548483
internal_count=40000 38957 1043 15657 7047 740 1005 336 6042 4389 2517 1022 303 250 81 231 145 86 169 404 1495 841 23300 646 4924 3631 359 622 8610 5903
is_linear=0
shrinkage=0.05


Tree=77
num_leaves=31
num_cat=0
split_feature=2 4 7 9 8 1 1 8 8 7 7 0 0 7 7 9 7 9 0 0 7 0 1 1 8 0 0 8 1 1
split_gain=2.15241 0.686014 0.558983 0.558143 0.155258 0.359776 0.260002 0.136576 0.193213 0.136795 0.0433917 0.0295152 0.0696258 0.0267295 0.0247215 0.0160251 0.0138111 0.0111265 0.055841 0.0141334 0.00215902 0.00114772 0.00101004 0.000887256 0.00203675 0.000698155 0.000417753 0.000357387 0.00116032 0.000408653
threshold=1.0000000180025095e-35 0.77083333333333348 1.2515000000000003 1.0000000180025095e-35 0.39538940265989325 0.12068699525935324 0.067410956006188752 0.46000092162619038 0.15748477445013023 1.3395000000000004 1.3335000000000001 0.13644931335295304 0.27060925364307303 1.4335000000000002 1.1255000000000002 1.0000000180025095e-35 1.2715000000000003 1.0000000180025095e-35 0.011008242761336797 0.1258072429351442 1.2445000000000002 0.034160212524974795 0.23213300439591342 0.17745640149069944 0.27248477445013025 0.041858684541144699 0.022190552038601239 0.58000092162619044 0.12980714752965586 0.32740557257195207
decision_type=2 2 2 2 2 2 2 2 2 2 2 10 10 2 2 2 2 2 10 10 2 8 2 2 2 8 10 2 2 2
left_child=1 20 -3 -2 11 6 -6 8 10 14 -5 17 15 16 -10 -13 -9 -4 21 -20 27 -19 23 24 -22 -26 -7 -1 -29 -30
right_child=3 2 4 7 5 26 -8 13 9 -11 -12 12 -14 -15 -16 -17 -18 18 19 -21 22 -23 -24 -25 25 -27 -28 28 29 -31
leaf_value=-0.049690906767448667 -0.05878773438990962 -0.047662230732370137 -0.050393182215183276 -0.056039996801319207 -0.037746526310131319 -0.039284745027331966 0.027251212899776861 0.028742394337927753 0.01759492365400139 0.037164002808602666 -0.005248047138102176 -0.050379899126052577 -0.050355120118458177 0.047626062091615656 -0.00072246766886287575 0.012023768136826728 0.045162829991810205 -0.049016519074463555 -0.0097036075478588221 -0.047757379547331738 -0.050207540062960958 -0.039332974973862123 -0.050161807224430914 -0.039332369360477709 -0.045220387595864948 -0.041136066397959463 -0.048660022874963342 -0.050371930038836436 -0.025199013288175982 -0.050131484723325848
leaf_weight=0.72527308283315484 0.18011832069896616 0.76775985566291627 0.021090357791763048 0.074903052540321702 0.17479220699351561 0.012577580660945276 1.2846407241886479 0.39038282085675724 0.58024049403684363 1.4128226113934941 0.095867039075528737 0.010629541842718027 0.055820919031248195 0.99510016096610343 0.26987000969893415 0.3199460030918998 0.19056651432038052 0.077525296481326778 1.1905280148203017 0.024910670554163405 0.17792718822238385 0.050551605358123197 0.11378172979129886 0.061155260207669926 0.34009213575154718 0.1511211667329917 0.2148657559610001 0.024563652739743702 0.0080800849364095484 0.0020631130237234183
leaf_count=13154 69 8294 183 98 557 181 631 102 240 228 73 90 661 93 115 893 25 483 1603 163 2818 688 1856 977 2623 1725 833 331 172 41
internal_value=6.86212e-09 -0.0197 -0.00908901 0.0273161 -0.000474696 0.0103509 0.0194666 0.0311839 0.0237579 0.0276281 -0.0275264 -0.0109039 0.00129549 0.0426508 0.01178 0.0100172 0.0341287 -0.0143582 -0.0137925 -0.0104835 -0.0475205 -0.0451945 -0.0457799 -0.0450972 -0.0456241 -0.0439639 -0.0481416 -0.0494537 -0.0444971 -0.0302702
internal_weight=9.99957 5.8097 4.20564 4.18987 3.43788 1.68688 1.45943 4.00975 2.4337 2.26293 0.17077 1.751 0.386396 1.57605 0.850111 0.330576 0.580949 1.36461 1.34352 1.21544 1.60406 0.128077 0.844077 0.730296 0.66914 0.491213 0.227443 0.75998 0.0347069 0.0101432
internal_count=40000 38957 15260 1043 6966 2202 1188 974 754 583 171 4764 1644 220 355 983 127 3120 2937 1766 23697 1171 9999 8143 7166 4348 1014 13698 544 213
is_linear=0
shrinkage=0.05


Tree=78
num_leaves=31
num_cat=0
split_feature=2 0 4 5 3 9 0 0 4 4 5 3 0 0 0 0 9 4 1 1 0 0 0 0 0 0 0 1 0 1
split_gain=2.0193 0.634134 0.494479 0.293941 0.143733 0.0585587 0.0405308 0.0653487 0.000660369 0.0386007 0.000654313 0.000273454 0.000228557 0.124644 0.000176617 0.0250335 0.00015385 0.00092277 0.000456776 0.000199936 0.000219019 0.000160653 7.06782e-05 6.81154e-05 5.43091e-05 1.03965e-05 1.50463e-06 1.25106e-07 9.26194e-08 6.01957e-07
threshold=1.0000000180025095e-35 0.17097343636811291 0.69583333333333341 1.0000000180025095e-35 1.0000000180025095e-35 1.0000000180025095e-35 0.52228046351840651 0.0078309940003746352 0.39166666666666672 0.9125000000000002 1.0000000180025095e-35 1.0000000180025095e-35 0.032471052489742552 0.04654595834612147 0.041525355572076046 0.035918687637239891 1.0000000180025095e-35 0.41250000000000009 0.21535004450570269 0.097218088919011333 0.019395391952047477 0.0089320440303101521 0.25897045780994937 0.0065596342726335086 0.26219561328785546 0.011698166044874373 0.14021796526781163 0.14236618722603231 0.022190552038601239 0.1456732271455114
decision_type=2 10 2 2 2 2 8 10 2 2 2 2 10 10 10 10 2 2 2 2 8 8 8 10 8 10 10 2 8 2
left_child=2 11 10 4 5 -4 7 -7 -3 -10 16 26 -9 14 15 -14 -1 -18 19 21 -21 -19 -22 -23 -20 -25 -2 -12 -5 -30
right_child=1 8 3 28 -6 6 -8 12 9 -11 27 -13 13 -15 -16 -17 17 18 24 20 22 23 -24 25 -26 -27 -28 -29 29 -31
leaf_value=-0.048793712774112367 -0.050405329494405932 0.033807862741805736 -0.028835004707746088 -0.050222378919479532 -0.028835004707746088 -0.028835004707746088 -0.028835004707746088 -0.0018356908661631888 0.028380967100102607 0.0403116177122642 -0.050131229015552316 -0.053915917232564795 -0.0070828360968167919 -0.018183515202504264 0.0081424482214986216 0.014234627473548814 -0.048793712774112367 -0.048786016862097166 -0.045307172547918946 -0.048793712774112367 -0.043788707305502994 -0.043361458740380193 -0.0405962214044885 -0.044591610774983984 -0.048793712774112367 -0.046015189627855446 -0.050803071534612047 -0.050052449851949676 -0.050213301564255478 -0.050062304249589677
leaf_weight=0.059123601080500521 0.07939701012946887 0.35569705162197385 0.086551643435086922 0.12027068281986419 0.2402553617957891 0.12063580550420816 0.11136008794164798 1.6745565046112463 2.5555978204210992 0.92276099900482211 0.25955388606871566 0.12497082087793387 0.17675450408751181 0.66486219418766257 0.32364506415615324 0.62357799564233574 0.27618256727509993 0.046963619501184439 0.013426362924292334 0.01282530009484617 0.13095333099226991 0.030210759692636202 0.01998215620915289 0.013808212812364218 0.070814321459693019 0.1801475967749866 0.03394256642786786 0.062538822598980914 0.23603078730502602 0.091625620096237981
leaf_count=552 421 27 632 1970 2116 710 1248 2297 317 88 5678 85 316 2378 552 496 4089 505 178 124 1463 381 308 150 1089 1694 105 2670 3987 3374
internal_value=-1.81282e-09 0.0268368 -0.0193547 -0.0117639 -0.00748516 -0.00475628 -0.0036759 -0.00274056 0.0317558 0.031546 -0.0481954 -0.0523029 -0.00141588 -0.00102289 0.00912807 0.00952664 -0.0474715 -0.0472569 -0.0459543 -0.0452938 -0.0439143 -0.0461269 -0.0433661 -0.0455699 -0.0487937 -0.0459138 -0.0505244 -0.0501159 -0.0501849 -0.0501711
internal_weight=9.71902 4.07237 5.64666 4.47013 4.0222 3.78194 3.69539 3.58403 3.83406 3.47836 1.17653 0.23831 3.4634 1.78884 1.12398 0.800332 0.854438 0.795314 0.519132 0.434891 0.163761 0.27113 0.150935 0.224167 0.0842407 0.193956 0.11334 0.322093 0.447927 0.327656
internal_count=40000 1043 38957 20076 10745 8629 7997 6749 432 405 18881 611 6039 3742 1364 812 10533 9981 5892 4625 1895 2730 1771 2225 1267 1844 526 8348 9331 7361
is_linear=0
shrinkage=0.05


Tree=79
num_leaves=31
num_cat=0
split_feature=2 10 9 8 10 8 1 4 10 10 9 4 0 4 9 4 0 0 0 10 4 0 0 0 4 4 9 0 0 0
split_gain=1.89929 0.585175 0.500947 0.48176 0.275918 0.172221 0.131695 0.163365 0.12032 0.125451 0.0746769 0.166403 0.106125 0.0278315 0.025198 0.235017 0.0053489 0.00559032 0.0173651 0.00360279 0.00084884 0.000816177 0.000536934 0.00204561 0.000808001 0.00165669 0.000506997 0.000378459 0.000656657 0.000297951
threshold=1.0000000180025095e-35 0.77268518518518525 1.0000000180025095e-35 0.29961388097663505 0.89166666666666672 0.43748477445013029 0.056744119962011917 0.77083333333333348 0.68819444444444466 0.5770833333333335 1.0000000180025095e-35 0.68750000000000011 0.1591329235056734 0.47916666666666674 1.0000000180025095e-35 0.87083333333333346 0.037718092021869369 0.3837156774798785 0.008141991722892641 0.88263888888888908 0.9125000000000002 0.014546297891904371 0.1258072429351442 0.1533557507377539 0.32083333333333336 0.48750000000000004 1.0000000180025095e-35 0.13148040216811832 0.025669604513685256 0.035218160132839488
decision_type=2 2 2 2 2 2 2 2 2 2 2 2 10 2 2 2 10 8 10 2 2 8 8 10 2 2 2 8 10 8
left_child=1 -1 -2 -3 8 6 20 22 9 -4 -7 27 16 -6 -9 21 17 18 -13 -10 -5 -16 -8 24 -24 -26 -27 28 -12 -22
right_child=2 3 4 5 13 10 7 14 19 -11 11 12 -14 -15 15 -17 -18 -19 -20 -21 29 -23 23 -25 25 26 -28 -29 -30 -31
leaf_value=-0.049690205507711672 -0.058057947867013994 -0.048905648341855325 -0.026993277541283441 -0.051538715559947879 0.026488759651092653 -0.051157883670496868 -0.04886891639049807 -0.05065985028111121 0.026053423308545834 0.016045959671099751 -0.041563777744926728 -0.019825793844722158 -0.047006522826670449 0.046757142537020124 -0.051068059369598212 0.0077275628742632836 0.023846720221727458 -0.0060296040360231229 0.019968957806901107 0.034834173553562872 -0.046383718926996498 -0.03944554833791078 -0.050059030491397427 -0.05017456608423157 -0.050185993301022649 -0.050264587252206339 -0.024907390491612474 -0.042492489578837875 -0.033139200510663429 -0.037800748073645113
leaf_weight=1.2119179119517864 0.16851295168999092 0.6820862588865565 0.25187476123028352 0.15570138340535855 0.1898610683565497 0.048794433659168024 0.13190435360411346 0.02677968945044984 1.1576545337957211 0.51650634813631768 0.044462469470999966 0.028673717057244863 0.06126737358590606 1.569380780940264 0.015890221715380792 1.2970847935748677 0.59087869031100126 0.0246649695236556 0.62377162652592233 0.12993090233430837 0.044580991510883905 0.30572790559199348 0.008693334972122102 0.060780594368225138 0.010431598057039082 0.0021339458035072303 0.025856087838292297 0.052560675600034301 0.048210506485702354 0.013077437348329113
leaf_count=18944 69 9477 155 1140 72 303 1186 159 320 172 504 147 425 236 62 1004 519 328 567 19 140 644 247 974 174 31 389 991 528 74
internal_value=1.21824e-08 -0.0189997 0.0263074 -0.0103579 0.0300337 -0.00309857 -0.0123875 -0.00817388 0.0175955 0.00193773 0.00969883 0.0117127 0.0172649 0.0445697 -0.00255514 -0.0017593 0.0203704 0.0173367 0.0182201 0.0269395 -0.0496196 -0.0400198 -0.0467291 -0.0441131 -0.0362936 -0.033179 -0.0268406 -0.0391033 -0.0371811 -0.044437
internal_weight=9.49965 5.51593 3.98372 4.30401 3.81521 3.62193 2.09864 1.88528 2.05597 0.768381 1.52328 1.47449 1.32926 1.75924 1.64548 1.6187 1.26799 0.67711 0.652445 1.28759 0.21336 0.321618 0.2398 0.107896 0.047115 0.0384216 0.02799 0.145234 0.092673 0.0576584
internal_count=40000 38957 1043 20013 974 10536 6224 4870 666 327 4312 4009 1986 308 1869 1710 1561 1042 714 339 1354 706 3001 1815 841 594 420 2023 1032 214
is_linear=0
shrinkage=0.05


Tree=80
num_leaves=31
num_cat=0
split_feature=2 5 0 5 7 8 8 8 8 0 0 0 8 4 0 0 0 0 7 8 0 4 0 0 0 0 0 4 0 8
split_gain=1.79091 0.394924 0.378264 0.321819 0.337036 0.0964021 0.137358 0.0901262 0.311382 0.119158 0.0530706 0.0514779 0.0276672 0.0114447 0.00596372 0.000769666 0.000115638 4.17083e-05 3.24207e-07 3.11251e-07 5.33115e-07 1.67887e-07 5.01909e-08 4.14766e-08 2.34737e-08 1.3616e-08 9.33992e-08 1.83048e-08 1.3826e-08 9.40533e-09
threshold=1.0000000180025095e-35 1.0000000180025095e-35 0.16890589678336504 1.0000000180025095e-35 1.1255000000000002 0.46248477445013025 0.29501943081258836 0.12961480260282535 0.33748477445013025 0.048932271451829067 0.008141991722892641 0.031072210173110456 0.23748477445013025 0.42916666666666675 0.033169918351948172 0.048258098254971869 0.034899158251047786 0.17478935992396441 1.2265000000000001 0.29748477445013027 0.14368776215811027 0.73750000000000016 0.034899158251047786 0.0058553084012806502 0.15423840625320667 0.4137942903508775 0.13057905292101185 0.89583333333333348 0.023527907458835404 0.28248477445013026
decision_type=2 2 10 2 2 2 2 2 2 8 10 10 2 2 8 10 10 10 2 2 8 2 10 10 10 10 8 2 10 2
left_child=3 2 -2 4 -1 6 12 -6 -9 10 -10 -12 -4 -11 -13 -15 -16 23 25 -20 22 -19 -21 -3 -22 26 27 29 -28 -5
right_child=1 17 5 18 7 -7 -8 8 9 13 11 14 -14 15 16 -17 -18 21 19 20 24 -23 -24 -25 -26 -27 28 -29 -30 -31
leaf_value=-0.032052667272047017 -0.011614291826224791 -0.050838857965311679 -0.0053167447447196965 -0.050108733502290385 -0.032052667272047017 0.043253407950456207 0.034243407620924385 -0.032052667272047017 -0.032052667272047017 -0.032052667272047017 -0.00023301704051204993 0.023331786927406412 0.016606701668070181 -0.021389178462718733 0.014459413824670239 -0.015546358009106243 0.012790875717009046 -0.05284423961734297 -0.050118033566260371 -0.050274933523890175 -0.050112266884152712 -0.052727027507503091 -0.050219275096904249 -0.050722297403230393 -0.050049574728910695 -0.050021508061361131 -0.050093506814573023 -0.050158400195848329 -0.05005672014310561 -0.050132117788516312
leaf_weight=0.74083359958694917 0.1787673256731076 0.012288248868571716 0.28872945781040549 0.072470714995688357 0.14273264321309431 1.4302544739330185 1.5377589608542619 0.59551560821091731 0.079935249810660802 0.040007749334108555 1.2239244666889137 0.16111840778103181 0.28691258709295653 0.062489998708770145 0.11729129754894529 0.57489857855125592 0.90549015336728189 0.058610605163266882 0.13696850063934107 0.11754580859633279 0.032936077850536094 0.063810334133449942 0.061799770599463955 0.020141671060628141 0.027313541113471729 0.0042573241780701201 0.044649594841757789 0.044677789662273426 0.059685101683498942 0.10573859169380739
leaf_count=9603 476 39 95 1861 1625 91 120 4944 369 511 1100 106 44 633 81 1633 673 35 3713 1603 899 50 1006 93 1056 259 1409 860 2675 2338
internal_value=-6.47635e-09 0.0258775 0.0291322 -0.0187461 -0.0139589 0.0332287 0.0264444 -0.00744822 -0.00581779 0.000561899 0.00562424 0.0069573 0.00561038 -0.0180297 0.0143907 -0.0161192 0.0129822 -0.0523608 -0.0501464 -0.0501782 -0.0502125 -0.0527831 -0.0502558 -0.0507665 -0.0500838 -0.0501104 -0.0501115 -0.0501298 -0.0500725 -0.0501226
internal_weight=9.22955 3.87727 3.72242 5.35228 4.64424 3.54366 2.1134 3.9034 3.76067 3.16516 2.48776 2.40782 0.575642 0.677396 1.1839 0.637389 1.02278 0.154851 0.708043 0.376564 0.239595 0.122421 0.179346 0.0324299 0.0602496 0.331479 0.327222 0.222887 0.104335 0.178209
internal_count=40000 1043 826 38957 21278 350 259 11675 10050 5106 2329 1960 139 2777 860 2266 754 217 17679 8277 4564 85 2609 132 1955 9402 9143 5059 4084 4199
is_linear=0
shrinkage=0.05


Tree=81
num_leaves=31
num_cat=0
split_feature=1 0 10 7 8 1 7 9 9 9 1 1 1 0 8 8 10 4 9 0 4 4 4 7 7 10 7 10 9 8
split_gain=1.23037 0.606552 0.530479 0.566559 0.395708 0.308514 0.215216 0.196081 0.150555 0.104691 0.0868008 0.0772294 0.0627412 0.113031 0.0613317 0.0601044 0.0492456 0.0376975 0.0353185 0.0326384 0.0309492 0.0302598 0.0266777 0.0245894 0.0174212 0.0167262 0.0139943 0.0106746 0.00988728 0.0507234
threshold=0.4133005342262091 0.021830706346389384 0.60486111111111118 1.2485000000000002 0.45748477445013025 0.18671025678162154 1.5445000000000002 1.0000000180025095e-35 1.0000000180025095e-35 1.0000000180025095e-35 0.099185561693601751 0.30278072064975331 0.23483857627561958 0.047226149736941989 0.50500092162619048 0.33001943081258839 0.73472222222222239 0.9041666666666669 1.0000000180025095e-35 0.15165390266378251 0.6708333333333335 0.50416666666666676 0.84583333333333344 1.4915000000000003 1.2405000000000002 0.77546296296296302 1.6145000000000003 0.68700396825396826 1.0000000180025095e-35 0.38501943081258833
decision_type=2 10 2 2 2 2 2 2 2 2 2 2 2 8 2 2 2 2 2 10 2 2 2 2 2 2 2 2 2 2
left_child=1 14 -3 10 5 6 -5 -7 -2 -6 -4 16 13 -11 17 -9 -12 -1 -13 -8 27 -18 -16 -15 -24 -10 -25 -20 -23 -30
right_child=8 2 3 4 9 7 19 15 25 12 11 18 -14 23 22 -17 21 -19 20 -21 -22 28 24 26 -26 -27 -28 -29 29 -31
leaf_value=-0.048945118625329666 -0.055417767712580647 -0.054068965915853612 -0.049044746161582276 -0.045559598499182084 -0.054727570043552304 -0.058367799367609975 -0.001726339469585482 0.0099624352213106386 0.036643758769710356 0.032258307351622363 -0.053230412045549506 -0.056042580896570916 0.044939670149453909 -0.039294791013931296 -0.032797917238917326 0.033063461370248813 -0.038348538574948722 -0.029649600115124394 -0.056180788176529731 -0.045849910114500597 0.023630827659500749 -0.050724604096952175 -0.037594277166641377 -0.038089409833743787 0.0085389175014121757 0.04994133286807801 0.0068952513297180764 -0.0067001635138890367 -0.028026525105823753 0.00442849786700101
leaf_weight=0.76224914781232633 0.037032762867056479 0.43991276501401433 0.29983372580863932 0.4331599323140839 0.035712603850697522 0.078712236472710972 0.99229113420642512 0.49127671673795681 0.30935718804903434 0.92369228044935847 0.13851209830863787 0.021259530767565593 0.59228746821372613 0.050271640913706617 0.11600251786057914 0.65962008046244591 0.17602883751987974 0.37897905219870154 0.013407619426288875 0.043759133454841503 0.15865920466330863 0.017920044191668927 0.025167968919959094 0.019881153501046356 0.10948914625805628 1.0038285441733021 0.13258139359913912 0.058276469018892385 0.25835767777152818 0.2254363507272501
leaf_count=10480 117 4782 3546 2278 104 139 1841 1423 696 676 1673 60 345 257 1357 758 1695 1941 67 271 507 231 261 105 266 600 269 523 1888 844
internal_value=6.39195e-10 -0.00776405 -0.00112691 0.00287414 0.0115189 -0.000498218 -0.0159637 0.0179808 0.0440049 0.0300047 -0.0252734 -0.0185988 0.0317653 0.0248381 -0.0376186 0.0232025 -0.0260642 -0.0425375 0.00562035 -0.00358996 0.0113115 -0.0205121 -0.0152234 -0.00896984 -8.35664e-05 0.0468087 0.00102924 -0.0159549 -0.0142542 -0.0129033
internal_weight=9.00296 7.65274 6.26085 5.82094 4.45325 2.69882 1.46921 1.22961 1.35022 1.75443 1.36769 1.06786 1.71871 1.12643 1.39189 1.1509 0.816255 1.14123 0.251603 1.03605 0.230343 0.677743 0.25066 0.202734 0.134657 1.31319 0.152463 0.0716841 0.501714 0.483794
internal_count=40000 38587 24282 19500 8466 6710 4390 2320 1413 1756 11034 7488 1652 1307 14305 2181 6331 12421 1157 2112 1097 4658 1884 631 527 1296 374 590 2963 2732
is_linear=0
shrinkage=0.05


Tree=82
num_leaves=31
num_cat=0
split_feature=0 7 9 5 8 1 8 5 4 8 7 0 4 7 7 8 5 8 9 0 4 8 0 0 5 4 0 5 7 5
split_gain=1.54511 0.481932 0.399377 0.350362 0.299464 0.284775 0.251724 0.200928 0.109759 0.199837 0.0533636 0.0516948 0.0368101 0.0517941 0.0391533 0.0334259 0.0205778 0.0193863 0.00527763 0.0337222 0.0111776 0.00189674 0.0016989 0.00158157 0.000924401 0.00192313 0.00123655 0.000519916 0.000307502 0.000139465
threshold=0.25754568835366692 1.1495000000000002 1.0000000180025095e-35 1.0000000180025095e-35 0.26248477445013024 0.07728112851153561 0.28248477445013026 1.0000000180025095e-35 0.56250000000000011 0.43500000000000005 1.2515000000000003 0.028062524061954575 0.64583333333333348 0.59350000000000003 1.5775000000000001 0.3353894026598932 1.0000000180025095e-35 0.35038940265989321 1.0000000180025095e-35 0.031848726678646876 0.81250000000000011 0.40961388097663504 0.15086308363025006 0.13644931335295304 1.0000000180025095e-35 0.7958333333333335 0.027397807062119878 1.0000000180025095e-35 0.77750000000000019 1.0000000180025095e-35
decision_type=10 2 2 2 2 2 2 2 2 2 2 8 2 2 2 2 2 2 2 8 2 2 8 10 2 2 8 2 2 2
left_child=1 21 -2 6 29 11 10 8 -7 15 -4 27 13 -8 -15 22 18 -17 -13 -20 -21 -1 23 -10 25 -23 -27 -6 -14 -3
right_child=2 4 3 -5 5 7 12 -9 9 -11 -12 16 28 14 -16 17 -18 -19 19 20 -22 24 -24 -25 -26 26 -28 -29 -30 -31
leaf_value=-0.050231412938530597 -0.056527613584954228 -0.048096123497088403 -0.010077127194241302 -0.051790569375022938 -0.045202219805247551 -0.022672161094163475 -0.010077127194241302 -0.050355945163889249 -0.014843968902497034 0.023465081192382883 0.013557718399063112 -0.033102318012134924 0.043447041205701163 0.022674913691760668 0.046283611418666784 0.013956084460169616 -0.050184898795659294 -0.003944019556625886 0.011309394270349141 -0.033102318012134924 -0.016594067516932598 -0.0470504136651703 -0.022672161094163475 -0.022672161094163475 -0.050259746944755025 -0.046271814661327001 -0.035219976287261444 -0.050189160303844287 0.041063219171015228 -0.050144343684235572
leaf_weight=0.69894824385755772 0.14388697697177155 0.34013783820410015 0.19487638688951925 0.13078592088095309 0.3011646554077746 0.13282394981979528 0.021602213662845648 0.174214516549 0.13825183582594069 1.1211395094278485 0.34097905827002251 0.013367675124754896 0.1458600432997631 0.49063019690402143 0.27351953936522477 0.17453059786566871 0.050211514284455916 1.1344342517531911 0.092042133033828577 0.074925437173078535 0.18017098816926591 0.11060602265479247 0.043320077526914247 0.011973269560257904 0.075050432983516657 0.038851108729431871 0.072613610234839143 0.063238768053452077 1.8653808454237149 0.10998293897591793
leaf_count=11839 446 3647 957 2411 1223 1086 62 3194 350 947 633 57 162 677 153 166 920 757 112 565 266 1332 277 69 1817 229 492 1123 1065 2966
internal_value=3.13577e-09 -0.0175722 0.0250953 0.0284861 -0.0100856 -0.00540789 0.0316363 0.0017203 0.00501162 0.00749035 0.000242334 -0.0323592 0.0376509 0.0284739 0.0311254 -0.00442963 -0.0201965 -0.00155731 -0.0160197 -0.0146345 -0.0239954 -0.0488088 -0.0226722 -0.017188 -0.0454624 -0.0438411 -0.0390721 -0.0460677 0.0412361 -0.0485966
internal_weight=8.75952 5.152 3.60752 3.46363 4.15593 3.70581 3.33285 2.93069 2.75647 2.62365 0.535855 0.775121 2.79699 0.785752 0.76415 1.50251 0.410718 1.30896 0.360506 0.347139 0.255096 0.996069 0.193545 0.150225 0.297121 0.222071 0.111465 0.364403 2.01124 0.450121
internal_count=40000 33434 6566 6120 17725 11112 3709 6846 3652 2566 1590 4266 2119 892 830 1619 1920 923 1000 943 831 15709 696 419 3870 2053 721 2346 1227 6613
is_linear=0
shrinkage=0.05


Tree=83
num_leaves=31
num_cat=0
split_feature=3 5 8 10 9 5 10 4 1 1 1 0 1 1 1 0 0 8 8 8 1 1 0 1 8 4 0 0 10 10
split_gain=1.11333 0.542156 0.660285 0.302992 0.162749 0.152506 0.168586 0.103522 0.250397 0.103279 0.235682 0.0588409 0.0434962 0.0836615 0.0702162 0.0264761 0.0174577 0.00897102 0.0871943 0.00543152 0.00243549 1.7499e-05 3.1634e-05 1.05924e-05 5.18219e-06 4.52041e-06 3.55195e-06 2.58405e-06 5.85099e-06 1.59627e-06
threshold=0.37500000000000006 1.0000000180025095e-35 0.32538940265989319 0.84351851851851867 1.0000000180025095e-35 1.0000000180025095e-35 0.56365740740740755 0.55416666666666681 0.060350616000420382 0.10551409701599825 0.28998738168104893 0.50440158182064254 0.45021431619544994 0.10688812932843221 0.19614451651343051 0.28513046889400689 0.16890589678336504 0.47961388097663504 0.16461480260282538 0.25248477445013023 0.13518696612516598 0.10838307352939776 0.26363009219040506 0.24372217033220481 0.364613880976635 0.35833333333333339 1.0000000180025095e-35 0.012075062934525401 0.74490740740740746 0.62400793650793662
decision_type=2 2 2 2 2 2 2 2 2 2 2 10 2 2 2 10 10 2 2 2 2 2 10 2 2 2 10 10 2 2
left_child=1 2 11 9 -5 6 -2 16 -9 -4 20 -1 13 -10 -15 -12 -6 18 -8 -20 -11 -3 23 -23 29 -26 -25 -7 -29 -24
right_child=5 21 3 4 7 27 17 8 12 10 15 -13 -14 14 -16 -17 -18 -19 19 -21 -22 22 24 26 25 -27 -28 28 -30 -31
leaf_value=-0.027284418848131143 -0.0065192826929489443 -0.050150842234415897 -0.027284418848131143 -0.027284418848131143 -0.027284418848131143 -0.050447801632109851 -0.0060749472921419276 -0.027284418848131143 0.010066393145204805 -0.027284418848131143 -0.0060077513296394429 0.037214619321239088 0.050729378284829499 0.015527858620582612 0.037239185529606054 0.02600554328945516 -0.00067701828027326395 0.048642998925543302 0.03475513618461952 0.047452940152858433 -0.021887319661415116 -0.050180794240820892 -0.050388391340670115 -0.050502569834612224 -0.053211736392075853 -0.05168125863900791 -0.051665772878593863 -0.051126614602784094 -0.052332800833322715 -0.051236169222146702
leaf_weight=1.1171213593624996 0.15323793672177988 0.42367769968404889 0.4692337325086553 0.10658418366620059 0.10040625720466811 0.0032005451776057061 0.089495246178557641 0.20579739746244774 1.4328444214388589 0.12895637043220631 0.077879534634121228 0.076440415108663617 0.10996870993949404 0.70619575343152952 0.78784980252839887 0.37835113519031438 0.06334512914691004 0.60116104590088071 0.095549586752895266 0.7101251936328481 0.33886594580690144 0.17687004328763578 0.0065386217929699333 0.010522748581024643 0.0056418673193547866 0.033307208553196688 0.01744001416136598 0.015311731454858091 0.029279904729264672 0.036813756609262782
leaf_count=11262 176 9435 2908 284 981 126 189 517 580 698 193 216 37 492 458 472 239 143 159 473 1627 5289 256 311 89 551 238 349 410 842
internal_value=-1.05654e-09 -0.00902943 -0.00421376 0.00430968 0.0121348 0.0362305 0.0387816 0.0142118 0.0161706 -0.0154203 -0.00511125 -0.0272844 0.0198583 0.0186984 0.0269768 0.0205408 -0.0245761 0.0439187 0.0407461 0.045947 -0.0272844 -0.0503551 -0.0506564 -0.0503238 -0.0514844 -0.051903 -0.051228 -0.0518201 -0.0519186 -0.0511083
internal_weight=8.50801 6.81065 6.09984 4.90628 3.51299 1.69736 1.64957 3.40641 3.24266 1.39329 0.924053 1.19356 3.03686 2.92689 1.49405 0.456231 0.163751 1.49633 0.89517 0.805675 0.467822 0.710812 0.287134 0.204833 0.0823015 0.0389491 0.0279628 0.0477922 0.0445916 0.0433524
internal_count=40000 37975 20964 9486 3588 2025 1140 3304 2084 5898 2990 11478 1567 1530 950 665 1220 964 821 632 2325 17011 7576 5838 1738 640 549 885 759 1098
is_linear=0
shrinkage=0.05


Tree=84
num_leaves=31
num_cat=0
split_feature=1 8 8 9 10 10 3 3 9 7 10 1 8 7 7 9 10 10 10 4 7 9 8 7 3 8 7 3 8 8
split_gain=1.29684 0.475152 0.329986 0.259683 0.164407 0.113849 0.0949012 0.241232 0.0918412 0.0590905 0.0583627 0.0539971 0.0476244 0.0579306 0.042208 0.0358048 0.0312407 0.0305409 0.0921344 0.0289386 0.0203415 0.0104721 0.00991703 0.00293708 0.0581365 0.00177588 0.00181997 0.00146619 0.00111145 0.000928021
threshold=0.29958077474259542 0.39447770954758848 0.29748477445013027 1.0000000180025095e-35 0.54382716049382729 0.51172839506172851 0.37500000000000006 1.0000000180025095e-35 1.0000000180025095e-35 1.3895000000000002 0.92291666666666672 0.089818137848734506 0.26538940265989325 1.6145000000000003 1.6765000000000003 1.0000000180025095e-35 0.68700396825396826 0.59960317460317469 0.98981481481481481 0.33333333333333337 1.2635000000000003 1.0000000180025095e-35 0.20038940265989319 1.3435000000000004 0.37500000000000006 0.49500092162619042 1.5325000000000004 1.0000000180025095e-35 0.33001943081258839 0.30961388097663506
decision_type=2 2 2 2 2 2 2 2 2 2 2 2 2 2 2 2 2 2 2 2 2 2 2 2 2 2 2 2 2 2
left_child=1 2 23 -2 -3 14 7 -7 -6 16 12 -10 -9 -14 20 -11 -4 -17 19 -19 -5 -18 -8 -1 27 26 -24 -25 29 -12
right_child=3 4 9 5 8 6 22 10 11 15 28 -13 13 -15 -16 17 21 18 -20 -21 -22 -23 25 24 -26 -27 -28 -29 -30 -31
leaf_value=-0.050471957172481846 -0.055754654633895152 -0.053556148333184575 -0.050485762456299099 -0.057446081094810579 -0.052042721145521158 -0.050706211434142216 0.030025203757855296 -0.052011409756114048 -0.0031180798690943765 -0.053592550609266945 0.039201670512043825 0.012059184322135449 0.011818334605088568 0.047238432548134403 0.037818369757054091 -0.050444200513868769 -0.052103050038638514 0.017132541725134419 0.0068844040654132896 -0.025411299114204644 -0.010141460271007419 -0.019830227913345124 0.043762446655110268 -0.048565955052549965 0.023410862188341378 0.050668495519473181 0.049200480244446919 -0.056260248233909842 0.048128587036238346 0.049921472807312392
leaf_weight=0.64427536250605066 0.083576054409605027 0.12503285476395865 0.10471870083165447 0.031439338851669496 0.068415940643718254 0.093299785931776791 0.080681927806835918 0.020840931004386221 0.90979766210057267 0.040822226771524472 0.073102030006339191 1.6468044883886248 0.30653556682364069 0.18517134793319201 0.037693623132327048 0.03745676111702767 0.026167138313212601 0.044009999776789988 0.70714140019117622 0.43552601915871492 0.081994096827656904 0.63798451870934503 0.30673941269196781 0.33570655531366356 0.028872712154225155 0.43335564596145559 0.30870081472494348 0.075916067148682487 0.34370428003330744 0.027892944132872799
leaf_count=11405 341 1289 1894 223 499 1353 272 393 3659 208 172 4643 476 133 72 454 199 238 399 1429 121 3885 487 4588 109 152 165 549 173 20
internal_value=5.79017e-09 -0.0126904 -0.0260504 0.0308421 0.00246012 0.0339468 0.0368561 0.0260391 0.00512825 -0.0141722 0.0335192 0.00665817 0.0220194 0.0251571 -0.00802037 -0.00752775 -0.0251038 -0.00599159 -0.00458847 -0.0215068 -0.0232525 -0.0211018 0.0469171 -0.0483207 -0.0451742 0.0482166 0.0464901 -0.049985 0.0467736 0.0421623
internal_weight=8.28338 5.86865 3.1186 2.41473 2.75005 2.33115 2.18002 1.05055 2.62502 2.03383 0.957247 2.5566 0.512548 0.491707 0.151127 1.26496 0.76887 1.22413 1.18668 0.479536 0.113433 0.664152 1.12948 1.08477 0.440495 1.0488 0.61544 0.411623 0.444699 0.100995
internal_count=40000 35447 25357 4553 10090 4212 3796 2720 8801 8706 1367 8302 1002 609 416 2728 5978 2520 2066 1667 344 4084 1076 16651 5246 804 652 5137 365 192
is_linear=0
shrinkage=0.05


Tree=85
num_leaves=31
num_cat=0
split_feature=3 10 8 1 9 7 8 1 10 5 1 5 8 5 5 10 10 7 10 8 1 8 5 10 8 8 10 10 7 7
split_gain=1.19039 0.881537 0.420649 0.454527 0.320052 0.329858 0.208322 0.138531 0.14168 0.131728 0.184998 0.118478 0.094033 0.065464 0.0581232 0.0518486 0.0313939 0.0285314 0.0462263 0.0231385 0.0219592 0.0169648 0.0149795 0.00928452 0.00852982 0.00591106 0.00491256 0.0230431 0.00459204 0.102691
threshold=1.0000000180025095e-35 0.93425925925925923 0.46000092162619038 0.095228104720190179 1.0000000180025095e-35 1.3825000000000003 0.23501943081258833 0.33857410827309803 0.63263888888888897 1.0000000180025095e-35 0.40579381279271021 1.0000000180025095e-35 0.26000092162619043 1.0000000180025095e-35 1.0000000180025095e-35 0.62129629629629635 0.51172839506172851 1.5325000000000004 0.77152777777777792 0.085389402659893157 0.08158042855074181 0.50961388097663518 1.0000000180025095e-35 0.68154761904761918 0.25748477445013024 0.36248477445013022 0.64318783068783081 0.7562500000000002 1.3895000000000002 1.6535000000000002
decision_type=2 2 2 2 2 2 2 2 2 2 2 2 2 2 2 2 2 2 2 2 2 2 2 2 2 2 2 2 2 2
left_child=1 17 3 28 -2 6 -6 8 16 10 15 -4 -5 19 -14 -8 -7 -1 -19 -10 25 -18 24 -9 -22 -20 -17 -28 -3 -30
right_child=4 2 11 12 5 7 9 23 13 -11 -12 -13 14 -15 -16 26 21 18 20 -21 22 -23 -24 -25 -26 -27 27 -29 29 -31
leaf_value=-0.048955754528344907 -0.055204792558577132 -0.051875824168237619 0.028798670188711108 -0.043305375582379457 -0.053178138358577057 -0.057481787092476894 -0.017538605910455512 0.039246910544128863 -0.0087985447339474776 -0.051795610220687717 0.04550009813001412 -0.050286130102978194 0.013137678465840956 -0.051490838279291323 -0.050216215868156999 -0.0064359038614428951 -0.022455325757981322 -0.049483225340606805 -0.052885321388476063 0.035243441080805134 -0.029558010524367063 0.025428034436822868 -0.050187579729017745 0.050415065264200878 -0.0053288339514510575 -0.030708468227843028 -0.0089404057269034838 0.0139682789963523 -0.077610699846365205 -0.026307751841018408
leaf_weight=1.1239244278340264 0.12871277418980787 0.24075329857169014 1.0359477351030362 0.088138766499468835 0.1356656535185724 0.048565901029178682 0.055810537214710854 0.22888966336904537 0.0095892877652659081 0.07499425579817387 0.36887671511613007 0.049626648588855349 0.92375492049905006 0.023247459611411614 0.03767955925923161 0.060890515143910307 0.057573192463678424 0.32229386502785917 0.051545226229791297 0.64343883129185997 0.017120035796324373 0.027254465301666642 0.024807354751828825 0.9953612993895149 0.17718334830715321 0.072043890359054785 0.14445603758395009 0.45714677201976883 0.14579750571283512 0.29469775599773129
leaf_count=19478 499 2307 719 1311 1500 149 335 194 38 1227 279 713 837 477 782 63 197 3676 460 645 185 36 545 422 372 377 296 893 481 507
internal_value=-5.36649e-09 -0.0166506 0.000783915 -0.0145194 0.0221591 0.0251478 0.00545298 0.0377151 0.0216695 0.0122972 0.0167184 0.0251833 0.00612343 0.0309586 0.0106548 0.00193789 -0.0254244 -0.0440987 -0.0358896 0.0338937 -0.0231053 -0.00707078 -0.0135997 0.048327 -0.00892844 -0.0399578 0.00709769 0.00846748 -0.0463231 -0.0432883
internal_weight=8.06579 4.60531 2.8164 1.73082 3.46047 3.33176 1.29784 2.03392 0.809669 1.16217 1.08718 1.08557 1.04957 0.676276 0.961434 0.718304 0.133394 1.78892 0.664994 0.653028 0.3427 0.0848277 0.219111 1.22425 0.194303 0.123589 0.662493 0.601603 0.681249 0.440495
internal_count=40000 32750 7657 6225 7250 6751 4593 2158 1542 3093 1866 1432 2930 1160 1619 1587 382 25093 5615 683 1939 233 1102 616 557 837 1252 1189 3295 988
is_linear=0
shrinkage=0.05


Tree=86
num_leaves=31
num_cat=0
split_feature=2 4 10 10 10 5 7 7 7 7 7 4 4 1 1 7 1 5 7 7 5 5 10 10 10 9 1 1 10 7
split_gain=1.43696 0.418992 0.381071 0.309905 0.237923 0.135343 0.10155 0.0543307 0.104724 0.0753861 0.0538601 0.0407503 0.0271886 0.0256621 0.0589194 0.0477979 0.013751 0.0111095 0.0102931 0.00302902 0.00169855 0.00145365 0.000854674 0.00203973 0.00749925 0.00284181 0.00108441 0.0018209 0.000767594 0.000618268
threshold=1.0000000180025095e-35 0.72083333333333344 0.76967592592592615 0.71412037037037046 0.93425925925925923 1.0000000180025095e-35 1.0365000000000002 1.9225000000000001 1.1305000000000003 1.7865000000000002 1.5325000000000004 0.35416666666666669 0.83750000000000013 0.10921049335403933 0.097218088919011333 1.9225000000000001 0.080152007305739223 1.0000000180025095e-35 1.4565000000000003 1.5775000000000001 1.0000000180025095e-35 1.0000000180025095e-35 0.51488095238095255 0.70462962962962983 0.96203703703703713 1.0000000180025095e-35 0.099185561693601751 0.250205955611076 0.90856481481481488 0.84550000000000014
decision_type=2 2 2 2 2 2 2 2 2 2 2 2 2 2 2 2 2 2 2 2 2 2 2 2 2 2 2 2 2 2
left_child=1 19 -3 7 10 6 -6 8 -2 18 -4 -5 -13 14 -8 -15 21 -18 -10 -1 22 -12 -21 -24 28 -26 -27 -28 -25 -14
right_child=3 2 4 11 5 -7 13 -9 9 -11 16 12 29 15 -16 -17 17 -19 -20 20 -22 -23 23 24 25 26 27 -29 -30 -31
leaf_value=-0.04859662511982165 -0.05532604588024146 -0.049338611744975919 -0.04712046592397854 0.011391475409616256 -0.022305645233094629 -0.050219127875939309 -0.0028417846444868905 0.025072923151060612 -0.015095704974535874 0.048654732120395075 -0.030775284020600892 0.031229440142929346 0.04545461744236165 0.018260464808990982 0.017655973984894525 -0.022305645233094629 -0.0055254499827888416 -0.05014999988531274 0.00077459129456827704 -0.045146110248006244 -0.050096510885244062 -0.050162897245889161 -0.045146110248006244 -0.045146110248006244 -0.045146110248006244 -0.010577678970965353 -0.017654179493928463 -0.045146110248006244 -0.034371320634404304 0.041777891340302853
leaf_weight=0.71131245091191875 0.10242162421309364 0.52652265278993615 0.29967381938149662 0.17564458275592221 0.11784311608971698 0.11359243728111312 0.99653407473124411 0.14192525231192121 0.22112357512014569 0.069175572803942487 0.072696431991062127 1.1960272865871959 0.13039847547588557 0.76242848571746424 0.54084785836312221 0.035060277266893536 0.17586561716962024 0.015148535780554084 0.18991936946622445 0.024128201532221283 0.054931779529397318 0.011151425745993038 0.037066716426124913 0.068545489690222894 0.0078313553422049154 0.025868195505609037 0.019134069854771951 0.0057631371746538198 0.016572416992858052 0.92840038958638615
leaf_count=16776 154 9450 3452 77 749 2098 720 37 114 19 204 344 38 689 114 58 351 358 79 261 1733 189 460 776 28 157 129 61 144 181
internal_value=6.33753e-09 -0.0177066 -0.0099736 0.0260322 -0.00337455 0.00313677 0.00560784 -0.00266821 -0.00942567 0.000364027 -0.032459 0.0345883 0.0363953 0.00814463 0.00436929 0.0154226 -0.016474 -0.00906444 -0.00776295 -0.0469089 -0.0422888 -0.0333538 -0.0401957 -0.0388535 -0.0359108 -0.0221431 -0.017747 -0.0251959 -0.0451461 0.0422307
internal_weight=7.79355 4.63852 3.66736 3.15504 3.14084 2.56631 2.45271 0.724565 0.58264 0.480219 0.574536 2.43047 2.25483 2.33487 1.53738 0.797489 0.274862 0.191014 0.411043 0.971154 0.259841 0.0838479 0.20491 0.180781 0.143715 0.0585968 0.0507654 0.0248972 0.0851179 1.0588
internal_count=40000 38957 18432 1043 8982 4428 2330 403 366 212 4554 640 563 1581 834 747 1102 709 193 20525 3749 393 2016 1755 1295 375 347 190 920 219
is_linear=0
shrinkage=0.05


Tree=87
num_leaves=31
num_cat=0
split_feature=0 4 10 5 5 10 8 8 3 3 8 7 7 8 5 7 10 7 7 3 8 8 8 8 8 8 8 4 4 4
split_gain=0.994668 0.489948 0.300568 0.292431 0.184555 0.288033 0.204367 0.120565 0.242331 0.162196 0.0712673 0.0650017 0.22863 0.0652919 0.0255109 0.122233 0.0411885 0.0166127 0.0157081 0.018439 0.0131631 0.0124625 0.0340159 0.00697773 0.0103601 0.0240668 0.00697585 0.00322578 0.0271048 0.00237062
threshold=0.16797355449264773 0.81250000000000011 0.59960317460317469 1.0000000180025095e-35 1.0000000180025095e-35 0.81064814814814823 0.54001943081258841 0.40961388097663504 0.37500000000000006 1.0000000180025095e-35 0.46248477445013025 0.99950000000000017 1.5925000000000002 0.35538940265989322 1.0000000180025095e-35 1.6955000000000002 0.68700396825396826 1.9745000000000004 1.6145000000000003 0.37500000000000006 0.59961388097663504 0.29038940265989327 0.50500092162619048 0.15538940265989318 0.43748477445013029 0.35461388097663504 0.4650194308125884 0.3666666666666667 0.35416666666666669 0.62916666666666676
decision_type=10 2 2 2 2 2 2 2 2 2 2 2 2 2 2 2 2 2 2 2 2 2 2 2 2 2 2 2 2 2
left_child=1 10 18 7 5 -3 11 8 27 -9 -1 -7 13 -13 15 -12 -17 -14 19 -2 -8 -21 -23 -20 25 -25 -15 28 -4 -18
right_child=2 4 3 -5 -6 6 20 9 -10 -11 14 12 17 26 -16 16 29 -19 23 21 -22 22 -24 24 -26 -27 -28 -29 -30 -31
leaf_value=-0.048453406787985882 -0.054919325833594934 -0.025681939789934011 -0.011599129491077262 -0.051415631042816171 -0.05017757143462568 -0.025681939789934011 0.025762306995151252 -0.011599129491077262 0.040009657071734497 0.04278571245550411 -0.033110894543623946 -0.025681939789934011 0.010211513006027692 -0.001618848808631208 -0.050139546601929402 -0.033110894543623946 0.02105508204238063 0.027734761379773903 -0.052108164926282521 -0.057233609548554942 0.041314127800807503 -0.061939243330210426 0.0046231227932516591 0.023476331130844092 -0.052874966603365804 -0.053569048341822072 -0.022158959022711849 0.00066867626362028651 0.042041044390813589 0.042466918101223557
leaf_weight=0.95562217931956162 0.084729006960970188 0.35453772167966313 0.031792337573279594 0.12002886386335365 0.20673247551985685 0.09071260200289577 0.32988562360878848 0.065035714687837642 0.69730311408056878 1.3440435359680121 0.18452253376381123 0.18880014003298118 1.0303897924259215 0.31170896548428573 0.067568035040039831 0.015678864807341597 0.015432266882271506 0.15569156055789779 0.0086565258689006441 0.022645320569608884 0.23157401681601186 0.027661880927553284 0.062700464583031135 0.040442457281642419 0.0093373089889610128 0.013525896166356688 0.047656028047640575 0.75592489572591148 0.023551875749035389 0.07962527230483829
leaf_count=17738 993 3152 505 2655 4853 610 135 410 588 604 1734 697 306 196 1835 113 109 90 48 128 81 92 43 128 73 70 88 1810 27 89
internal_value=8.40481e-10 -0.0159546 0.0205795 0.0250708 -0.00462225 -0.00118631 0.00579698 0.0282174 0.0183943 0.0387341 -0.0412905 -0.00231888 0.000165423 -0.0256819 -0.0224246 -0.0160822 0.0263257 0.0125117 -0.0300065 -0.037286 0.0321767 -0.0240652 -0.0157531 -0.0100041 -0.00424668 0.00416672 -0.00434271 -0.000184596 -0.0115991 0.0389908
internal_weight=7.57352 4.26614 3.30738 3.03768 2.94769 2.74096 2.38642 2.91765 1.50857 1.40908 1.31845 1.82496 1.73425 0.548165 0.362827 0.295259 0.110736 1.18608 0.269699 0.197737 0.56146 0.113008 0.0903623 0.0719622 0.0633057 0.0539684 0.359365 0.811269 0.0553442 0.0950575
internal_count=40000 31826 8174 6599 10208 5355 2203 3944 2930 1014 21618 1987 1377 981 3880 2045 311 396 1575 1256 216 263 135 319 271 198 284 2342 532 198
is_linear=0
shrinkage=0.05


Tree=88
num_leaves=31
num_cat=0
split_feature=3 5 7 1 0 5 9 1 9 7 4 4 4 0 0 4 4 4 4 4 4 4 4 4 1 0 0 4 0 7
split_gain=0.930487 0.432541 0.393461 0.170867 0.151849 0.118675 0.118235 0.0816497 0.0479475 0.0373118 0.0360296 0.0299162 0.0288035 0.0251833 0.0136239 0.00661651 0.030195 0.00444557 0.00198902 0.00115491 0.00346471 0.000897343 0.000444468 0.000175137 2.48946e-05 1.23661e-05 0.0193299 7.97015e-06 2.06488e-06 1.57526e-06
threshold=0.37500000000000006 1.0000000180025095e-35 1.2355000000000003 0.34554517280884683 0.17478935992396441 1.0000000180025095e-35 1.0000000180025095e-35 0.082204382327868822 1.0000000180025095e-35 1.2715000000000003 0.67916666666666681 0.82083333333333341 0.3708333333333334 0.0017222096432180898 0.011008242761336797 0.48750000000000004 0.72083333333333344 0.37916666666666671 0.77083333333333348 0.96250000000000013 0.55416666666666681 0.9041666666666669 0.60416666666666685 0.92916666666666681 0.19614451651343051 0.0021255093797488724 0.0445499890154206 0.75416666666666676 0.029072156600332546 1.5445000000000002
decision_type=2 2 2 2 10 2 2 2 2 2 2 2 2 10 8 2 2 2 2 2 2 2 2 2 2 10 10 2 10 2
left_child=1 2 3 -1 7 9 -6 10 -9 11 -4 12 -2 -10 -12 17 -17 -8 -18 20 -11 27 -14 -13 -3 -16 -27 -22 -26 -7
right_child=5 24 4 -5 6 29 15 8 13 19 14 23 22 -15 25 16 18 -19 -20 -21 21 -23 -24 -25 28 26 -28 -29 -30 -31
leaf_value=-0.027349713306289398 -0.006655511474826287 -0.050114470523592441 -0.027349713306289398 0.02612736833572081 -0.027349713306289398 -0.051570897971484356 -0.0020096706005387236 -0.027349713306289398 -0.027349713306289398 0.037647953515138811 -0.027349713306289398 0.041323538629386529 0.020289815049530254 0.0046779540852688092 -0.0076116552257148211 0.0091246202580359814 0.020926325693001482 0.023042523150381314 0.029667577641647298 0.049907451796528009 0.044151547819162924 0.048284747057530449 0.024477420287619924 0.044590627060780819 -0.050329889101779671 -0.0064851083699395788 -0.027349713306289398 0.043761909334579907 -0.051011817270352026 -0.050654601563683524
leaf_weight=0.95051296349083692 0.022760400488550436 0.45415568290491126 0.12393285841608337 0.15504912725828035 0.059025465352533391 0.03249249277405386 0.044329439664579473 0.050451294391678725 0.060966388138694927 0.21700235112075461 0.064714908716268837 0.10160992726741824 0.12638470423735271 1.9989745549737561 0.021314478826752747 0.26666434391154326 0.07226963373250328 0.029487670293747215 0.65392944099403394 0.068092286193859763 0.23230606998913572 0.15208772570622386 0.12707686561407172 0.068791146335570375 0.012448308058083057 0.71253374688603799 0.051184189434934524 0.30168882365614991 0.10255563002374402 0.0054818556245663777
leaf_count=10997 131 13616 1511 727 100 662 221 313 854 148 409 128 136 3302 263 358 117 96 615 35 110 47 203 74 535 953 128 128 2860 223
internal_value=2.28474e-09 -0.00885444 -0.00441855 -0.0273497 0.00261012 0.0357912 0.0183281 -0.00312704 0.00239897 0.0381276 -0.0151043 0.0261667 0.0160028 0.00371231 -0.0106818 0.0224401 0.0235139 0.00799791 0.0287977 0.0436282 0.0431547 0.0448964 0.0223893 0.0426425 -0.0502809 -0.00879954 -0.00883269 0.0439314 -0.050938 -0.0514386
internal_weight=7.34027 5.8845 5.31534 1.10556 4.20978 1.45577 1.12571 3.08407 2.11039 1.4178 0.97368 0.446623 0.276222 2.05994 0.849747 1.06668 0.992863 0.0738171 0.726199 0.971177 0.903085 0.686083 0.253462 0.170401 0.56916 0.785032 0.763718 0.533995 0.115004 0.0379743
internal_count=40000 37975 20964 11724 9240 2025 1507 7733 4469 1140 3264 672 470 4156 1753 1407 1090 317 732 468 433 285 339 202 17011 1344 1081 238 3395 885
is_linear=0
shrinkage=0.05


Tree=89
num_leaves=31
num_cat=0
split_feature=2 0 7 5 3 0 1 1 9 3 7 0 9 1 0 5 0 1 1 3 0 0 9 1 0 9 0 0 0 9
split_gain=1.26423 0.473692 0.327036 0.19824 0.111857 0.109472 0.186403 0.14876 0.0182382 0.00490538 0.0534776 0.0134694 0.00342619 0.0207192 0.00166506 0.000507234 0.000760425 0.000453924 0.000252605 0.00123238 0.000373018 0.000286147 0.000227644 0.000172572 0.000113133 6.65449e-05 6.03219e-05 3.27381e-05 0.00144216 2.01318e-05
threshold=1.0000000180025095e-35 0.25594613630988156 1.1255000000000002 1.0000000180025095e-35 0.37500000000000006 0.048619023140895376 0.055330500423499816 0.10620237736860838 1.0000000180025095e-35 0.37500000000000006 1.5325000000000004 0.023901477075369826 1.0000000180025095e-35 0.28998738168104893 0.032818496626708264 1.0000000180025095e-35 0.029072156600332546 0.1076115176949085 0.074213154990233982 1.0000000180025095e-35 0.042572517385130244 0.15251287845071146 1.0000000180025095e-35 0.1456732271455114 0.15165390266378251 1.0000000180025095e-35 0.4137942903508775 0.13440625273573228 0.034540108656340468 1.0000000180025095e-35
decision_type=2 10 2 2 2 8 2 2 2 2 2 10 2 2 10 2 8 2 2 2 10 10 2 2 10 2 8 8 10 2
left_child=2 9 15 5 -3 6 -4 8 -8 10 24 -12 -7 14 17 16 -1 -14 26 20 22 29 -20 -19 -2 -23 -18 28 -24 -22
right_child=1 4 3 -5 -6 12 7 -9 -10 -11 11 -13 13 -15 -16 -17 18 23 19 -21 21 25 27 -25 -26 -27 -28 -29 -30 -31
leaf_value=-0.048540576958942448 -0.051130573399478407 0.021781897452206204 -0.028771568107453013 -0.050117304276027688 0.042500205104642315 -0.028771568107453013 -0.028771568107453013 0.022875420656490772 -0.0047008789867734766 -0.057075168747282162 -0.050477830187880129 0.0013575651282578751 -0.021179283649334038 -0.028771568107453013 -0.016507860672676272 -0.05007028879597325 -0.048540576958942448 -0.023182114648629064 -0.048540576958942448 -0.048540576958942448 -0.048540576958942448 -0.048540576958942448 -0.048540576958942448 -0.028771568107453013 -0.053838694492140883 -0.041273133522193889 -0.045539107132387069 -0.040852504985810514 -0.03261506142441805 -0.046329653746271217
leaf_weight=0.181289618759365 0.082614860959438707 1.2906421799707462 0.2933406503616437 0.29662648598196018 1.315469747118186 0.031149317226664475 0.027941061840465964 0.65893324027820188 1.4956833119331345 0.024841239093802869 0.014592318555514794 0.088778494489815785 0.056751828595223763 0.11611208293834352 0.55320380883858888 0.18002171618445573 0.059839931855094619 0.013839181166986236 0.0053810768094990627 0.085645240785197529 0.0044559837506312752 0.0023295021455851375 0.016974628480056708 0.018496495573344873 0.072327872272580862 0.049597065023590403 0.01831940946613031 0.025293464906098961 0.033794979300182604 0.064608332402713131
leaf_count=2691 375 280 1958 9877 104 431 172 738 2501 22 71 101 813 1477 2953 7802 864 215 103 1798 85 71 217 417 90 1214 401 683 391 1085
internal_value=-9.74547e-09 0.0255665 -0.0172202 -0.0109809 0.0322397 -0.00742583 -0.00225603 0.00302596 -0.00555849 -0.0358534 -0.0338126 -0.00595977 -0.0236374 -0.0225477 -0.0175295 -0.0477679 -0.0470109 -0.0238733 -0.0455928 -0.0449089 -0.0427106 -0.0444715 -0.0400946 -0.0286016 -0.0523947 -0.0416673 -0.0481139 -0.0393829 -0.0386507 -0.0465799
internal_weight=7.1789 2.88927 4.28963 3.56208 2.60611 3.26545 2.4759 2.18256 1.52362 0.283155 0.258314 0.103371 0.789553 0.758403 0.642291 0.727551 0.547529 0.0890875 0.36624 0.28808 0.202435 0.120991 0.0814441 0.0323357 0.154943 0.0519266 0.0781593 0.0760631 0.0507696 0.0690643
internal_count=40000 1043 38957 21552 384 11675 5369 3411 2673 659 637 172 6306 5875 4398 17405 9603 1445 6912 5647 3849 2455 1394 632 465 1285 1265 1291 608 1170
is_linear=0
shrinkage=0.05


Tree=90
num_leaves=31
num_cat=0
split_feature=2 8 1 8 5 7 1 1 5 7 1 3 7 7 9 7 7 8 8 8 8 8 8 8 8 8 7 1 3 8
split_gain=1.1894 0.433227 0.31171 0.186948 0.140217 0.119919 0.0940129 0.080972 0.0787481 0.0937429 0.18764 0.0841561 0.0600817 0.0556465 0.0400239 0.0261265 0.0224432 0.0202874 0.0126405 0.0281806 0.0532031 0.00785693 0.0236733 0.00128037 0.0251614 9.85703e-05 0.014416 3.40401e-05 2.7499e-05 1.72978e-05
threshold=1.0000000180025095e-35 0.48500092162619041 0.28329920716779561 0.39000092162619043 1.0000000180025095e-35 1.0675000000000003 0.18863948718557208 0.45021431619544994 1.0000000180025095e-35 2.0360000000000005 0.083596845539573403 1.0000000180025095e-35 0.9295000000000001 1.1495000000000002 1.0000000180025095e-35 1.6835000000000002 1.1165000000000003 0.44501943081258838 0.37748477445013023 0.17748477445013022 0.30515468061544454 0.099614802602825334 0.2403894026598932 0.39447770954758848 0.26000092162619043 0.35248477445013021 0.99450000000000016 0.15343740537435316 1.0000000180025095e-35 0.1874847744501302
decision_type=2 2 2 2 2 2 2 2 2 2 2 2 2 2 2 2 2 2 2 2 2 2 2 2 2 2 2 2 2 2
left_child=1 5 3 21 6 27 12 13 9 10 -7 17 -3 -4 -14 -15 -5 18 19 -12 -21 -2 -23 24 -11 26 -24 -1 29 -29
right_child=2 4 7 16 -6 8 -8 -9 -10 23 11 -13 14 15 -16 -17 -18 -19 -20 20 -22 22 25 -25 -26 -27 -28 28 -30 -31
leaf_value=-0.050271440439728803 -0.053693056482742585 -0.018326372582683666 0.0068935393674393946 0.0012658134456133875 -0.050135966051542746 -0.034970671677943342 -0.018326372582683666 0.048652258356904371 -0.050096315872656366 -0.034970671677943342 -0.034970671677943342 -0.034970671677943342 -0.018326372582683666 0.027567959787159247 0.02299782258134124 0.044584190133502871 0.026684822102342954 0.010106228127734816 -0.0013278456176785403 -0.034970671677943342 -0.0051098542859442063 -0.052361001014442944 -0.053326738923068877 0.020090624451104596 0.022886459231732211 -0.017982542876181985 -0.013716126885095546 -0.050058529986930569 -0.050072909850859507 -0.048073302153922005
leaf_weight=0.36038116071449655 0.03071220844958622 0.050908160148537496 0.25288564501897814 0.11902602354166447 0.093978703730499435 0.60166495181329205 0.091778905034516245 0.7428062793551361 0.23767432525210086 0.018534303617343428 0.068853121457322919 0.15161864826859517 0.023180639513156742 0.6981590232971937 0.93862218882713966 0.33325131845776923 0.32110669568646699 0.14180744440272963 0.3164002375497148 0.1050484869392676 0.70429583169516263 0.071646393027549493 0.027483104096972966 0.072948824359627906 0.086362036610807991 0.069676071525464067 0.13988079082537297 0.014413784179396316 0.057823765295324847 0.045960169587488053
leaf_count=8476 59 628 95 82 2926 3679 941 93 8998 180 1178 2025 111 102 1590 51 151 274 672 1508 1024 174 58 81 208 57 121 679 2050 1729
internal_value=-1.08234e-08 -0.0168973 0.0251792 -0.00169118 0.00849448 -0.0270962 0.0134832 0.0355123 -0.022715 -0.019845 -0.0228108 -0.0121037 0.0182199 0.0279124 0.0212021 0.0330659 0.0198107 -0.00777411 -0.00989664 -0.0129838 -0.0102402 -0.0295749 -0.0271753 0.0150033 0.0114654 -0.0195628 -0.0202207 -0.0500299 -0.0492936 -0.0485473
internal_weight=6.98889 4.18226 2.80663 0.779531 1.19847 2.98379 1.10449 2.0271 2.50521 2.26753 2.08969 1.48802 1.01271 1.2843 0.961803 1.03141 0.440133 1.33641 1.1946 0.878197 0.809344 0.339399 0.308686 0.177845 0.104896 0.23704 0.167364 0.478579 0.118198 0.060374
internal_count=40000 38957 1043 702 6196 32761 3270 341 19827 10829 10360 6681 2329 248 1701 153 233 4656 4382 3710 2532 469 410 469 388 236 179 12934 4458 2408
is_linear=0
shrinkage=0.05


Tree=91
num_leaves=31
num_cat=0
split_feature=2 8 5 0 5 4 8 8 1 5 4 3 1 1 1 1 0 0 5 5 4 4 4 4 4 4 4 3 4 8
split_gain=1.12504 0.37228 0.22935 0.222482 0.147138 0.130223 0.0920771 0.0889789 0.0779427 0.0620074 0.225789 0.0355422 0.13587 0.0471809 0.0183195 0.463786 0.0158147 0.00743216 0.00682928 0.000701284 0.00100231 0.000405199 0.000256773 0.00857974 0.000195579 0.000186009 4.19332e-07 3.61654e-08 3.02479e-08 1.65498e-08
threshold=1.0000000180025095e-35 0.42461388097663505 1.0000000180025095e-35 0.049603835847263751 1.0000000180025095e-35 0.74583333333333346 0.44961388097663502 0.29248477445013027 0.049715411962501059 1.0000000180025095e-35 0.86250000000000016 1.0000000180025095e-35 0.16992536388324433 0.22720437789637812 0.1116537435700146 0.10551409701599825 0.15423840625320667 0.022891041032589172 1.0000000180025095e-35 1.0000000180025095e-35 0.89583333333333348 0.81250000000000011 0.9125000000000002 0.7791666666666669 1.0000000180025095e-35 0.6625000000000002 0.9208333333333335 1.0000000180025095e-35 0.42083333333333339 0.23038940265989319
decision_type=2 2 2 8 2 2 2 2 2 2 2 2 2 2 2 2 8 10 2 2 2 2 2 2 2 2 2 2 2 2
left_child=1 9 6 4 5 -3 7 -2 -7 10 -1 12 14 -14 15 -12 -16 18 22 20 21 24 23 25 -19 -5 -4 29 -6 -11
right_child=2 3 26 17 28 8 -8 -9 -10 27 11 -13 13 -15 16 -17 -18 19 -20 -21 -22 -23 -24 -25 -26 -27 -28 -29 -30 -31
leaf_value=-0.037965346869321293 0.0013520286183700712 -0.017315659595916397 -0.051349779601930483 -0.030179833551262292 -0.050064514679569433 -0.017315659595916397 0.03928889276840216 0.027501587664742307 0.025290768476966791 -0.050063808415012817 -0.037965346869321293 -0.037965346869321293 0.033888754579065865 -0.037965346869321293 0.00070756206432906986 0.034470526023551155 -0.037965346869321293 -0.045329923425442668 -0.050068207002576665 -0.05004593139385996 -0.044635368145334565 -0.041507288476537049 -0.0025229583867028751 0.020878846171451179 -0.035032734211239723 -0.019896434426526898 -0.051599578430728488 -0.050010911472553488 -0.050163994785957094 -0.050089302807541036
leaf_weight=0.85728718604423271 0.4532318585879701 0.13454618154082654 0.073389151253650087 0.013714954093302478 0.0084131180055920796 0.072919169471788226 1.0273864913615396 1.1525958656384316 1.0098429224017307 0.097537907385685574 0.56742686049074087 0.064149539872232597 0.19343186124751799 0.020754180744916084 0.18169671364103124 0.26758387355403102 0.020537196965960902 0.0024852329679561072 0.014779253008782689 0.021729871917159471 0.089467892868924537 0.044034886861481937 0.0084018848647247069 0.012075687597643991 0.075730529488282627 0.0057938881736845351 0.021788015992569854 0.020033207994401891 0.083285251027518825 0.18325427137506267
leaf_count=12694 360 1291 173 305 352 305 188 278 697 4449 1773 778 320 266 336 113 153 45 679 1436 343 300 109 166 1159 125 44 2141 1796 6826
internal_value=-9.68018e-09 -0.0166506 0.0248436 0.00216634 0.0109227 0.0155235 0.0275997 0.0201211 0.0215828 -0.0288004 -0.0258549 -0.0120558 -0.0100957 0.0261597 -0.0175823 -0.0208524 -0.00408005 -0.037603 -0.0210258 -0.0414919 -0.0406139 -0.0376709 -0.0102915 -0.012358 -0.035511 -0.0301798 -0.051407 -0.0500758 -0.0501549 -0.0500804
internal_weight=6.7993 4.07091 2.72839 1.59722 1.30901 1.21731 2.63321 1.60583 1.08276 2.47369 2.17287 1.31558 1.25143 0.214186 1.03724 0.835011 0.202234 0.288214 0.0547657 0.233448 0.211719 0.122251 0.0399864 0.0315845 0.0782158 0.0195088 0.0951772 0.300825 0.0916984 0.280792
internal_count=40000 38957 1043 9108 4441 2293 826 638 1002 29849 16433 3739 2961 586 2375 1886 489 4667 1384 3283 1847 1504 705 596 1204 430 217 13416 2148 11275
is_linear=0
shrinkage=0.05


Tree=92
num_leaves=31
num_cat=0
split_feature=2 10 9 3 8 8 10 10 8 1 9 0 0 8 0 0 0 9 0 0 0 1 1 0 0 1 9 0 0 0
split_gain=1.05483 0.283362 0.280742 0.359229 0.248544 0.234971 0.144657 0.104395 0.0929718 0.0826841 0.0608567 0.0839135 0.0136227 0.0110781 0.00552979 0.183173 0.0142834 0.00351167 0.00380947 0.00727185 0.0059545 0.00347831 0.0497035 0.0349957 0.00124829 0.000701982 0.00046557 0.00323532 0.00608672 0.000340454
threshold=1.0000000180025095e-35 0.71990740740740755 1.0000000180025095e-35 1.0000000180025095e-35 0.27538940265989326 0.364613880976635 0.91944444444444451 0.79027777777777786 0.5103894026598933 0.065306103565271265 1.0000000180025095e-35 0.27389043773438465 0.036239817938863425 0.32748477445013024 0.29337401902803267 0.021139654856638372 0.028062524061954575 1.0000000180025095e-35 0.13057905292101185 0.019395391952047477 0.039026212590735632 0.32740557257195207 0.11002642583965717 0.164690789245895 0.38048494439802266 0.17582807418345867 1.0000000180025095e-35 0.042185626161196442 0.016737341778985244 0.010227240603316213
decision_type=2 2 2 2 2 2 2 2 2 2 2 10 10 2 8 10 10 2 8 10 10 2 2 10 8 2 2 10 8 10
left_child=1 -1 -2 -4 -3 21 7 8 13 17 -11 12 14 -5 15 -12 -17 -7 19 -19 -21 22 26 24 -24 -25 -6 28 -28 -30
right_child=2 4 3 6 5 9 -8 -9 -10 10 11 -13 -14 -15 -16 16 -18 18 -20 20 -22 -23 23 25 -26 -27 27 -29 29 -31
leaf_value=-0.049578488425445738 -0.054776603999250939 -0.047636542497885265 -0.051039448206132411 -0.0076350142030514158 -0.050126562876150152 -0.050236726282448886 0.04634198374710944 0.039111242264867362 0.03759325160961053 -0.05101428736143835 -0.027310702217317365 -0.050294722431548346 0.014075723543577333 0.0060436240362811205 -0.013299088734669727 0.028876368840499891 0.012791031473523224 -0.03366555823047003 0.0041318035432492475 -0.012106737094963287 -0.033128378106015287 -0.050171732104391513 -0.00041782244622089269 -0.031627130355611904 -0.01953794580176936 -0.050324300055376907 -0.051044925035090588 -0.051773530073652478 -0.040559420269392049 -0.033862384649251315
leaf_weight=0.55265043028657634 0.10761459144123398 0.40713164051021555 0.13719637270151031 0.24088189394387904 0.0073434264936622631 0.01005446228555229 1.0287809490546349 0.5279531927080825 0.23622267691825982 0.045105423342194251 0.2756047187308448 0.06018872869299241 0.89660074267021628 0.38395962954382412 0.038113067679660162 0.33842366456565287 0.23304804788722322 0.08637798416293696 0.015277752347628848 0.16499973745021634 0.042327797202233342 0.0195848936141374 0.19222438347287607 0.0056689354150876161 0.0089331170552213734 0.043862919643743226 0.061410870815962304 0.036605209858407761 0.019931196877223556 0.39650576833992091
leaf_count=14786 69 10094 645 75 161 147 89 62 38 402 720 1030 2596 65 940 322 389 851 312 662 245 468 1025 68 296 722 822 295 428 1176
internal_value=6.82274e-10 -0.0163693 0.024333 0.027665 -0.0109798 -0.00600205 0.0321311 0.0216057 0.0108723 0.00238511 0.00636519 0.00777027 0.0097317 0.000770389 0.00533168 0.00616994 0.0223167 -0.0211567 -0.0202105 -0.0214767 -0.0163985 -0.0293625 -0.0288349 -0.010537 -0.00126692 -0.0481844 -0.0376258 -0.0374474 -0.0363499 -0.0341829
internal_weight=6.62058 3.95797 2.66261 2.55499 3.40532 2.99819 2.4178 1.38902 0.861064 2.20612 1.88708 1.84198 1.78179 0.624842 0.885189 0.847076 0.571472 0.319038 0.308983 0.293706 0.207328 0.792071 0.772486 0.250689 0.201158 0.0495319 0.521796 0.514453 0.477848 0.416437
internal_count=40000 38957 1043 974 24171 14077 329 240 178 8616 6399 5997 4967 140 2371 1431 711 2217 2070 1758 907 5461 4993 2111 1321 790 2882 2721 2426 1604
is_linear=0
shrinkage=0.05


Tree=93
num_leaves=31
num_cat=0
split_feature=0 2 10 10 7 7 9 7 1 1 1 1 0 0 0 1 1 2 0 1 2 7 4 4 2 7 2 4 2 0
split_gain=1.07001 0.403379 0.340383 0.348992 0.234947 0.114608 0.0810588 0.0764356 0.0672514 0.0517721 0.0494185 0.045369 0.0287156 0.0221575 0.0219446 0.0213036 0.0200448 0.0577302 0.0909489 0.025553 0.0142825 0.0133883 0.00984808 0.0506072 0.00970504 0.00837231 0.00663257 0.00522137 0.00353173 0.00392381
threshold=0.28513046889400689 1.0000000180025095e-35 0.67175925925925928 0.89699074074074092 1.2005000000000003 1.7245000000000004 1.0000000180025095e-35 1.8155000000000003 0.20184567810645168 0.21535004450570269 0.28329920716779561 0.16802632976514456 0.011008242761336797 0.16890589678336504 0.040836194363688003 0.23213300439591342 0.098535193988705486 1.0000000180025095e-35 0.019395391952047477 0.051150181137693866 1.0000000180025095e-35 1.0865000000000002 0.37916666666666671 0.68750000000000011 1.0000000180025095e-35 0.94050000000000011 1.0000000180025095e-35 0.45416666666666672 1.0000000180025095e-35 0.02077942226961144
decision_type=10 2 2 2 2 2 2 2 2 2 2 2 8 10 8 2 2 2 8 2 2 2 2 2 2 2 2 2 2 8
left_child=2 -2 -1 5 9 8 -6 10 -4 -5 11 12 -8 27 -14 26 19 18 -18 -9 -10 -22 -15 -24 -17 -3 -11 -7 29 -29
right_child=1 25 3 4 6 13 7 16 20 15 -12 -13 14 22 -16 24 17 -19 -20 -21 21 -23 23 -25 -26 -27 -28 28 -30 -31
leaf_value=-0.051625601742866789 -0.050144228465717589 0.028268338929623878 -0.048803724696891343 -0.044661956448034723 -0.051778015343025154 -0.043676522110953006 -0.035198954448863187 -0.010389836762314367 -0.039527067461513035 -0.007060213033006385 0.037550054006435768 0.020440544014654817 0.0035012921888652251 0.048418358818242496 -0.010492999578214162 -0.050106092793626794 0.049178376977137853 0.052446810015165671 -0.034791784749400492 0.038935550480472307 -0.027747541807842599 -0.00060976411737199282 -0.063892823856110809 0.034088313911398736 -0.0048451645488489471 0.039210266712682768 0.051381197096922654 -0.024184494660949692 -0.050409867245614186 -0.0063070715101105615
leaf_weight=0.51191616366804726 0.14017907335391977 0.19683875347254809 0.63554358742112504 0.30221753643900262 0.057361792535630562 0.0130517613538359 0.061060396079028689 0.0291288761245595 0.059459857397541782 0.0064437539608661601 0.10226546620879151 0.27600288247322158 1.0614669817350657 0.019357190223217913 0.38057175446374469 0.016258255630418716 0.050507482534158044 0.06553682341836975 0.089192481454119843 0.26629128389777179 0.075628256134223193 0.1138878388228477 0.017971957282043149 0.049410373079808778 0.043620024734991603 1.5630351203071766 0.019689593806106132 0.038374371727968537 0.0055316133730229913 0.15333293712228624
leaf_count=10757 4016 60 10970 4650 411 259 459 137 2027 163 168 683 1219 21 1169 508 19 21 362 206 36 45 28 129 30 212 3 322 34 876
internal_value=-1.93245e-08 0.0314845 -0.0132319 -0.00832949 0.00120652 -0.0311505 0.00695626 0.00837065 -0.0401745 -0.0349212 0.00375027 0.0018074 -0.00161406 -0.00427825 -0.000191973 -0.000695292 0.0257331 0.01373 -0.004433 0.034072 -0.0181472 -0.0114394 0.0169851 0.00795516 -0.0171345 0.0379864 0.0369712 -0.0130488 -0.0110221 -0.00988563
internal_weight=6.42113 1.90005 4.52108 4.00917 2.82762 1.18155 2.43939 2.38202 0.88452 0.388229 1.88137 1.7791 1.5031 0.29703 1.44204 0.0860116 0.500657 0.205237 0.1397 0.29542 0.248976 0.189516 0.0867395 0.0673823 0.0598783 1.75987 0.0261333 0.210291 0.197239 0.191707
internal_count=40000 4288 35712 24955 10208 14747 4854 4443 13078 5354 3698 3530 2847 1669 2388 704 745 402 381 343 2108 81 178 157 538 272 166 1491 1232 1198
is_linear=0
shrinkage=0.05


Tree=94
num_leaves=31
num_cat=0
split_feature=5 0 8 0 8 10 10 10 10 8 4 7 10 7 3 3 7 0 10 10 8 7 7 8 3 3 7 7 4 4
split_gain=0.51225 0.606844 0.463126 0.306409 0.0955382 0.0863121 0.166444 0.0860649 0.14613 0.0857906 0.0576324 0.0464133 0.0744398 0.0303266 0.0389227 0.0114733 0.0197789 0.0100887 0.00789671 0.00641697 0.0140923 0.00555403 0.00810801 0.00374708 0.00498495 0.00307723 0.000312256 0.000536389 0.000113913 3.65937e-05
threshold=1.0000000180025095e-35 0.1533557507377539 0.49248477445013022 0.27389043773438465 0.10038940265989317 0.8807870370370372 0.58738425925925941 0.66236772486772499 0.8486111111111112 0.30500092162619036 0.87916666666666676 1.4845000000000004 0.74490740740740746 1.0995000000000004 0.37500000000000006 0.37500000000000006 1.2715000000000003 0.015638366464696046 0.98032407407407418 0.62261904761904774 0.26748477445013025 1.3205000000000002 0.99950000000000017 0.49000092162619041 0.37500000000000006 0.37500000000000006 1.1415000000000004 1.9225000000000001 0.32083333333333336 0.62916666666666676
decision_type=2 10 2 10 2 2 2 2 2 2 2 2 2 2 2 2 2 8 2 2 2 2 2 2 2 2 2 2 2 2
left_child=1 2 10 11 -5 6 15 -4 -9 21 -1 19 -13 14 -11 -6 -17 -10 -19 -3 -21 22 -8 24 -14 -15 -7 28 -28 -30
right_child=-2 3 7 4 5 26 9 8 17 13 -12 12 23 25 -16 16 -18 18 -20 20 -22 -23 -24 -25 -26 -27 27 -29 29 -31
leaf_value=-0.023100836548675532 -0.050306582784744105 -0.023100836548675532 -0.023100836548675532 -0.023100836548675532 -0.023100836548675532 0.040866379356162573 -0.023100836548675532 -0.023100836548675532 0.0040779485654453924 -0.010031498148160773 -0.011583963258459963 -0.023100836548675532 0.013422261474566412 0.041024802072122002 0.039428740934122464 -0.023100836548675532 0.007301666164246769 0.017914227030302179 0.033416190865103119 -0.023100836548675532 -0.0091265152403688776 0.002667659851997854 0.0010882603174203773 0.030057115261160817 0.040181364909302464 0.048910486159718047 0.041419518089825136 0.04001191073523052 0.044843504916083576 0.043779612808527317
leaf_weight=0.99424502274541815 0.46784979734388787 0.036237769716536028 0.050336379789769015 0.03769633911269954 0.056866683685257047 0.15930202330309817 0.021613977544802765 0.098426939251112344 0.035451487165119033 0.066658643380833382 1.107999169063987 0.052623615772972698 0.14097647280959791 0.32236311378437676 0.098634722355200211 0.023348524839093443 0.084603699691797374 0.094464316248377145 0.63023963107480085 0.058838499208832218 0.3134518013921479 0.060339579116771347 0.036300389625466778 0.078405090669548372 0.019855651145917363 0.20076173232882866 0.048638143282005331 0.10958351325825788 0.093360816080348741 0.60199812647442741
leaf_count=10986 17896 488 674 323 396 382 238 806 165 263 2718 332 270 377 76 66 57 339 310 722 1016 187 193 69 21 110 85 48 128 259
internal_value=1.21605e-08 0.00410491 -0.0113621 0.0212122 0.0310843 0.032686 0.0220383 0.0184966 0.0225324 0.031394 -0.0231008 -0.0072894 0.00793866 0.0381521 0.0194827 -0.0231008 -0.00678062 0.0301215 0.0313955 -0.0181686 -0.0147471 -0.00794828 -0.0190088 0.0210949 0.0167258 0.0440511 0.0428985 0.0432778 0.0437588 0.0439225
internal_weight=6.20147 5.73362 3.01116 2.72246 2.02207 1.98437 0.971491 0.908919 0.858582 0.806672 2.10224 0.700389 0.291861 0.688418 0.165293 0.164819 0.107952 0.760155 0.724704 0.408528 0.37229 0.118254 0.0579144 0.239237 0.160832 0.523125 1.01288 0.853581 0.743997 0.695359
internal_count=40000 22104 15998 6106 3188 2865 1963 2294 1620 1444 13704 2918 692 826 339 519 123 814 649 2226 1738 618 431 360 291 487 902 520 472 387
is_linear=0
shrinkage=0.05


Tree=95
num_leaves=31
num_cat=0
split_feature=2 3 7 8 7 5 5 7 4 8 7 4 9 5 3 4 4 5 5 8 3 9 9 7 8 8 8 4 7 8
split_gain=0.898437 0.301697 0.265284 0.352468 0.0978942 0.0848582 0.076304 0.0683351 0.0523149 0.0991898 0.0411421 0.0558906 0.0202289 0.014882 0.0105704 0.00308091 0.000432153 0.000113006 5.13447e-05 1.91393e-05 3.62935e-05 1.75876e-05 1.70906e-05 5.16121e-06 6.76698e-07 1.11538e-07 5.20462e-08 2.73531e-08 3.29965e-08 1.56386e-08
threshold=1.0000000180025095e-35 1.0000000180025095e-35 1.7245000000000004 0.47961388097663504 1.3125000000000002 1.0000000180025095e-35 1.0000000180025095e-35 1.1125000000000003 0.77083333333333348 0.35461388097663504 2.0750000000000006 0.75416666666666676 1.0000000180025095e-35 1.0000000180025095e-35 1.0000000180025095e-35 0.87916666666666676 0.85416666666666685 1.0000000180025095e-35 1.0000000180025095e-35 0.10248477445013021 1.0000000180025095e-35 1.0000000180025095e-35 1.0000000180025095e-35 1.1765000000000003 0.50000092162619036 0.29501943081258836 0.21038940265989317 0.6625000000000002 1.1645000000000003 0.23748477445013025
decision_type=2 2 2 2 2 2 2 2 2 2 2 2 2 2 2 2 2 2 2 2 2 2 2 2 2 2 2 2 2 2
left_child=2 23 3 8 -3 7 10 -5 18 17 11 -4 -9 14 -11 16 -13 21 19 -1 22 -10 -21 25 -25 26 -2 -7 -29 -8
right_child=1 4 6 5 -6 27 29 12 9 13 -12 15 -14 -15 -16 -17 -18 -19 -20 20 -22 -23 -24 24 -26 -27 -28 28 -30 -31
leaf_value=-0.049479783633426734 -0.050250042243408982 0.013498548494707358 -0.020607028739282159 -0.02042359040986378 0.035566234137979984 -0.050062371170069654 -0.050057976502427173 -0.02042359040986378 -0.048979014427088345 -0.016776869522650645 0.026656763935297881 0.0061166202636993849 0.017084587504527609 -0.050116967749082433 -0.034160203891425225 0.011522966433535446 0.0020177853688516574 -0.050065808255925284 -0.050049487082782243 -0.049479783633426734 -0.049479783633426734 -0.047830130955165591 -0.04844038959804696 -0.051190549327942883 -0.050720668716587029 -0.050528608456547934 -0.050439326324481684 -0.050079475886420199 -0.050167440590040781 -0.050124709993765539
leaf_weight=0.040752714758583219 0.006299075816059819 0.75704065868922077 0.093314690919214405 0.092644262085741391 1.4949908643611705 0.021941732979939843 0.010785428947428954 0.014112257377746573 0.011507984208037669 0.72926452179581247 0.24550549608557048 0.16995526777009218 0.60011092279455625 0.038370408935406886 0.03243748887507536 0.38070606662586215 0.10344958577934449 0.069557603003204349 0.1307091045564448 0.019096353924397236 0.056312955827706901 0.41466979606775545 0.28978140140497943 0.076102558835373202 0.0085201545225572772 0.027987078196019866 0.0085759310768480645 0.018288471507958093 0.025561027397088765 0.047194155741635768
leaf_count=1325 82 188 1121 1428 167 1075 595 101 316 1210 480 403 1391 1364 307 412 100 3659 7794 445 1624 3994 6621 319 54 169 64 824 720 1648
internal_value=5.03084e-09 0.023912 -0.0155631 -0.0241175 0.028148 0.00420557 0.00564258 0.00926077 -0.0360599 -0.0306231 0.00889824 0.00306513 0.0155237 -0.019734 -0.0182034 0.00861498 0.00456572 -0.0481972 -0.0491876 -0.0489101 -0.0487785 -0.0478922 -0.0485443 -0.0509168 -0.0511432 -0.0504698 -0.0503592 -0.0501079 -0.0501308 -0.0501123
internal_weight=6.03555 2.37952 3.65603 2.60512 2.25203 0.772659 1.05091 0.706867 1.83246 1.29581 0.992931 0.747426 0.614223 0.800072 0.761702 0.654111 0.273405 0.495735 0.536653 0.405943 0.365191 0.426178 0.308878 0.127485 0.0846227 0.0428621 0.014875 0.0657912 0.0438495 0.0579796
internal_count=40000 1043 38957 34198 355 5539 4759 2920 28659 10850 2516 2036 1492 2881 1517 915 503 7969 17809 10015 8690 4310 7066 688 373 315 146 2619 1544 2243
is_linear=0
shrinkage=0.05


Tree=96
num_leaves=31
num_cat=0
split_feature=1 8 2 10 10 2 8 7 1 1 10 7 9 7 7 10 7 8 10 2 9 2 7 2 10 10 2 7 7 7
split_gain=0.872201 0.48964 0.307754 0.150436 0.201704 0.133677 0.132327 0.066947 0.0649408 0.321122 0.100707 0.0724258 0.0529097 0.0517568 0.0424201 0.0423502 0.0415008 0.0347921 0.142064 0.0291336 0.0278591 0.0181126 0.0138099 0.0121472 0.00789169 0.00732148 0.00695823 0.00614343 0.0141084 0.00589704
threshold=0.31036380899217703 0.42538940265989328 1.0000000180025095e-35 0.55985449735449755 0.95462962962962983 1.0000000180025095e-35 0.25038940265989323 1.1525000000000003 0.12612011868180231 0.096648907157465574 0.84351851851851867 1.5445000000000002 1.0000000180025095e-35 1.5855000000000004 1.3895000000000002 0.78587962962962976 1.3485000000000003 0.40538940265989326 0.77268518518518525 1.0000000180025095e-35 1.0000000180025095e-35 1.0000000180025095e-35 1.0305000000000002 1.0000000180025095e-35 0.80787037037037057 0.64513888888888904 1.0000000180025095e-35 0.96150000000000013 1.2515000000000003 2.2300000000000004
decision_type=2 2 2 2 2 2 2 2 2 2 2 2 2 2 2 2 2 2 2 2 2 2 2 2 2 2 2 2 2 2
left_child=1 6 -2 -3 5 25 -1 -7 9 13 21 16 -6 14 -8 -13 -11 18 -4 29 -12 -10 23 -22 -15 -5 -24 -27 -29 -14
right_child=2 3 17 4 12 7 8 -9 10 11 20 15 19 24 -16 -17 -18 -19 -20 -21 22 -23 26 -25 -26 27 -28 28 -30 -31
leaf_value=-0.04870628456154763 -0.050112865524451849 -0.053805867487245862 -0.0017815656270314167 -0.048088275838654132 -0.051428893701595424 -0.026021631194012691 -0.051204063538575456 0.032988272973490072 -0.049042269828155564 -0.05008816573976576 -0.052832888416611136 -0.05105560672889993 0.022422205671907447 -0.050753407761959683 -0.087817306647048718 0.012802824323053734 -0.00044655178767480098 0.047540649309027114 0.045485069856608405 0.047901685431299787 -0.044938121315185132 -0.021840637788255818 0.010961140847667583 0.0048646006652667863 -0.031336797658295217 -0.04221149026889795 0.027704377015706345 -0.044549407217261167 -0.01779560630517564 0.036494355974728075
leaf_weight=0.4918912702182755 0.10433705317291209 0.091791112150985898 0.22412756968333269 0.03913369195697658 0.02189885598136232 0.063794451005378505 0.26426260459220452 0.19492487799288938 0.086331301708014396 0.097801116512073349 0.017725164338571631 0.027547832924483373 0.80691803080117075 0.065010373543827882 0.11291271894924648 0.45136391488676963 0.073926794088947645 0.63621246744514792 0.54682125938415993 0.14485829539080441 0.018572204301563033 0.21020103607952478 0.25629719591233879 0.035930605175963137 0.26832805239018853 0.047055964573701203 0.081875618539925199 0.060799094877893367 0.26002807221129842 0.082014823955432803
leaf_count=12764 3792 1302 101 855 152 43 5031 82 3141 1515 130 295 1486 826 793 264 274 92 97 35 656 96 1154 22 615 1235 33 1156 1928 35
internal_value=-4.53921e-09 -0.0113167 0.0327425 0.00856262 0.0118883 -0.00966433 -0.0253972 0.0184377 -0.0198531 -0.0262384 -0.00755866 -0.000859814 0.0254797 -0.0494784 -0.0621648 0.00912958 -0.028718 0.038886 0.0317439 0.0271089 0.00848278 -0.02976 0.0112505 -0.012106 -0.0351236 -0.0275274 0.0150149 -0.0253402 -0.0228656 0.0237205
internal_weight=5.88469 4.3732 1.5115 1.81322 1.72143 0.665736 2.55998 0.258719 2.06809 1.36115 0.706933 0.65064 1.05569 0.710514 0.377175 0.478912 0.171728 1.40716 0.770949 1.03379 0.410401 0.296532 0.392676 0.0545028 0.333338 0.407017 0.338173 0.367883 0.320827 0.888933
internal_count=40000 35918 4082 8309 7007 5299 27609 125 14845 9613 5232 2348 1708 7265 5824 559 1789 290 198 1556 1995 3237 1865 678 1441 5174 1187 4319 3084 1521
is_linear=0
shrinkage=0.05


Tree=97
num_leaves=31
num_cat=0
split_feature=2 10 9 5 10 5 8 1 8 8 10 10 8 9 5 1 1 1 1 8 9 8 8 8 1 1 5 8 9 9
split_gain=0.799855 0.506289 0.241461 0.18184 0.204633 0.113064 0.292548 0.215674 0.0600675 0.0519035 0.0194615 0.0189703 0.0165651 0.0156742 0.011142 0.0088072 0.0118298 0.0443646 0.00273692 0.00296771 0.00121265 0.0183546 0.000540551 0.00028867 0.000335634 0.000407399 0.000230822 0.000186777 0.000133399 3.3144e-05
threshold=1.0000000180025095e-35 0.92685185185185193 1.0000000180025095e-35 1.0000000180025095e-35 0.65376984126984139 1.0000000180025095e-35 0.40961388097663504 0.10838307352939776 0.17501943081258831 0.47961388097663504 0.53287037037037044 0.73032407407407407 0.52748477445013042 1.0000000180025095e-35 1.0000000180025095e-35 0.052421483061646353 0.075004571036836151 0.10057095329600778 0.13228233422696054 0.11538940265989316 1.0000000180025095e-35 0.33447770954758854 0.30961388097663506 0.3500009216261904 0.095228104720190179 0.11085049125473916 1.0000000180025095e-35 0.32947770954758854 1.0000000180025095e-35 1.0000000180025095e-35
decision_type=2 2 2 2 2 2 2 2 2 2 2 2 2 2 2 2 2 2 2 2 2 2 2 2 2 2 2 2 2 2
left_child=1 11 -2 4 10 6 7 -3 -6 -8 -4 23 -10 -9 18 -11 -17 -18 19 -13 -21 -22 -20 -1 -25 -26 29 -24 -29 -27
right_child=2 5 3 -5 8 -7 9 13 12 15 -12 14 -14 -15 -16 16 17 -19 22 20 21 -23 27 24 25 26 -28 28 -30 -31
leaf_value=-0.050104467515627839 -0.054360499263454098 -0.024267587049428118 -0.010824168839867294 -0.051235493132704105 -0.0020919589021867685 -0.050118417602040694 0.0016705796817925514 -0.024267587049428118 0.035398456062037023 0.0048838159244564338 0.0063132112263172419 -0.04168623555585968 0.046221785095294891 0.014055329718104288 -0.050065812441175667 0.0098363480964583673 0.04306746007249862 0.016695305914996374 -0.04168623555585968 -0.04168623555585968 -0.04168623555585968 -0.024232776456789291 -0.04168623555585968 -0.049477276525405484 -0.050504634268651864 -0.046560844001704182 -0.050035131455741955 -0.04168623555585968 -0.036005464536057602 -0.042888116112184183
leaf_weight=0.2278488950530575 0.095627477042399156 0.65566377474715476 0.14590839027005209 0.072027940073894459 0.094726882205577456 0.11127596586607058 0.25928276119248017 0.011668138823551999 1.1024190847856514 0.040414388168755977 0.19493784266524017 0.025295996209933946 0.52039520020480257 0.44367953654864323 0.11840832713528471 0.073250058660050854 0.34977554529359622 0.29310849357352708 0.040432534229239536 0.0094127808006305713 0.10051365791878197 0.34660373726728722 0.0044019064207532202 0.1267185406813951 0.034308932631574862 0.0021973888760840046 0.014071794038272856 0.0027581939484662135 0.081109626994475548 0.077125662720391119
leaf_count=9522 69 1942 91 198 119 4297 475 150 370 143 127 585 69 1786 6244 92 119 466 1595 148 1881 1760 111 2723 519 89 1370 64 1280 1596
internal_value=1.71351e-09 -0.0150792 0.0233657 0.0268546 0.0295872 -0.000987287 0.00158324 -0.0161485 0.0366101 0.0209764 -0.00580184 -0.0411188 0.0388692 0.0124061 -0.036029 0.0275929 0.0288745 0.0310437 -0.0333067 -0.0315765 -0.0305452 -0.0301313 -0.0397841 -0.0488118 -0.0476542 -0.0458452 -0.0441335 -0.0371491 -0.0364677 -0.0430866
internal_weight=5.67537 3.44933 2.22604 2.13042 2.05839 2.23812 2.12684 1.11101 1.71754 1.01583 0.340846 1.21121 1.62281 0.455348 0.728937 0.756548 0.716134 0.642884 0.610528 0.481826 0.45653 0.447117 0.128702 0.482271 0.254422 0.127704 0.0933948 0.0882697 0.0838678 0.0793231
internal_count=40000 38957 1043 974 776 9470 5173 3878 558 1295 218 29487 439 1936 13668 820 677 585 7424 4374 3789 3641 3050 15819 6297 3574 3055 1455 1344 1685
is_linear=0
shrinkage=0.05


Tree=98
num_leaves=31
num_cat=0
split_feature=2 8 9 0 0 5 7 7 7 7 7 7 4 0 8 5 7 7 0 0 0 0 0 7 5 0 9 9 0 0
split_gain=0.758987 0.220284 0.21993 0.358713 0.134739 0.110176 0.0958106 0.0645934 0.0442822 0.0590669 0.0495175 0.0387455 0.0384587 0.0340923 0.0215647 0.0166385 0.0640339 0.0159715 0.00880491 0.0123125 0.000924181 0.0316939 0.01322 0.000512037 0.000434812 0.000416961 0.000144266 8.60599e-05 4.85251e-05 8.44634e-05
threshold=1.0000000180025095e-35 0.35248477445013021 1.0000000180025095e-35 0.26219561328785546 0.021830706346389384 1.0000000180025095e-35 1.6465000000000003 1.3895000000000002 0.83050000000000013 1.1495000000000002 1.6955000000000002 2.0525000000000007 0.6625000000000002 0.031482145326188683 0.53500092162619051 1.0000000180025095e-35 1.4275000000000002 1.5985000000000003 0.017065932968762004 0.14021796526781163 0.29813124687209841 0.25132296258152836 0.02706239623890937 0.9235000000000001 1.0000000180025095e-35 0.29337401902803267 1.0000000180025095e-35 1.0000000180025095e-35 0.018725841091147256 0.14629747532766305
decision_type=2 2 2 10 8 2 2 2 2 2 2 2 2 10 2 2 2 2 8 8 8 10 10 2 2 10 2 2 10 10
left_child=1 15 -2 6 11 8 14 -5 -6 -10 12 17 -11 -14 28 16 -1 23 -18 -20 22 -22 -12 -3 27 26 -21 -25 -4 -30
right_child=2 4 3 7 5 -7 -8 -9 9 10 20 -13 13 -15 -16 -17 18 -19 19 25 21 -23 -24 24 -26 -27 -28 -29 29 -31
leaf_value=-0.041219404711269586 -0.054043705059814068 -0.050324654553072751 -0.05034239469508333 0.023026657604403988 -0.02433858264981055 -0.050093134933161747 0.01903964484780658 0.042541477378461749 -0.02433858264981055 -0.02433858264981055 0.027118440798435291 0.058691403219503974 -0.014601588095404811 0.0068904246793281129 -0.01415308011844587 -0.050050924556628122 -0.0038199603882410672 -0.025313586049886441 -0.016140858605304093 -0.041219404711269586 0.073601953368065562 -0.02433858264981055 0.011138693891145709 -0.046437281647678089 -0.050092938320105612 -0.041219404711269586 -0.03576954691893653 -0.042510490590242977 -0.051237439935945372 -0.053981499434097996
leaf_weight=0.37186957030780865 0.088456505566682941 0.037151593114004178 0.016390751363360656 0.69911484594558704 0.06399598245297955 0.10988494040498142 0.085778035492694471 1.0776653781795174 0.1044439712904931 0.07347640915213538 0.1781908288339763 0.011332302792197879 0.24884129242673225 0.71384842473344179 0.046592567863626755 0.16084517114927621 0.086889976782003941 0.20861090941343718 0.24117028629370907 0.0030969158706284352 0.014356191073602531 0.0090735324629349634 0.47297960015384888 0.0049621689604464328 0.023737838458373517 0.013926883469139284 0.062406206619016302 0.13690762118858402 0.038850364813697524 0.10080673601441958
leaf_count=9835 69 851 158 186 1224 5486 130 141 1648 1101 60 99 417 1039 57 10637 532 540 1221 101 190 124 608 50 867 336 1171 820 180 122
internal_value=-6.85279e-09 -0.0148806 0.0231604 0.0264672 -0.00687759 -0.00142959 -0.0252539 0.0348629 0.00141597 0.00300496 0.00532001 -0.032514 -0.00154376 0.00133505 -0.0440034 -0.0354096 -0.0323879 -0.0350265 -0.0179379 -0.0217642 0.0158625 0.0256189 0.0155115 -0.0450197 -0.0438296 -0.038838 -0.0364455 -0.0427816 -0.0529161 -0.0532181
internal_weight=5.50565 3.352 2.15366 2.0652 2.41179 1.98909 0.288418 1.77678 1.87921 1.81521 1.71077 0.422702 1.03617 0.96269 0.20264 0.940205 0.77936 0.41137 0.40749 0.3206 0.6746 0.0234297 0.65117 0.202759 0.165608 0.07943 0.0655031 0.14187 0.156048 0.139657
internal_count=40000 38957 1043 974 15124 11897 647 327 6411 5187 3539 3227 2557 1456 517 23833 13196 3128 3361 2829 982 314 668 2588 1737 1608 1272 870 460 302
is_linear=0
shrinkage=0.05


Tree=99
num_leaves=31
num_cat=0
split_feature=2 4 0 8 10 0 10 10 8 5 4 8 5 0 0 8 8 8 8 8 10 5 0 1 10 8 4 0 10 5
split_gain=0.71703 0.355107 0.25677 0.138316 0.128055 0.0829377 0.0660116 0.0870001 0.0647757 0.0452938 0.0329403 0.0525764 0.0315748 0.0407257 0.0838548 0.0295168 0.028018 0.0194501 0.174369 0.0538491 0.0535395 0.0334779 0.0165022 0.0137782 0.0252855 0.0119987 0.011048 0.0173795 0.0257504 0.0056355
threshold=1.0000000180025095e-35 0.83750000000000013 0.25897045780994937 0.49748477445013023 0.5493055555555556 0.13946498727823683 0.71712962962962978 0.93819444444444466 0.30748477445013028 1.0000000180025095e-35 0.6708333333333335 0.54961388097663522 1.0000000180025095e-35 0.032132319418368957 0.021517604549630243 0.36038940265989322 0.38038940265989324 0.26748477445013025 0.42947770954758852 0.49000092162619041 0.74490740740740746 1.0000000180025095e-35 0.17478935992396441 0.21125633851107931 0.84583333333333344 0.30515468061544454 0.68750000000000011 0.14903427242723247 0.93425925925925923 1.0000000180025095e-35
decision_type=2 2 10 2 2 10 2 2 2 2 2 2 2 10 8 2 2 2 2 2 2 2 10 2 2 2 2 8 2 2
left_child=1 17 10 6 -4 9 -3 25 -6 -5 -2 23 13 14 -9 -15 -10 -1 26 -20 -21 22 -22 24 -12 -8 -19 28 -28 -27
right_child=2 3 4 5 8 -7 7 12 16 -11 11 -13 -14 15 -16 -17 -18 18 19 20 21 -23 -24 -25 -26 29 27 -29 -30 -31
leaf_value=-0.048933996403793978 -0.051720717169796461 -0.05023997687028782 -0.018575693500660725 0.027907876202495626 0.01379166436876054 -0.045645552518453883 -0.046469729633964549 -0.024589346209134187 0.025620045082206146 -0.050135894345321591 -0.051712365938775498 0.045065796058044602 -0.050134897037555852 -0.009516244389462053 0.0064878880296413161 0.018964711304792811 0.042097103947108742 -0.046516592296794633 -0.042897085400725871 -0.044254473314669106 0.013798637011147408 -0.050103059362803806 -0.019728619916558152 -0.053172373832913095 0.0033023498902182585 -0.022118480659100163 -0.046333355583578845 -0.03607065274993506 -0.082938106028899256 -0.050085481771596857
leaf_weight=0.2444249542288619 0.080911873823425018 0.095117287399262174 0.12973823460924894 0.49179491494032834 0.35066741330956563 0.04528014145716952 0.080875800749026783 0.20208326176816604 0.34628482502012037 0.019321369462659277 0.032678476789442357 0.031713718724859064 0.031118469836883267 0.12180397106931196 0.38867560360176867 0.35936734262577374 1.0119507223353137 0.21194698059457551 0.109065301787723 0.064770378184903166 0.26855219189383206 0.024658631647071161 0.013927618427260313 0.035851583652402041 0.057877355642631301 0.22999499396973988 0.078948543332217014 0.051518829507585906 0.12273975728885489 0.019543381127732573
leaf_count=11334 270 3388 53 558 128 534 2059 254 62 545 166 51 999 435 277 178 125 6969 2058 1810 1020 1084 245 68 120 772 1537 1581 510 810
internal_value=-4.62901e-09 -0.014574 0.0229765 -0.00213368 0.0293142 0.0192119 -0.00990336 -0.00722683 0.03295 0.0249576 -0.0257733 -0.0124959 -0.000485143 0.000956205 -0.0078394 0.011755 0.0378962 -0.0363604 -0.0331121 -0.0120032 -0.00294326 0.00576859 0.0106458 -0.0269372 -0.0165506 -0.0297332 -0.054939 -0.0619891 -0.0686096 -0.0243088
internal_weight=5.3532 3.27553 2.07767 2.08498 1.83864 0.556396 1.52858 1.43346 1.7089 0.511116 0.239033 0.158121 1.10305 1.07193 0.590759 0.481171 1.35824 1.19055 0.946128 0.480974 0.371909 0.307138 0.28248 0.126407 0.0905558 0.330414 0.465154 0.253207 0.201688 0.249538
internal_count=40000 38957 1043 10809 368 1637 9172 5784 315 1103 675 405 2143 1144 531 613 187 28148 16814 6217 4159 2349 1265 354 286 3641 10597 3628 2047 1582
is_linear=0
shrinkage=0.05


end of trees

feature_importances:
semantic_sim=524
hireability_score=446
behavioral_reliability_score=380
quality_score=378
seniority_alignment=341
bm25_score=306
startup_readiness_score=207
anti_skill_penalty=183
skill_coverage=140
title_similarity=86
keyword_stuffing_risk=9

parameters:
[boosting: gbdt]
[objective: lambdarank]
[metric: ndcg]
[tree_learner: serial]
[device_type: cpu]
[data_sample_strategy: bagging]
[data: ]
[valid: ]
[num_iterations: 100]
[learning_rate: 0.05]
[num_leaves: 31]
[num_threads: 0]
[seed: 0]
[deterministic: 0]
[force_col_wise: 0]
[force_row_wise: 0]
[histogram_pool_size: -1]
[max_depth: -1]
[min_data_in_leaf: 30]
[min_sum_hessian_in_leaf: 0.001]
[bagging_fraction: 1]
[pos_bagging_fraction: 1]
[neg_bagging_fraction: 1]
[bagging_freq: 0]
[bagging_seed: 3]
[bagging_by_query: 0]
[feature_fraction: 0.75]
[feature_fraction_bynode: 1]
[feature_fraction_seed: 2]
[extra_trees: 1]
[extra_seed: 6]
[early_stopping_round: 0]
[early_stopping_min_delta: 0]
[first_metric_only: 0]
[max_delta_step: 0]
[lambda_l1: 0]
[lambda_l2: 0]
[linear_lambda: 0]
[min_gain_to_split: 0]
[drop_rate: 0.1]
[max_drop: 50]
[skip_drop: 0.5]
[xgboost_dart_mode: 0]
[uniform_drop: 0]
[drop_seed: 4]
[top_rate: 0.2]
[other_rate: 0.1]
[min_data_per_group: 100]
[max_cat_threshold: 32]
[cat_l2: 10]
[cat_smooth: 10]
[max_cat_to_onehot: 4]
[top_k: 20]
[monotone_constraints: 0,0,0,0,0,-1,0,0,0,0,0]
[monotone_constraints_method: basic]
[monotone_penalty: 0]
[feature_contri: ]
[forcedsplits_filename: ]
[refit_decay_rate: 0.9]
[cegb_tradeoff: 1]
[cegb_penalty_split: 0]
[cegb_penalty_feature_lazy: ]
[cegb_penalty_feature_coupled: ]
[path_smooth: 0]
[interaction_constraints: ]
[verbosity: -1]
[saved_feature_importance_type: 0]
[use_quantized_grad: 0]
[num_grad_quant_bins: 4]
[quant_train_renew_leaf: 0]
[stochastic_rounding: 1]
[linear_tree: 0]
[max_bin: 255]
[max_bin_by_feature: ]
[min_data_in_bin: 3]
[bin_construct_sample_cnt: 200000]
[data_random_seed: 1]
[is_enable_sparse: 1]
[enable_bundle: 1]
[use_missing: 1]
[zero_as_missing: 0]
[feature_pre_filter: 1]
[pre_partition: 0]
[two_round: 0]
[header: 0]
[label_column: ]
[weight_column: ]
[group_column: ]
[ignore_column: ]
[categorical_feature: ]
[forcedbins_filename: ]
[precise_float_parser: 0]
[parser_config_file: ]
[objective_seed: 5]
[num_class: 1]
[is_unbalance: 0]
[scale_pos_weight: 1]
[sigmoid: 1]
[boost_from_average: 1]
[reg_sqrt: 0]
[alpha: 0.9]
[fair_c: 1]
[poisson_max_delta_step: 0.7]
[tweedie_variance_power: 1.5]
[lambdarank_truncation_level: 30]
[lambdarank_norm: 1]
[label_gain: ]
[lambdarank_position_bias_regularization: 0]
[eval_at: 10,20]
[multi_error_top_k: 1]
[auc_mu_weights: ]
[num_machines: 1]
[local_listen_port: 12400]
[time_out: 120]
[machine_list_filename: ]
[machines: ]
[gpu_platform_id: -1]
[gpu_device_id: -1]
[gpu_use_dp: 0]
[num_gpu: 1]

end of parameters

pandas_categorical:[]
